date,equity,gross_exposure,positions,BTC buy-and-hold,Equal-weight buy-and-hold (10 coins)
2020-01-01 00:00:00+00:00,200.0,0.0,0,200.01590528934324,201.17214899411584
2020-01-02 00:00:00+00:00,200.0,0.0,0,193.4844902522662,196.74364593702003
2020-01-03 00:00:00+00:00,200.0,0.0,0,204.01880662894163,202.3877398198938
2020-01-04 00:00:00+00:00,200.0,0.0,0,204.2729635039491,203.26375682240243
2020-01-05 00:00:00+00:00,200.0,0.0,0,204.40184742745015,203.91871535298782
2020-01-06 00:00:00+00:00,200.0,0.0,0,215.49169795714738,214.54972143582404
2020-01-07 00:00:00+00:00,200.0,0.0,0,226.24906129626106,216.60001711762274
2020-01-08 00:00:00+00:00,200.0,0.0,0,223.76860130301884,214.40480493831012
2020-01-09 00:00:00+00:00,200.0,0.0,0,217.15163400637647,212.9887021158169
2020-01-10 00:00:00+00:00,200.0,0.0,0,227.68622815012841,218.63816871177534
2020-01-11 00:00:00+00:00,200.0,0.0,0,222.76947312880918,217.6056364009345
2020-01-12 00:00:00+00:00,200.0,0.0,0,227.3517965900093,220.255366810876
2020-01-13 00:00:00+00:00,200.0,0.0,0,225.27854313093204,217.46153806880244
2020-01-14 00:00:00+00:00,200.0,0.0,0,244.7130721731694,234.23453818226682
2020-01-15 00:00:00+00:00,200.0,0.0,0,245.0297266403918,236.79109882054533
2020-01-16 00:00:00+00:00,200.0,0.0,0,242.21316848457138,234.82322548368614
2020-01-17 00:00:00+00:00,200.0,0.0,0,247.58157277229733,244.69690686013422
2020-01-18 00:00:00+00:00,200.0,0.0,0,247.65601434880222,246.4697831646748
2020-01-19 00:00:00+00:00,200.0,0.0,0,241.70457696747997,238.7208157618265
2020-01-20 00:00:00+00:00,200.0,0.0,0,240.05602936838784,239.83930728345558
2020-01-21 00:00:00+00:00,200.0,0.0,0,242.65815134114183,243.17862626879406
2020-01-22 00:00:00+00:00,200.0,0.0,0,241.1673754415079,241.67651916451538
2020-01-23 00:00:00+00:00,200.0,0.0,0,233.44989498772938,233.33232444281157
2020-01-24 00:00:00+00:00,200.0,0.0,0,234.4076358675389,234.728076457511
2020-01-25 00:00:00+00:00,200.0,0.0,0,231.67385230051872,231.68126816197142
2020-01-26 00:00:00+00:00,200.0,0.0,0,239.29633641413054,238.42396913575942
2020-01-27 00:00:00+00:00,200.0,0.0,0,247.4229677716096,242.7776425525861
2020-01-28 00:00:00+00:00,200.0,0.0,0,260.3846906299137,250.75669744178336
2020-01-29 00:00:00+00:00,200.0,0.0,0,258.3658795178326,250.7227066126435
2020-01-30 00:00:00+00:00,200.0,0.0,0,264.24565299341504,258.3816787320114
2020-01-31 00:00:00+00:00,200.0,0.0,0,259.7924912227925,253.60106795212647
2020-02-01 00:00:00+00:00,200.0,0.0,0,260.67356838948507,256.32969261800326
2020-02-02 00:00:00+00:00,200.0,0.0,0,259.1986252132122,258.0135004519
2020-02-03 00:00:00+00:00,200.0,0.0,0,258.10783390375394,258.3985638499944
2020-02-04 00:00:00+00:00,200.0,0.0,0,255.4629358012173,259.00419244964263
2020-02-05 00:00:00+00:00,200.0,0.0,0,266.9908250105722,268.9093749305963
2020-02-06 00:00:00+00:00,200.0,0.0,0,271.4339871664404,275.2835389376731
2020-02-07 00:00:00+00:00,200.0,0.0,0,272.5931091767203,284.41922086356294
2020-02-08 00:00:00+00:00,200.0,0.0,0,274.8519110429068,289.1145042298821
2020-02-09 00:00:00+00:00,200.0,0.0,0,281.98219189694134,297.5137980585218
2020-02-10 00:00:00+00:00,200.0,0.0,0,273.65140173822675,291.2340825256058
2020-02-11 00:00:00+00:00,200.0,0.0,0,283.96350445369353,305.34684036610645
2020-02-12 00:00:00+00:00,200.0,0.0,0,286.83506049066307,316.8457483441847
2020-02-13 00:00:00+00:00,200.0,0.0,0,284.14544188880814,316.44028241932875
2020-02-14 00:00:00+00:00,200.0,0.0,0,287.3322635576176,329.9869903330208
2020-02-15 00:00:00+00:00,200.0,0.0,0,275.1205118058928,312.48903630513524
2020-02-16 00:00:00+00:00,200.0,0.0,0,275.469109486914,306.96058549911737
2020-02-17 00:00:00+00:00,200.0,0.0,0,269.6007244614685,304.5189875834114
2020-02-18 00:00:00+00:00,200.0,0.0,0,282.34217802809945,315.67991040702327
2020-02-19 00:00:00+00:00,200.0,0.0,0,266.4839000959398,298.0981759242146
2020-02-20 00:00:00+00:00,200.0,0.0,0,266.55695283706217,296.70851368134566
2020-02-21 00:00:00+00:00,200.0,0.0,0,268.79658877496945,298.9305055819882
2020-02-22 00:00:00+00:00,200.0,0.0,0,268.0691168015875,295.32117495620435
2020-02-23 00:00:00+00:00,200.0,0.0,0,276.00047790427936,304.5429363467627
2020-02-24 00:00:00+00:00,200.0,0.0,0,268.21550005090864,293.8966773735871
2020-02-25 00:00:00+00:00,200.0,0.0,0,258.76336420431966,277.8797498868052
2020-02-26 00:00:00+00:00,200.0,0.0,0,244.02532089172843,263.58336393699335
2020-02-27 00:00:00+00:00,200.0,0.0,0,245.07972471416372,270.6129527569827
2020-02-28 00:00:00+00:00,200.0,0.0,0,241.46041970722686,270.834575305248
2020-02-29 00:00:00+00:00,200.0,0.0,0,236.75782310189754,265.5520989419879
2020-03-01 00:00:00+00:00,200.0,0.0,0,236.987536474172,262.46787218275875
2020-03-02 00:00:00+00:00,200.0,0.0,0,247.63601511929346,275.73582968271126
2020-03-03 00:00:00+00:00,200.0,0.0,0,243.325903393074,278.18346164346144
2020-03-04 00:00:00+00:00,200.0,0.0,0,243.070357682684,278.6551994254979
2020-03-05 00:00:00+00:00,200.0,0.0,0,251.5091992341613,284.39590907080094
2020-03-06 00:00:00+00:00,200.0,0.0,0,253.65356106482534,288.7997005315525
2020-03-07 00:00:00+00:00,200.0,0.0,0,246.84215681462533,278.03103528002805
2020-03-08 00:00:00+00:00,200.0,0.0,0,223.13890334056867,252.36184920463865
2020-03-09 00:00:00+00:00,200.0,0.0,0,220.26568070114,253.2317351775244
2020-03-10 00:00:00+00:00,200.0,0.0,0,219.2848851539801,252.80124800749556
2020-03-11 00:00:00+00:00,200.0,0.0,0,220.3948423917176,246.7222249764542
2020-03-12 00:00:00+00:00,200.0,0.0,0,133.32819672522652,170.1260778781385
2020-03-13 00:00:00+00:00,200.0,0.0,0,154.95514130236432,190.7379385915504
2020-03-14 00:00:00+00:00,200.0,0.0,0,143.66279857389065,179.62153833617356
2020-03-15 00:00:00+00:00,200.0,0.0,0,148.91926272978273,181.85001438120753
2020-03-16 00:00:00+00:00,200.0,0.0,0,139.68822947609635,170.1020177110408
2020-03-17 00:00:00+00:00,200.0,0.0,0,147.56764813548074,175.6695264316208
2020-03-18 00:00:00+00:00,200.0,0.0,0,149.80089543062826,177.4580182214287
2020-03-19 00:00:00+00:00,200.0,0.0,0,171.17034992784045,194.4552908204986
2020-03-20 00:00:00+00:00,200.0,0.0,0,172.44780071271404,192.66970741812406
2020-03-21 00:00:00+00:00,200.0,0.0,0,171.85393470313375,193.12938369625996
2020-03-22 00:00:00+00:00,200.0,0.0,0,161.55460927318651,182.74442005423407
2020-03-23 00:00:00+00:00,200.0,0.0,0,179.6405791589635,194.4406800942923
2020-03-24 00:00:00+00:00,200.0,0.0,0,187.34611562845208,198.0892696208371
2020-03-25 00:00:00+00:00,200.0,0.0,0,185.4770209706103,195.91656781489604
2020-03-26 00:00:00+00:00,200.0,0.0,0,187.14167906014004,200.90368597921966
2020-03-27 00:00:00+00:00,200.0,0.0,0,176.63513939111567,193.1876839172453
2020-03-28 00:00:00+00:00,200.0,0.0,0,173.23360377216335,193.48287700924823
2020-03-29 00:00:00+00:00,200.0,0.0,0,163.36648391326705,185.68653672091025
2020-03-30 00:00:00+00:00,200.0,0.0,0,177.6148238699696,193.614627109877
2020-03-31 00:00:00+00:00,200.0,0.0,0,178.06091779484606,196.65537824892775
2020-04-01 00:00:00+00:00,200.0,0.0,0,184.51844678957121,199.17106071558777
2020-04-02 00:00:00+00:00,200.0,0.0,0,188.71745168518632,202.145381011608
2020-04-03 00:00:00+00:00,200.0,0.0,0,187.0511269931975,202.6549702056122
2020-04-04 00:00:00+00:00,200.0,0.0,0,190.4646065964398,204.64020861565618
2020-04-05 00:00:00+00:00,200.0,0.0,0,188.1255300451416,202.7741196497438
2020-04-06 00:00:00+00:00,200.0,0.0,0,203.60048941171624,220.03262453805024
2020-04-07 00:00:00+00:00,200.0,0.0,0,199.91785351133487,219.01936029813797
2020-04-08 00:00:00+00:00,200.0,0.0,0,204.4721224978074,228.00573578134012
2020-04-09 00:00:00+00:00,200.0,0.0,0,202.31276124501176,228.2497227173042
2020-04-10 00:00:00+00:00,200.0,0.0,0,190.5182156422064,219.0155515722001
2020-04-11 00:00:00+00:00,200.0,0.0,0,191.01569647623742,220.2881555496042
2020-04-12 00:00:00+00:00,200.0,0.0,0,191.76455651451076,222.69531936411806
2020-04-13 00:00:00+00:00,200.0,0.0,0,189.93462701445702,222.1538058759117
2020-04-14 00:00:00+00:00,200.0,0.0,0,190.78987184303406,222.06544856713614
2020-04-15 00:00:00+00:00,200.0,0.0,0,183.9162477676956,215.55310186746675
2020-04-16 00:00:00+00:00,200.0,0.0,0,197.26851113557402,229.23484524983914
2020-04-17 00:00:00+00:00,200.0,0.0,0,195.20220185340952,227.86378107716124
2020-04-18 00:00:00+00:00,200.0,0.0,0,201.34224307968273,238.85959983546414
2020-04-19 00:00:00+00:00,200.0,0.0,0,197.7907132394145,232.98163592971198
2020-04-20 00:00:00+00:00,200.0,0.0,0,189.62686109368298,225.02486961260954
2020-04-21 00:00:00+00:00,200.0,0.0,0,190.0307344229298,225.93513402650663
2020-04-22 00:00:00+00:00,200.0,0.0,0,197.9129307530793,234.130699874066
2020-04-23 00:00:00+00:00,200.0,0.0,0,207.8361595614308,240.4769616845647
2020-04-24 00:00:00+00:00,200.0,0.0,0,208.4641909214219,241.79466789853367
2020-04-25 00:00:00+00:00,200.0,0.0,0,209.39943266803408,244.34452269759706
2020-04-26 00:00:00+00:00,200.0,0.0,0,213.68898963059172,249.9879940170347
2020-04-27 00:00:00+00:00,200.0,0.0,0,215.95334683830848,249.06486160412015
2020-04-28 00:00:00+00:00,200.0,0.0,0,214.96338497762366,250.59716941916685
2020-04-29 00:00:00+00:00,200.0,0.0,0,243.83977248461915,266.47519906115116
2020-04-30 00:00:00+00:00,200.0,0.0,0,239.43521995238598,257.3588797188472
2020-05-01 00:00:00+00:00,200.0,0.0,0,245.1838873678553,263.36896786295813
2020-05-02 00:00:00+00:00,200.0,0.0,0,249.2140098809518,266.1158346531123
2020-05-03 00:00:00+00:00,200.0,0.0,0,247.0504821220085,261.3882463461817
2020-05-04 00:00:00+00:00,200.0,0.0,0,246.4338392121543,260.8272572512116
2020-05-05 00:00:00+00:00,200.0,0.0,0,250.596734387823,260.19241049363325
2020-05-06 00:00:00+00:00,200.0,0.0,0,253.96021591729337,256.8874979391373
2020-05-07 00:00:00+00:00,200.0,0.0,0,277.3893132868338,268.03285083804184
2020-05-08 00:00:00+00:00,200.0,0.0,0,272.21201274774734,268.0233852716532
2020-05-09 00:00:00+00:00,200.0,0.0,0,264.97312496679706,268.4505477052315
2020-05-10 00:00:00+00:00,200.0,0.0,0,242.28983219768838,251.87167683943298
2020-05-11 00:00:00+00:00,200.0,0.0,0,237.8108380889503,247.98646217257757
2020-05-12 00:00:00+00:00,200.0,0.0,0,244.73473800513725,254.14185749399175
2020-05-13 00:00:00+00:00,200.0,0.0,0,258.58364890581714,260.22364499363425
2020-05-14 00:00:00+00:00,200.0,0.0,0,271.9889657853091,263.35411823874404
2020-05-15 00:00:00+00:00,200.0,0.0,0,258.7794746947573,256.1544057570968
2020-05-16 00:00:00+00:00,200.0,0.0,0,260.5807941859304,259.6334030431711
2020-05-17 00:00:00+00:00,200.0,0.0,0,268.87964113084627,262.62630990488634
2020-05-18 00:00:00+00:00,200.0,0.0,0,270.3765279061634,268.0379121175976
2020-05-19 00:00:00+00:00,200.0,0.0,0,271.5320389444487,271.13437099014004
2020-05-20 00:00:00+00:00,200.0,0.0,0,264.19621045379614,270.0786350771879
2020-05-21 00:00:00+00:00,200.0,0.0,0,251.89723984004698,259.09358323759443
2020-05-22 00:00:00+00:00,200.0,0.0,0,254.71240916048487,267.3138261808383
2020-05-23 00:00:00+00:00,200.0,0.0,0,254.96656603549232,264.94348143180025
2020-05-24 00:00:00+00:00,200.0,0.0,0,242.22233479809626,256.6966354264483
2020-05-25 00:00:00+00:00,200.0,0.0,0,247.22241994236876,262.0999444663841
2020-05-26 00:00:00+00:00,200.0,0.0,0,245.57887215065384,259.98330513593487
2020-05-27 00:00:00+00:00,200.0,0.0,0,255.65876159015744,264.21473513124556
2020-05-28 00:00:00+00:00,200.0,0.0,0,265.9866970289853,276.68227207489326
2020-05-29 00:00:00+00:00,200.0,0.0,0,261.85296739635027,275.0528386295892
2020-05-30 00:00:00+00:00,200.0,0.0,0,269.3707333221175,291.9185629313146
2020-05-31 00:00:00+00:00,200.0,0.0,0,262.4418335985534,285.0353175474577
2020-06-01 00:00:00+00:00,200.0,0.0,0,283.3438061059977,299.75883816197177
2020-06-02 00:00:00+00:00,200.0,0.0,0,264.37981449136987,292.50574875222276
2020-06-03 00:00:00+00:00,200.0,0.0,0,268.4963225652612,299.9460332418654
2020-06-04 00:00:00+00:00,200.0,0.0,0,271.90785779896794,301.6111439748784
2020-06-05 00:00:00+00:00,200.0,0.0,0,267.2441485843501,297.45744738668475
2020-06-06 00:00:00+00:00,200.0,0.0,0,268.4979891677202,298.2962377265984
2020-06-07 00:00:00+00:00,200.0,0.0,0,270.7392917080866,298.96113890021786
2020-06-08 00:00:00+00:00,200.0,0.0,0,271.71203201002777,300.6473014066853
2020-06-09 00:00:00+00:00,200.0,0.0,0,271.4459311507303,297.0220613960081
2020-06-10 00:00:00+00:00,200.0,0.0,0,274.57275513101337,298.59447775095254
2020-06-11 00:00:00+00:00,200.0,0.0,0,257.77895768516504,279.40248383095513
2020-06-12 00:00:00+00:00,200.0,0.0,0,262.91014888955067,286.6192331379327
2020-06-13 00:00:00+00:00,200.0,0.0,0,263.13819565936615,287.2056117502259
2020-06-14 00:00:00+00:00,200.0,0.0,0,259.49278054723726,281.4667760219488
2020-06-15 00:00:00+00:00,200.0,0.0,0,261.82380185331664,282.26779720698624
2020-06-16 00:00:00+00:00,200.0,0.0,0,264.58952863413555,285.4268397244394
2020-06-17 00:00:00+00:00,200.0,0.0,0,262.9104266566272,288.89834416713745
2020-06-18 00:00:00+00:00,200.0,0.0,0,260.7210665595684,286.0287241703587
2020-06-19 00:00:00+00:00,200.0,0.0,0,258.60753687439706,283.08214001028864
2020-06-20 00:00:00+00:00,200.0,0.0,0,259.96081807115814,284.1305537647395
2020-06-21 00:00:00+00:00,200.0,0.0,0,258.17588683749915,282.7535191046966
2020-06-22 00:00:00+00:00,200.0,0.0,0,269.0365795290749,294.2656279572017
2020-06-23 00:00:00+00:00,200.0,0.0,0,267.34775570388865,296.9936562746419
2020-06-24 00:00:00+00:00,200.0,0.0,0,258.22588491127107,291.89698591063063
2020-06-25 00:00:00+00:00,200.0,0.0,0,256.9203796516699,291.67007756059104
2020-06-26 00:00:00+00:00,200.0,0.0,0,254.49602860788286,288.2657712711011
2020-06-27 00:00:00+00:00,200.0,0.0,0,250.3236893516128,279.16543838863925
2020-06-28 00:00:00+00:00,200.0,0.0,0,253.22218879500394,284.314338894637
2020-06-29 00:00:00+00:00,200.0,0.0,0,255.3390516850934,287.88862140853587
2020-06-30 00:00:00+00:00,200.0,0.0,0,253.83883170485808,285.96598774553354
2020-07-01 00:00:00+00:00,200.0,0.0,0,256.43456503485237,297.86030673152084
2020-07-02 00:00:00+00:00,200.0,0.0,0,252.394165139925,294.61634548968163
2020-07-03 00:00:00+00:00,200.0,0.0,0,251.60863984755218,295.6851047718528
2020-07-04 00:00:00+00:00,200.0,0.0,0,253.75300167821624,300.16167282468746
2020-07-05 00:00:00+00:00,200.0,0.0,0,251.91835013786184,297.503749490264
2020-07-06 00:00:00+00:00,200.0,0.0,0,259.5511116333046,317.23869461503665
2020-07-07 00:00:00+00:00,200.0,0.0,0,257.1398156421135,333.8455511920272
2020-07-08 00:00:00+00:00,200.0,0.0,0,262.10267999813357,370.726380366464
2020-07-09 00:00:00+00:00,200.0,0.0,0,256.44650901914235,355.72046150326855
2020-07-10 00:00:00+00:00,200.0,0.0,0,257.9995047439147,345.6283171149662
2020-07-11 00:00:00+00:00,200.0,0.0,0,256.4909517513841,352.08261621399413
2020-07-12 00:00:00+00:00,200.0,0.0,0,258.3997671011669,367.1171357981219
2020-07-13 00:00:00+00:00,200.0,0.0,0,256.72955367010695,358.16911312481966
2020-07-14 00:00:00+00:00,200.0,0.0,0,257.09703951233087,375.1222690860799
2020-07-15 00:00:00+00:00,200.0,0.0,0,255.47904629165492,376.54135221701347
2020-07-16 00:00:00+00:00,200.0,0.0,0,253.70467020690333,367.37851426379706
2020-07-17 00:00:00+00:00,200.0,0.0,0,254.27687038451577,364.50864094083505
2020-07-18 00:00:00+00:00,200.0,0.0,0,254.72018663862718,366.674788180375
2020-07-19 00:00:00+00:00,200.04966711386052,60.07546535197031,3,255.7954229918008,369.8556008813621
2020-07-20 00:00:00+00:00,195.9603481312284,55.98614636933816,3,254.45630791594184,352.9028639665663
2020-07-21 00:00:00+00:00,197.5084735355604,57.534271773670184,3,260.8232848437244,360.9310965781314
2020-07-22 00:00:00+00:00,199.77988470309145,99.32455045583553,5,264.38314769628795,367.0799550165462
2020-07-23 00:00:00+00:00,203.14170526159862,122.67866867393997,6,266.7472232844721,375.82632039518086
2020-07-24 00:00:00+00:00,201.42792505159957,120.96488846394094,6,264.9286822345553,368.8400053958661
2020-07-25 00:00:00+00:00,209.64033130243743,129.17729471477878,6,269.4457304327754,391.65807544506583
2020-07-26 00:00:00+00:00,210.15039805968271,129.68736147202407,6,275.8654831050951,393.7608770642198
2020-07-27 00:00:00+00:00,209.14434552029633,128.68130893263768,6,306.37597432320405,388.5258471540777
2020-07-28 00:00:00+00:00,211.68114569973932,152.1445379483161,7,302.94027335384095,396.66724721968217
2020-07-29 00:00:00+00:00,211.08351137067967,151.54690361925645,7,308.33617658214143,390.76501146197444
2020-07-30 00:00:00+00:00,213.9288387417213,154.3922309902981,7,308.31062201110245,398.390963894589
2020-07-31 00:00:00+00:00,218.23852085335304,158.70191310192982,7,314.8617585106117,406.72005728039414
2020-08-01 00:00:00+00:00,231.5664322846727,172.02982453324947,7,327.79764903080036,432.9633956085918
2020-08-02 00:00:00+00:00,224.01377069106707,164.47716293964385,7,307.52565225288265,416.87900746787335
2020-08-03 00:00:00+00:00,232.03803644398715,172.50142869256393,7,311.6493822707633,436.837235839712
2020-08-04 00:00:00+00:00,235.16423623958067,175.62762848815746,7,310.87607872975695,449.0561812860147
2020-08-05 00:00:00+00:00,237.01171238198987,177.47510463056665,7,326.23493145835005,448.88230058724145
2020-08-06 00:00:00+00:00,238.5275944237335,178.99098667231027,7,326.72241267762666,457.2363138532361
2020-08-07 00:00:00+00:00,234.10361265782885,174.56700490640563,7,322.04953714948397,447.65594155122625
2020-08-08 00:00:00+00:00,244.48004192248044,184.94343417105722,7,326.69324713459304,486.07713009796544
2020-08-09 00:00:00+00:00,244.68188802427528,185.14528027285206,7,324.4786102335717,494.1577359066808
2020-08-10 00:00:00+00:00,245.52305148681324,185.98644373539003,7,330.34616195778773,492.25889395532437
2020-08-11 00:00:00+00:00,237.67793857494954,178.14133082352632,7,316.43447569781637,477.635401975716
2020-08-12 00:00:00+00:00,247.8862627863837,188.34965503496048,7,321.21901359071643,522.5937945478145
2020-08-13 00:00:00+00:00,255.1923801173822,195.655772365959,7,327.20961612982677,540.553812941193
2020-08-14 00:00:00+00:00,258.02531204796634,198.48870429654312,7,326.6690813989366,540.4196367636193
2020-08-15 00:00:00+00:00,263.0864653169947,203.54985756557147,7,329.2206497637656,563.3213753387437
2020-08-16 00:00:00+00:00,263.3527047553626,203.81609700393938,7,330.84836483211944,561.9032357024685
2020-08-17 00:00:00+00:00,260.4696270431466,200.9330192917234,7,341.1293576350169,540.6987134290605
2020-08-18 00:00:00+00:00,255.07710657716865,174.7890715690101,6,331.79305065933295,537.2297739300092
2020-08-19 00:00:00+00:00,250.43832411755497,170.15028910939643,6,326.5038099884126,522.609676817446
2020-08-20 00:00:00+00:00,252.72282024522022,172.43478523706167,6,329.25259297756435,528.5928199934458
2020-08-21 00:00:00+00:00,240.1516455600677,159.86361055190915,6,320.302660005307,485.6971547037789
2020-08-22 00:00:00+00:00,246.68862481934434,146.34342882321303,5,323.95863026634333,528.1982835381499
2020-08-23 00:00:00+00:00,243.8573890413395,168.19291589407018,6,323.5467016918777,513.7710914005157
2020-08-24 00:00:00+00:00,246.7027625528914,171.03828940562207,6,326.3263168265222,525.967280493209
2020-08-25 00:00:00+00:00,237.91927347054175,162.25480032327243,6,314.38844341223717,506.9017127899302
2020-08-26 00:00:00+00:00,242.09426795987147,166.42979481260215,6,318.36079037341943,529.7285516436101
2020-08-27 00:00:00+00:00,239.12200451636951,163.4575313691002,6,314.7206528357442,511.3619213663264
2020-08-28 00:00:00+00:00,242.599897209049,143.93638023681308,5,320.1796091904127,531.9767091320058
2020-08-29 00:00:00+00:00,245.92471322766016,147.26119625542424,5,318.48328565416074,549.9043434763948
2020-08-30 00:00:00+00:00,250.78429491981956,152.1207779475836,5,325.29746757512584,560.5675477508619
2020-08-31 00:00:00+00:00,248.08571214009925,149.42219516786332,5,323.58503354843623,558.0794864343901
2020-09-01 00:00:00+00:00,256.2048277622494,157.54131079001345,5,331.15307531505186,572.5127953513174
2020-09-02 00:00:00+00:00,247.387735604049,148.72421863181307,5,316.33614615273154,540.3887612315058
2020-09-03 00:00:00+00:00,225.01954437188317,126.35602739964723,5,281.6794257835445,460.36227436629974
2020-09-04 00:00:00+00:00,228.7558822173262,130.09236524509024,5,290.162432300187,469.2705494279958
2020-09-05 00:00:00+00:00,216.45881318137145,117.7952962091355,5,282.39717590924863,413.01080627161963
2020-09-06 00:00:00+00:00,223.63279493811646,84.03062884933814,3,284.8834690110976,457.8554744309294
2020-09-07 00:00:00+00:00,222.35640266843666,105.12959968966099,4,288.14001021611125,451.6135559871854
2020-09-08 00:00:00+00:00,220.0371867930631,79.06822535293901,3,281.284996534899,432.4347030207522
2020-09-09 00:00:00+00:00,223.76714685706102,82.79818541693692,3,283.8557308280073,457.21119457955103
2020-09-10 00:00:00+00:00,225.59475376085652,84.62579232073243,3,287.1242160173109,462.980561789316
2020-09-11 00:00:00+00:00,226.25654036968575,55.720261828942995,2,288.5413836416694,464.5125720535151
2020-09-12 00:00:00+00:00,229.95251373621767,59.416235195474904,2,290.0143824484067,479.86522549069304
2020-09-13 00:00:00+00:00,230.88662399708926,60.3503454563465,2,287.0119981184005,471.5485805162814
2020-09-14 00:00:00+00:00,231.14688223753123,60.61060369678847,2,296.4266354096606,476.75021157175325
2020-09-15 00:00:00+00:00,224.1311785716029,53.59490003086013,2,299.5804027963652,448.20464354879323
2020-09-16 00:00:00+00:00,224.36828189265958,53.83200335191684,2,304.2663333771039,444.2750263295959
2020-09-17 00:00:00+00:00,224.31578241924956,53.779503878506816,2,303.8769039358356,457.1117252868127
2020-09-18 00:00:00+00:00,224.81197068040154,26.672901322347194,1,303.6935776653384,445.3646534001477
2020-09-19 00:00:00+00:00,224.401195063743,26.262125705688653,1,307.7839756340378,442.12733347969663
2020-09-20 00:00:00+00:00,223.54440690913793,25.405337551083594,1,303.3294250280327,428.15777148037586
2020-09-21 00:00:00+00:00,220.46209342178804,22.32302406373371,1,289.3560744770759,390.38948459367396
2020-09-22 00:00:00+00:00,221.35373233963958,23.214662981585235,1,292.4778986499818,501.5776075273974
2020-09-23 00:00:00+00:00,220.18203230218137,22.04296294412703,1,284.4740403403205,433.98838997043237
2020-09-24 00:00:00+00:00,220.17789164967462,0.0,0,298.21962188853837,504.69243804589325
2020-09-25 00:00:00+00:00,220.26773271004544,22.118639119920775,1,296.8405083536618,527.6541440640882
2020-09-26 00:00:00+00:00,221.61801201093837,23.468918420813704,1,298.00518570547194,518.9001216686195
2020-09-27 00:00:00+00:00,221.66387528558724,23.51478169546258,1,299.2731924097442,531.6556656530656
2020-09-28 00:00:00+00:00,222.3218162080404,24.172722617915717,1,297.1029982409646,514.4864338421943
2020-09-29 00:00:00+00:00,224.03192514616873,25.882831556044078,1,301.1128437574758,516.6980295293502
2020-09-30 00:00:00+00:00,224.3642547339565,26.215161143831843,1,299.3381899056477,516.3733476498167
2020-10-01 00:00:00+00:00,222.75339678862298,24.60430319849832,1,294.9644695189072,502.7320391486278
2020-10-02 00:00:00+00:00,222.63658876100163,24.487495170876958,1,293.61091055506967,483.15702938580057
2020-10-03 00:00:00+00:00,223.39781162812304,25.248718037998366,1,292.82371866023783,486.42738664318006
2020-10-04 00:00:00+00:00,224.0965995295603,25.947505939435658,1,296.283863132334,494.1274163085718
2020-10-05 00:00:00+00:00,223.78218528343228,25.633091693307613,1,299.7720620791577,498.3104885418553
2020-10-06 00:00:00+00:00,222.94500136767365,24.795907777549,1,294.42365702094054,463.73497077032044
2020-10-07 00:00:00+00:00,222.95270496458735,24.80361137446268,1,296.2771967224977,466.75867323576057
2020-10-08 00:00:00+00:00,222.9998223131524,24.850728723027736,1,303.4763638115069,491.697492213515
2020-10-09 00:00:00+00:00,223.59568657675462,25.44659298662995,1,306.9503966374286,518.6401318921304
2020-10-10 00:00:00+00:00,223.62596350415953,25.476869914034875,1,313.6884703794297,517.8307927113947
2020-10-11 00:00:00+00:00,223.70273074317143,25.553637153046765,1,315.7939448193823,525.3762709369548
2020-10-12 00:00:00+00:00,225.60462341376706,27.455529823642404,1,320.21682997866515,548.2637041949954
2020-10-13 00:00:00+00:00,225.6720746751159,27.522981084991244,1,317.2255563317194,541.9153727074831
2020-10-14 00:00:00+00:00,224.596363098623,94.17800162061906,4,317.15139252229096,529.4919441036396
2020-10-15 00:00:00+00:00,225.11373393860055,72.81235105023269,3,319.5743547306955,525.8354469358205
2020-10-16 00:00:00+00:00,222.34644278122968,92.56727777195599,4,314.4134424491232,513.047956751229
2020-10-17 00:00:00+00:00,223.14522061214112,93.36605560286742,4,315.5489542578997,519.8274980618303
2020-10-18 00:00:00+00:00,224.66829889005209,94.88913388077839,4,319.5193568495463,526.5895114825016
2020-10-19 00:00:00+00:00,224.81526416640372,95.03609915713002,4,326.4171466605412,523.3448344842394
2020-10-20 00:00:00+00:00,222.2290666321809,92.44990162290718,4,330.8203103573918,496.79967675642365
2020-10-21 00:00:00+00:00,226.79258253673447,97.01341752746077,4,355.0129894202607,523.5011447672636
2020-10-22 00:00:00+00:00,230.3894881088801,100.6103230996064,4,360.22278870729895,556.7314924032719
2020-10-23 00:00:00+00:00,229.44611108744147,99.66694607816775,4,358.96033734455693,554.2617148371588
2020-10-24 00:00:00+00:00,230.08840344261847,95.83124694856497,4,364.2006910100113,560.2558600952284
2020-10-25 00:00:00+00:00,228.94764026228177,94.69048376822828,4,361.8980019457361,549.0416260939927
2020-10-26 00:00:00+00:00,226.89314098043715,138.44741804592064,6,362.54686583646554,543.7676110521443
2020-10-27 00:00:00+00:00,229.74398193093054,141.29825899641403,6,378.7679075705484,549.6525022279534
2020-10-28 00:00:00+00:00,224.86620369057994,136.42048075606343,6,368.49691438240524,529.3106565941686
2020-10-29 00:00:00+00:00,223.80175005683736,113.27229237064564,5,373.7550451407564,514.6044638847467
2020-10-30 00:00:00+00:00,221.91600392802437,111.38654624183265,5,376.6549334195301,507.5922335561631
2020-10-31 00:00:00+00:00,222.81759150712068,112.28813382092896,5,383.0685752161665,510.08510264154575
2020-11-01 00:00:00+00:00,225.12489334061578,114.59543565442407,5,382.24916234045935,520.4245040199344
2020-11-02 00:00:00+00:00,220.5937549032699,110.06429721707819,5,376.3568893464339,498.68749613139596
2020-11-03 00:00:00+00:00,220.754984034749,113.26601827035807,5,389.5274930462742,488.9381833103636
2020-11-04 00:00:00+00:00,222.33117723555424,136.93072450053856,6,392.8740307840774,490.74278294653084
2020-11-05 00:00:00+00:00,226.55268256901766,76.66265340438008,3,433.03942781462837,511.80672709239394
2020-11-06 00:00:00+00:00,232.3314893599212,105.10818061072138,4,432.7588830673524,555.8498146402252
2020-11-07 00:00:00+00:00,225.23241870918375,144.49630789555306,6,411.60358698613004,530.799571651738
2020-11-08 00:00:00+00:00,231.64768971382853,150.91157890019784,6,429.84732857136527,555.021892722866
2020-11-09 00:00:00+00:00,229.85392747714093,127.55359586220108,5,425.772763326027,546.4878305456913
2020-11-10 00:00:00+00:00,231.51381315360481,129.21348153866498,5,424.906130047313,560.5825686482091
2020-11-11 00:00:00+00:00,232.69120148922104,153.5537370189775,6,435.65654920951397,557.0625059640646
2020-11-12 00:00:00+00:00,232.9264091281194,153.78894465787585,6,452.5342323124686,551.0337422516434
2020-11-13 00:00:00+00:00,236.40013120884797,157.26266673860442,6,453.335312561126,569.7204286330311
2020-11-14 00:00:00+00:00,233.72724273631806,154.58977826607452,6,446.384191471441,555.4292748138873
2020-11-15 00:00:00+00:00,231.19998090429533,152.0625164340518,6,443.23292398842494,546.9957297860481
2020-11-16 00:00:00+00:00,237.86223193573528,158.72476746549174,6,464.24794769600925,568.732281846167
2020-11-17 00:00:00+00:00,245.50812549634333,166.37066102609978,6,490.51943555948566,595.8820785549991
2020-11-18 00:00:00+00:00,244.16017946688368,165.02271499664013,6,493.7620884106737,589.3833653998489
2020-11-19 00:00:00+00:00,244.6674911154336,165.53002664519005,6,494.5037265049578,587.7759352686282
2020-11-20 00:00:00+00:00,255.32051007719292,176.18304560694938,6,518.1930916251889,620.2156133702402
2020-11-21 00:00:00+00:00,280.28992822948703,201.15246375924352,6,519.5299845644358,687.2459801957309
2020-11-22 00:00:00+00:00,277.9857119260465,198.848247455803,6,511.49223867144025,673.1733894312631
2020-11-23 00:00:00+00:00,302.2823062118884,223.14484174164485,6,510.2025661352002,725.6948813549466
2020-11-24 00:00:00+00:00,319.0081548246261,239.8706903543826,6,532.201996361939,760.3756537266138
2020-11-25 00:00:00+00:00,297.47533755194473,250.2532060915678,7,519.955245958574,704.2414428615028
2020-11-26 00:00:00+00:00,269.51023382427746,222.28810236390052,7,476.3558145611189,626.511270970655
2020-11-27 00:00:00+00:00,272.43339532149366,198.70135588549618,6,476.0794363199906,631.2933677423291
2020-11-28 00:00:00+00:00,287.53442194033045,213.80238250433297,6,492.19909307114693,667.0256229711665
2020-11-29 00:00:00+00:00,290.2663234363836,216.53428400038612,6,505.1191508679745,683.1628588450194
2020-11-30 00:00:00+00:00,304.9588600163747,231.22682058037722,6,547.0864229238515,718.430600583687
2020-12-01 00:00:00+00:00,287.78039566674,244.55442172657428,7,521.2288080043764,674.52504785333
2020-12-02 00:00:00+00:00,293.26936820316007,220.83090842001803,6,533.4263936351991,697.991186325177
2020-12-03 00:00:00+00:00,296.6214793984004,224.1830196152584,6,539.4764383286828,707.0968556699524
2020-12-04 00:00:00+00:00,277.96631628787895,205.52785650473692,6,518.0500415807859,649.0421960750482
2020-12-05 00:00:00+00:00,288.05144169936233,215.61298191622026,6,531.8589540224482,678.3773842996756
2020-12-06 00:00:00+00:00,292.35336459826226,219.91490481512017,6,537.7403941004898,683.8544504853237
2020-12-07 00:00:00+00:00,287.8845243013419,215.44606451819988,6,532.3933778776551,666.0061625580062
2020-12-08 00:00:00+00:00,273.5999341737475,201.16147439060543,6,508.98344643639393,619.8868179571205
2020-12-09 00:00:00+00:00,279.54933869322497,207.11087891008287,6,515.0157140369809,640.6180180301563
2020-12-10 00:00:00+00:00,274.0648660049049,201.62640622176284,6,507.0535207887963,619.7310738267232
2020-12-11 00:00:00+00:00,269.2770545657823,196.83859478264023,6,500.99542085009375,608.196405114664
2020-12-12 00:00:00+00:00,271.4063300232354,198.96787024009333,6,522.4434834299585,625.2538190332593
2020-12-13 00:00:00+00:00,278.4782865349054,206.03982675176334,6,532.6180914425524,649.128246214932
2020-12-14 00:00:00+00:00,278.29868214154595,233.72256846651752,7,535.3443752985067,645.3803263265547
2020-12-15 00:00:00+00:00,274.0342630784046,229.45814940337618,7,539.6022668143422,645.383169309934
2020-12-16 00:00:00+00:00,297.29072126211656,252.71460758708812,7,592.6305016239594,692.4382354089754
2020-12-17 00:00:00+00:00,302.30707502084135,257.7309613458129,7,633.230048595097,693.252509247261
2020-12-18 00:00:00+00:00,306.58307860148454,262.00696492645613,7,641.8472166096942,705.6570437100249
2020-12-19 00:00:00+00:00,310.1811146251588,265.6050009501303,7,661.6858967482549,711.8320367115359
2020-12-20 00:00:00+00:00,311.95714688231214,267.3810332072837,7,651.5171218442678,702.0196287877154
2020-12-21 00:00:00+00:00,300.4516110626356,255.87549738760714,7,631.0787425875201,666.5934572279438
2020-12-22 00:00:00+00:00,298.17625875791424,228.24329570092095,6,661.3853527714701,676.3414112145223
2020-12-23 00:00:00+00:00,264.3306625283571,194.3976994713638,6,645.3295824479112,594.5361505308719
2020-12-24 00:00:00+00:00,278.63371336746786,185.3199502378745,5,659.1190511942178,643.7588563355527
2020-12-25 00:00:00+00:00,281.19445419305987,215.76050819560132,6,686.431054526304,648.0304055859287
2020-12-26 00:00:00+00:00,285.57764575093415,194.00876883426653,5,735.8991487162812,644.6533334623551
2020-12-27 00:00:00+00:00,287.52908352921077,195.96020661254317,5,730.017986405316,660.7598431583461
2020-12-28 00:00:00+00:00,299.03401885362166,207.46514193695404,5,752.1768549339722,705.1114410375328
2020-12-29 00:00:00+00:00,304.9316097515858,213.36273283491823,5,760.6651390250685,715.6413534348153
2020-12-30 00:00:00+00:00,307.804302997871,216.23542608120337,5,802.0674328473225,707.4547588282306
2020-12-31 00:00:00+00:00,306.04088664869965,214.47200973203206,5,803.4032147182634,729.258424103193
2021-01-01 00:00:00+00:00,313.9300159768875,222.3611390602199,5,814.7377780423666,748.6549726706719
2021-01-02 00:00:00+00:00,363.84917385088215,272.28029693421456,5,893.8080651102623,821.2317545215849
2021-01-03 00:00:00+00:00,380.7010765740865,289.13219965741894,5,916.632741321315,897.8120568895806
2021-01-04 00:00:00+00:00,385.92064383638893,294.35176691972134,5,888.5410458054628,915.0690614249291
2021-01-05 00:00:00+00:00,402.7868342839542,311.2179573672866,5,943.0061697018708,977.2052658078098
2021-01-06 00:00:00+00:00,442.3647190301813,391.10810413420637,6,1021.3317632376408,1094.8797679998802
2021-01-07 00:00:00+00:00,433.48646421985404,382.22984932387914,6,1095.2989135758783,1069.3021150469021
2021-01-08 00:00:00+00:00,433.06145611112566,381.80484121515076,6,1127.2568490296856,1095.329217527703
2021-01-09 00:00:00+00:00,452.81707970300715,401.56046480703225,6,1113.5187671925335,1192.7064423668583
2021-01-10 00:00:00+00:00,433.379685901103,382.1230710051281,6,1059.681952423193,1125.4567938721896
2021-01-11 00:00:00+00:00,395.8168630673428,344.5602481713679,6,983.419612731746,1025.8420696886456
2021-01-12 00:00:00+00:00,385.6600352509301,334.4034203549552,6,945.831338637063,1043.4491302546317
2021-01-13 00:00:00+00:00,408.66348369831496,318.68534308357494,5,1038.053896777749,1153.5963065554895
2021-01-14 00:00:00+00:00,431.0644737316988,381.9802889484213,6,1087.3053326480479,1258.0612932785396
2021-01-15 00:00:00+00:00,426.190459852569,377.1062750692915,6,1020.5779033919902,1251.6050087416913
2021-01-16 00:00:00+00:00,438.22951387420136,389.14532909092384,6,999.8220363667906,1412.1373010647374
2021-01-17 00:00:00+00:00,454.16655547746075,405.0823706941832,6,995.2008255148789,1470.998544234759
2021-01-18 00:00:00+00:00,452.22632702159325,403.1421422383157,6,1017.4960776781018,1442.0669432702607
2021-01-19 00:00:00+00:00,448.6644695377705,399.580284754493,6,996.9474248919793,1407.1254161817526
2021-01-20 00:00:00+00:00,453.6921559004019,404.60797111712435,6,985.1906556115796,1458.4772553883597
2021-01-21 00:00:00+00:00,394.28005238952846,345.19586760625094,6,856.9150420080861,1258.1200087395196
2021-01-22 00:00:00+00:00,427.49647309770654,378.412288314429,6,915.1083556054232,1396.2190553906555
2021-01-23 00:00:00+00:00,434.1833123522323,385.09912756895477,6,891.0212280316285,1450.1160967341248
2021-01-24 00:00:00+00:00,447.61838264766925,398.53419786439173,6,896.0738111533616,1466.9611632325093
2021-01-25 00:00:00+00:00,434.197172820048,385.1129880367705,6,895.9154839197504,1414.660842733524
2021-01-26 00:00:00+00:00,436.04227883554637,386.95809405226885,6,901.8477553727934,1421.1252166294646
2021-01-27 00:00:00+00:00,404.1433504149301,355.0591656316526,6,843.471671039112,1297.2764438354
2021-01-28 00:00:00+00:00,673.1893952884368,624.1052105051593,6,926.7659620395087,1688.8128776830426
2021-01-29 00:00:00+00:00,757.1627071580882,708.0785223748107,6,951.4133458066258,1785.2254020785645
2021-01-30 00:00:00+00:00,616.7468292772513,567.6626444939739,6,951.7100010443395,1659.8081119300107
2021-01-31 00:00:00+00:00,676.5289723475172,627.4447875642397,6,919.2140307633307,1743.6145421495112
2021-02-01 00:00:00+00:00,671.6833675032996,671.6833675032996,7,931.2521780922361,1772.4094884920955
2021-02-02 00:00:00+00:00,659.791515893659,659.791515893659,7,985.1353799633538,1800.2505815656286
2021-02-03 00:00:00+00:00,733.4781025580138,733.4781025580138,7,1044.9283541543173,1989.9964131506197
2021-02-04 00:00:00+00:00,865.6357003252126,865.6357003252126,7,1025.978806427668,2138.598679139048
2021-02-05 00:00:00+00:00,861.5436343094594,861.5436343094594,7,1063.5768023700286,2274.107339334473
2021-02-06 00:00:00+00:00,973.475277276566,973.475277276566,7,1088.4841761207601,2425.304470968251
2021-02-07 00:00:00+00:00,1137.0179201140975,1137.0179201140975,7,1077.6165392522717,2748.356114125165
2021-02-08 00:00:00+00:00,1185.9462203112002,1185.9462203112002,7,1288.1412063472515,3024.2332887736457
2021-02-09 00:00:00+00:00,1154.9330899094425,1154.9330899094425,7,1289.4064353807582,3070.7311580713413
2021-02-10 00:00:00+00:00,1242.5683443479486,1242.5683443479486,7,1244.6070502127764,3804.0420096753946
2021-02-11 00:00:00+00:00,1224.4358772815667,1224.4358772815667,7,1332.4350554359837,3623.274216395257
2021-02-12 00:00:00+00:00,1254.2104281733496,1254.2104281733496,7,1313.4938407216296,3753.5013371587584
2021-02-13 00:00:00+00:00,1228.8769307990517,1228.8769307990517,7,1309.7742618000723,3636.2530799623964
2021-02-14 00:00:00+00:00,1181.8676704597024,1181.8676704597024,7,1349.331071165988,3422.2221386490737
2021-02-15 00:00:00+00:00,1120.3076155398826,1120.3076155398826,7,1330.8126179420835,3337.2720298793583
2021-02-16 00:00:00+00:00,1094.6759266477648,1094.6759266477648,7,1364.765476539392,3282.298100186073
2021-02-17 00:00:00+00:00,1111.8321500261486,1111.8321500261486,7,1447.7139475295326,3366.6322879438976
2021-02-18 00:00:00+00:00,1227.9301267760939,1227.9301267760939,7,1431.9614988535236,3614.305925308805
2021-02-19 00:00:00+00:00,1348.4710778576125,1348.4710778576125,7,1552.884617941774,3827.5241633567134
2021-02-20 00:00:00+00:00,1295.3734509734886,1295.3734509734886,7,1551.0844095189068,3761.8137068720753
2021-02-21 00:00:00+00:00,1355.6360376613989,1355.6360376613989,7,1594.6210655570706,3862.4144395584117
2021-02-22 00:00:00+00:00,1287.6270335033507,1287.6270335033507,7,1502.3773971185694,3645.1760074189347
2021-02-23 00:00:00+00:00,1129.5608134490037,1129.5608134490037,7,1358.0310137693855,3203.540653298104
2021-02-24 00:00:00+00:00,1255.8825001733273,1255.8825001733273,7,1379.8412846170204,3469.3750734025307
2021-02-25 00:00:00+00:00,1159.9862902632135,1159.9862902632135,7,1307.5532362562913,3201.1153910110743
2021-02-26 00:00:00+00:00,1184.0831614122476,1184.0831614122476,7,1285.4190889974448,3268.085636185847
2021-02-27 00:00:00+00:00,1203.1429566418662,1203.1429566418662,7,1280.684826945393,3338.0077129507804
2021-02-28 00:00:00+00:00,1162.120497862295,1162.120497862295,7,1253.7200324589455,3228.1584916321985
2021-03-01 00:00:00+00:00,1250.3505208611512,1250.3505208611512,7,1377.3644355957729,3495.079708190621
2021-03-02 00:00:00+00:00,1211.9866828411432,1211.9866828411432,7,1345.5217734787177,3405.621775265144
2021-03-03 00:00:00+00:00,1224.5714186773746,1224.5714186773746,7,1398.539730906504,3448.858418228562
2021-03-04 00:00:00+00:00,1181.1962327908986,1181.1962327908986,7,1343.6729558174611,3277.4299274782124
2021-03-05 00:00:00+00:00,1181.156741033254,1181.156741033254,7,1354.1619961606652,3238.4270833781547
2021-03-06 00:00:00+00:00,1196.772780442722,1196.772780442722,7,1357.7865787420558,3276.0926156579194
2021-03-07 00:00:00+00:00,1228.8652358660734,1228.8652358660734,7,1415.8273982143887,3393.7940758450177
2021-03-08 00:00:00+00:00,1337.2193037219283,1337.2193037219283,7,1454.8097852660796,3526.563067230898
2021-03-09 00:00:00+00:00,1369.139151038028,1369.139151038028,7,1524.5107110761867,3854.6610774977785
2021-03-10 00:00:00+00:00,1315.205926823948,1315.205926823948,7,1551.373287278478,3622.510637800102
2021-03-11 00:00:00+00:00,1330.2028285287881,1330.2028285287881,7,1604.748175399581,3681.587562138143
2021-03-12 00:00:00+00:00,1269.0707945618537,1269.0707945618537,7,1589.4309877324645,3461.6663630149897
2021-03-13 00:00:00+00:00,1381.907825638802,1381.907825638802,7,1699.6120206708092,3734.692448279747
2021-03-14 00:00:00+00:00,1306.634460005871,1306.634460005871,7,1637.9455075487797,3547.8193052695005
2021-03-15 00:00:00+00:00,1269.7868767868138,1269.7868767868138,7,1544.5293842803262,3459.6105874195714
2021-03-16 00:00:00+00:00,1336.910420686972,1336.910420686972,7,1580.5154978776945,3730.4353177290936
2021-03-17 00:00:00+00:00,1383.3160161405501,1383.3160161405501,7,1636.4083445473686,3864.3495808534053
2021-03-18 00:00:00+00:00,1329.7875980918402,1329.7875980918402,7,1601.276086943195,3732.4784614902424
2021-03-19 00:00:00+00:00,1358.226796135154,1143.5715186677019,8,1611.882622759763,3916.8374020275205
2021-03-20 00:00:00+00:00,1352.536585767494,1137.8813083000418,8,1613.8900454217073,3789.5495348969466
2021-03-21 00:00:00+00:00,1341.4005971170575,1126.7453196496053,8,1593.0375154538817,3719.2711944962152
2021-03-22 00:00:00+00:00,1300.2415601657674,1085.5862826983152,8,1502.2546240707516,3487.5095466598395
2021-03-23 00:00:00+00:00,1299.1921763374628,984.4105715928006,7,1509.4110150299782,3445.732084260308
2021-03-24 00:00:00+00:00,1241.9878571022048,858.5888085370133,6,1452.823195134874,3236.549663865355
2021-03-25 00:00:00+00:00,1228.2314062380706,708.8107674412072,5,1424.7723313792687,3229.0150714285346
2021-03-26 00:00:00+00:00,1299.1777250822352,779.7570862853719,5,1528.4297267586787,3514.835312883994
2021-03-27 00:00:00+00:00,1308.9913831084323,789.5707443115689,5,1550.416379699898,3505.745375970533
2021-03-28 00:00:00+00:00,1314.388303621074,794.9676648242106,5,1549.3189219806036,3531.722888212562
2021-03-29 00:00:00+00:00,1337.8669021656942,818.4462633688307,5,1600.9236005231026,3641.569110482495
2021-03-30 00:00:00+00:00,1374.198944029568,1122.476504865601,7,1631.7863003942273,3702.4005044154496
2021-03-31 00:00:00+00:00,1375.754392472735,990.6682103128591,6,1631.6190846141678,3717.074599729973
2021-04-01 00:00:00+00:00,1374.5367419265053,700.8545675428371,5,1631.0604950233044,3847.5957299738466
2021-04-02 00:00:00+00:00,1378.090419674235,838.5541667466784,6,1637.4371937987648,3926.114409626121
2021-04-03 00:00:00+00:00,1350.4136483866312,948.7565409337967,7,1584.7150583074626,3803.727229660049
2021-04-04 00:00:00+00:00,1403.1225139241874,1136.5655323889227,8,1616.6602164757505,3969.5123250047745
2021-04-05 00:00:00+00:00,1503.2062190826744,1377.0313171363994,9,1642.4364456418077,4154.348861075864
2021-04-06 00:00:00+00:00,1585.779230785484,1459.604328839209,9,1610.803219900442,4312.926519711602
2021-04-07 00:00:00+00:00,1464.098993294235,1337.92409134796,9,1554.202622719818,4008.0947938798768
2021-04-08 00:00:00+00:00,1548.1275634366805,1172.3141971805046,8,1613.2022941402663,4235.744717056776
2021-04-09 00:00:00+00:00,1547.099300339667,1171.2859340834912,8,1615.0083356717403,4272.9922418563365
2021-04-10 00:00:00+00:00,1653.2172576705275,1432.2096353766017,9,1660.1896505699247,4391.668025492957
2021-04-11 00:00:00+00:00,1706.058659225021,1485.0510369310953,9,1666.6699564649239,4628.893273479284
2021-04-12 00:00:00+00:00,1760.3166101466952,1539.3089878527694,9,1662.7137199941792,4776.665056210148
2021-04-13 00:00:00+00:00,1917.4533161191239,1872.5598908543461,10,1765.9041889179744,5114.402057366802
2021-04-14 00:00:00+00:00,2043.4398109597473,1998.5463856949696,10,1748.8084586599587,5591.783721169308
2021-04-15 00:00:00+00:00,2171.964892837846,2127.0714675730683,10,1754.3762997086196,6207.282813026871
2021-04-16 00:00:00+00:00,2470.226809549772,2425.3333842849943,10,1703.6788084380053,7812.725668158092
2021-04-17 00:00:00+00:00,2255.733221660159,2210.839796395381,10,1666.787451938288,6894.163455719984
2021-04-18 00:00:00+00:00,2255.235162346253,2210.3417370814755,10,1559.662412375716,7041.135916410615
2021-04-19 00:00:00+00:00,2397.627195480321,2087.097483746437,8,1545.3054654920977,7716.921866840303
2021-04-20 00:00:00+00:00,2282.938272344573,1862.583286747144,7,1567.300729212689,7081.794871063367
2021-04-21 00:00:00+00:00,2200.912526718819,1780.5575411213904,7,1494.0432737549368,6775.774996302322
2021-04-22 00:00:00+00:00,2061.724473011314,1641.369487413885,7,1435.8046841241282,6202.473135933923
2021-04-23 00:00:00+00:00,2046.089093185128,1625.7341075876989,7,1420.088067400989,6103.195735442155
2021-04-24 00:00:00+00:00,2024.4045258079987,1604.0495402105696,7,1390.164220248471,6095.620916032828
2021-04-25 00:00:00+00:00,2010.8809400564626,1590.5259544590335,7,1362.9133256732173,5984.026883313988
2021-04-26 00:00:00+00:00,2163.8584145565715,1597.5400504428922,6,1499.9808227824335,6558.149761718859
2021-04-27 00:00:00+00:00,2202.3459157022535,1636.0275515885742,6,1528.051408000471,6745.945527577789
2021-04-28 00:00:00+00:00,2314.702607821826,1968.7169809775323,7,1523.4474187073029,7272.097882579597
2021-04-29 00:00:00+00:00,2288.1684690073207,1942.182842163027,7,1487.581578254064,7124.593408798983
2021-04-30 00:00:00+00:00,2434.621019496409,2088.6353926521156,7,1602.5568709329864,7686.246997352159
2021-05-01 00:00:00+00:00,2609.7743648308206,2263.788737986527,7,1605.503979614767,8308.16976314342
2021-05-02 00:00:00+00:00,2524.9508131315233,2524.9508131315233,9,1571.5563985919123,8061.048773858082
2021-05-03 00:00:00+00:00,2779.4566012779114,2779.4566012779114,9,1587.977432621083,9043.181986027095
2021-05-04 00:00:00+00:00,2853.693585224304,2853.693585224304,9,1477.721124805004,9656.853252790213
2021-05-05 00:00:00+00:00,3305.741419082467,3305.741419082467,9,1595.3860360857814,11303.878134861556
2021-05-06 00:00:00+00:00,3166.7996332340476,3166.7996332340476,9,1566.4307627290568,10686.570945162286
2021-05-07 00:00:00+00:00,3406.062481589849,3406.062481589849,9,1592.0150548452452,11753.498035012408
2021-05-08 00:00:00+00:00,3327.9532598284086,3327.9532598284086,9,1634.9939545937752,11335.12807775696
2021-05-09 00:00:00+00:00,3223.23011926781,3223.23011926781,9,1617.7387860338422,10834.104661512169
2021-05-10 00:00:00+00:00,2816.985792732277,2816.985792732277,9,1550.3886029922471,9290.384230432239
2021-05-11 00:00:00+00:00,3017.591273756305,2940.374801918945,8,1574.1065781213588,10003.182987233833
2021-05-12 00:00:00+00:00,2588.1404212851075,2510.923949447748,8,1378.5946659776396,8453.344090038241
2021-05-13 00:00:00+00:00,2889.458231578958,2812.2417597415983,8,1379.6960124360053,9703.173958945383
2021-05-14 00:00:00+00:00,3137.9938103722725,3060.777338534913,8,1384.4313855563628,10723.26028568299
2021-05-15 00:00:00+00:00,2981.9509319521353,2981.9509319521353,9,1298.9219021207919,10041.276293141513
2021-05-16 00:00:00+00:00,3025.0495180983557,2954.9044629175432,8,1289.7142013015325,10208.680209304352
2021-05-17 00:00:00+00:00,2851.166869947239,2781.0218147664264,8,1209.3434087814128,9513.628001641377
2021-05-18 00:00:00+00:00,2925.7220400608526,2855.57698488004,8,1190.2258119734745,9615.967601223057
2021-05-19 00:00:00+00:00,2003.7698015947537,1933.6247464139415,8,1019.1299036221388,6562.1172151189785
2021-05-20 00:00:00+00:00,2217.0486523167933,2360.334757732337,8,1125.696631360924,7799.164039246948
2021-05-21 00:00:00+00:00,2066.1042689322367,1528.9040205025349,5,1034.7381911854388,6861.022643364195
2021-05-22 00:00:00+00:00,2042.6799531853007,1926.2424394737725,8,1040.2302018222122,6409.407632275821
2021-05-23 00:00:00+00:00,2003.2550835914135,1692.2115592556543,8,962.6087478253972,5656.9106337952135
2021-05-24 00:00:00+00:00,1933.5760371502124,1794.8964488228248,6,1077.6332052768623,6896.18441522569
2021-05-25 00:00:00+00:00,1895.5258927169934,1479.2043527585427,5,1064.5345432498384,6695.369446695434
2021-05-26 00:00:00+00:00,1872.717287366961,1399.2516245442848,4,1090.0110617403407,7155.940116263475
2021-05-27 00:00:00+00:00,1896.7405526963319,594.8406227006845,3,1070.235990262301,6767.728632776977
2021-05-28 00:00:00+00:00,1957.3501663155848,534.2310090814316,3,990.614335547531,6170.301306931839
2021-05-29 00:00:00+00:00,1980.9861568879455,510.59501850907077,3,961.2171347720778,5887.3689665670945
2021-05-30 00:00:00+00:00,1955.5621504834357,733.9829771395933,4,989.9971371035238,6077.947910917807
2021-05-31 00:00:00+00:00,1866.4547549445833,823.0903726784458,4,1034.7881892592106,6674.916401563681
2021-06-01 00:00:00+00:00,1876.6486573442212,562.1517362717248,3,1019.2132337450921,7071.773634518887
2021-06-02 00:00:00+00:00,1836.9064680196498,601.8939255962961,3,1043.534241197309,7755.720178486454
2021-06-03 00:00:00+00:00,1812.636782021718,406.42461281468337,2,1090.1466120736777,7760.948486436874
2021-06-04 00:00:00+00:00,1845.0250981362026,374.0362967001988,2,1022.9883660819517,7217.494986628613
2021-06-05 00:00:00+00:00,1870.688287145008,532.7899083261032,3,986.4397741546488,7078.7033267420975
2021-06-06 00:00:00+00:00,1861.7180492109533,728.7302955671175,4,994.3036378577486,7145.137619145924
2021-06-07 00:00:00+00:00,1909.7958474725951,490.6388776251011,3,931.9860387083778,6466.543739540695
2021-06-08 00:00:00+00:00,1921.7830566128246,669.536324003232,4,927.2090005265435,6397.8346863707875
2021-06-09 00:00:00+00:00,1870.8428744470884,720.4765061689684,4,1038.516934494293,6715.242672424933
2021-06-10 00:00:00+00:00,1909.2928333629889,682.026547253068,4,1018.7307523331928,6356.16107669817
2021-06-11 00:00:00+00:00,1938.6518836473842,652.6674969686721,4,1036.9594944962964,6109.119247277642
2021-06-12 00:00:00+00:00,1947.1604375284292,644.1589430876274,4,987.3539056034463,6068.415920035444
2021-06-13 00:00:00+00:00,1894.3067104499087,697.0126701661479,4,1083.8629652688485,6376.360179034644
2021-06-14 00:00:00+00:00,1841.6927766299377,749.6266039861188,4,1125.4091424367352,6518.599709141461
2021-06-15 00:00:00+00:00,1851.1881443565571,549.0492300901932,3,1115.0692630136173,6382.965834375829
2021-06-16 00:00:00+00:00,1885.0997759709994,700.1645922003117,4,1065.2092394786832,6113.607464201724
2021-06-17 00:00:00+00:00,1880.3777708309922,704.886597340319,4,1058.0972912516984,6119.917494647442
2021-06-18 00:00:00+00:00,1929.5304490484323,655.7339191228789,4,994.9572237887787,5815.65705177721
2021-06-19 00:00:00+00:00,1960.114076359937,818.0089111845116,5,985.6209168130948,5659.901483577652
2021-06-20 00:00:00+00:00,1936.6349438977509,841.4880436466976,5,988.8552366519878,5688.963018669629
2021-06-21 00:00:00+00:00,2095.955347116566,682.1676404278824,5,877.9920077737322,4121.5518305817
2021-06-22 00:00:00+00:00,2116.175971360252,1290.397223610499,8,903.0085439855325,4185.1363369866285
2021-06-23 00:00:00+00:00,1970.8927361823398,1435.6804587884112,8,935.4659046429063,4831.066248744117
2021-06-24 00:00:00+00:00,1936.000026175182,1195.0451455736616,7,962.8265172133817,5228.554107101242
2021-06-25 00:00:00+00:00,2010.3941225561941,660.1775500735583,5,877.3120339704336,4728.871087383046
2021-06-26 00:00:00+00:00,2001.5345256162675,1070.9029632342842,7,896.7335079600749,4827.190985132984
2021-06-27 00:00:00+00:00,1934.4703687036324,1137.9671201469191,7,963.8611995733847,5166.059656826411
2021-06-28 00:00:00+00:00,1912.8668780544358,1159.5706107961157,7,958.1544749864686,5127.5538864032305
2021-06-29 00:00:00+00:00,1867.1923275183467,973.400154441174,6,997.5096254548374,5292.130207370848
2021-06-30 00:00:00+00:00,1870.8636888226756,754.2515555822766,5,973.4347196324092,5235.691824706
2021-07-01 00:00:00+00:00,1917.817815663379,707.2974287415736,5,930.6499790703605,4982.966951104301
2021-07-02 00:00:00+00:00,1916.2043725118087,708.9108718931437,5,938.4791218888964,5046.79630129299
2021-07-03 00:00:00+00:00,1899.4825316299334,725.6327127750188,5,962.9942885275943,5115.419016396858
2021-07-04 00:00:00+00:00,1867.572405204522,947.4008477080956,6,980.1430722972236,5213.888906020156
2021-07-05 00:00:00+00:00,1902.149096949552,716.6746997492411,5,935.8011695042549,4956.2351434061375
2021-07-06 00:00:00+00:00,1863.2789909933822,755.5448057054109,5,950.5192135873374,5111.011217967104
2021-07-07 00:00:00+00:00,1867.5283070172802,751.2954896815127,5,940.5782076860892,5023.72332582615
2021-07-08 00:00:00+00:00,1912.982425002818,705.8413716959751,5,913.1789854919786,4666.895388154375
2021-07-09 00:00:00+00:00,1894.6463209842782,724.1774757145147,5,939.2918683547672,4845.356896697012
2021-07-10 00:00:00+00:00,1911.0647046834104,707.7590920153825,5,930.5994254624355,4735.832203141575
2021-07-11 00:00:00+00:00,1897.0319959250444,721.7918007737485,5,951.6019496515768,4799.820035260898
2021-07-12 00:00:00+00:00,1919.6442557801304,699.1795409186626,5,919.0376486697462,4634.312661793806
2021-07-13 00:00:00+00:00,1936.3603140504158,682.4634826483771,5,909.1252527773787,4470.6801937051
2021-07-14 00:00:00+00:00,1935.9412893857034,1069.9256936236288,7,911.6321006428893,4465.645014202518
2021-07-15 00:00:00+00:00,1984.1100034874667,1021.7569795218659,7,885.5214399167129,4264.983913841132
2021-07-16 00:00:00+00:00,2023.971472306466,981.8955107028663,7,871.7405819497782,4025.3460680230673
2021-07-17 00:00:00+00:00,2003.4504266181189,1002.4165563912134,7,875.5237695318565,4189.005580807546
2021-07-18 00:00:00+00:00,2006.2200397540066,999.6469432553256,7,882.7037706925864,4137.092741119974
2021-07-19 00:00:00+00:00,2054.797576498622,951.06940651071,7,856.6239421119026,3924.9401973664694
2021-07-20 00:00:00+00:00,2102.0270917322055,1182.8334933876822,9,827.4778427736151,3783.8041877799596
2021-07-21 00:00:00+00:00,1973.3944642788629,1311.4661208410243,9,892.8686568575024,4210.903365696942
2021-07-22 00:00:00+00:00,1947.503397943629,1233.6900326807502,8,896.8496145980565,4267.577045427516
2021-07-23 00:00:00+00:00,1920.6986671833783,1058.3369827002393,7,934.2442850404112,4365.831211790534
2021-07-24 00:00:00+00:00,1909.2972598065553,1069.7383900770624,7,951.5783394500734,4422.602705224901
2021-07-25 00:00:00+00:00,1901.078662790464,874.9179341801387,6,982.7682489373279,4436.00776855608
2021-07-26 00:00:00+00:00,1867.9650097283193,908.0315872422833,6,1034.3379288281865,4544.498097698867
2021-07-27 00:00:00+00:00,1831.3404904334125,747.2898075881285,5,1096.0097195246697,4645.902415113295
2021-07-28 00:00:00+00:00,1807.725268205603,555.072466373185,4,1111.6116184452096,4666.069108924357
2021-07-29 00:00:00+00:00,1795.112658399703,748.2620283080207,5,1111.5260661856444,4712.765505128984
2021-07-30 00:00:00+00:00,1778.827551322511,794.1145541856522,5,1172.3540005036875,4850.230979363029
2021-07-31 00:00:00+00:00,1767.7157024726241,635.7082260098927,4,1151.6731305891458,4925.120002991439
2021-08-01 00:00:00+00:00,1745.6814676800366,1063.3333787894144,6,1106.7751381090022,4859.920076918653
2021-08-02 00:00:00+00:00,1738.889891419696,1056.5418025290737,6,1087.3975513174496,4859.235259177729
2021-08-03 00:00:00+00:00,1736.0664116620496,880.8867640927984,5,1061.2660580605348,4792.582735965529
2021-08-04 00:00:00+00:00,1762.3218335127972,917.7847084894341,5,1103.37915783158,4962.730439717981
2021-08-05 00:00:00+00:00,1784.974255787486,1292.038351668665,7,1135.0246053243125,4999.0543052128405
2021-08-06 00:00:00+00:00,1809.0065827220608,1322.9178879166432,7,1189.867214677699,5118.802263246337
2021-08-07 00:00:00+00:00,1875.6558027429992,1389.4684633576107,7,1238.0784128464643,5840.5345465545415
2021-08-08 00:00:00+00:00,1817.126337908307,1330.9389985229186,7,1216.4634122536165,5476.3367188332195
2021-08-09 00:00:00+00:00,1866.3463932707705,1212.5444678266226,6,1284.7671696688735,5778.825886116613
2021-08-10 00:00:00+00:00,1918.8945681721254,1451.8160930014822,7,1266.2009405078093,5963.455715195774
2021-08-11 00:00:00+00:00,2004.5708824736082,1729.4742381707772,8,1264.145741908705,6187.055874286454
2021-08-12 00:00:00+00:00,1972.408382531639,1697.311738228808,8,1233.2580430006944,6150.435621316979
2021-08-13 00:00:00+00:00,2149.1269625773693,1874.0303182745383,8,1327.7266257220476,6774.184277454737
2021-08-14 00:00:00+00:00,2190.8258991841385,2190.8258991841385,10,1307.4082418423527,6873.287121804965
2021-08-15 00:00:00+00:00,2288.872113466288,2288.872113466288,10,1304.778065394871,7423.264617815759
2021-08-16 00:00:00+00:00,2269.427834168953,2269.427834168953,10,1274.9867131378487,7207.919568884696
2021-08-17 00:00:00+00:00,2236.502761416399,2236.502761416399,10,1241.506336337685,6952.64191421606
2021-08-18 00:00:00+00:00,2385.4453575358457,2385.4453575358457,10,1241.7657707871463,7305.5499763411335
2021-08-19 00:00:00+00:00,2533.185681552972,2533.185681552972,10,1298.8560713236589,7809.810766876961
2021-08-20 00:00:00+00:00,2726.4713744955043,2726.4713744955043,10,1370.0158298196009,8247.583203210166
2021-08-21 00:00:00+00:00,2717.4296435368824,2717.4296435368824,10,1356.110809969466,8163.531787685062
2021-08-22 00:00:00+00:00,2753.129463260312,2753.129463260312,10,1367.7034189076478,8305.673150118508
2021-08-23 00:00:00+00:00,2874.3788691799323,2874.3788691799323,10,1374.6373184385889,8647.82342405599
2021-08-24 00:00:00+00:00,2819.3537390401266,2819.3537390401266,10,1324.2270383250868,8276.390454759434
2021-08-25 00:00:00+00:00,2766.8522633717084,2766.8522633717084,10,1360.3175923432232,8200.836927313343
2021-08-26 00:00:00+00:00,2596.3718600107845,2596.3718600107845,10,1301.1684822356121,7619.898361443565
2021-08-27 00:00:00+00:00,2920.545883915108,2920.545883915108,10,1363.0002667681654,8545.326005465051
2021-08-28 00:00:00+00:00,2919.000839489576,2919.000839489576,10,1358.1518424476676,8430.140603624017
2021-08-29 00:00:00+00:00,2865.4064689682577,2865.4064689682577,10,1354.609756688001,8286.175225529672
2021-08-30 00:00:00+00:00,2817.02483172337,2817.02483172337,10,1305.0305556674195,8057.63184379987
2021-08-31 00:00:00+00:00,2858.3472844973026,2858.3472844973026,10,1308.3076516360948,8193.698762660762
2021-09-01 00:00:00+00:00,3022.6371143787514,3022.6371143787514,10,1355.7955443376259,8663.812799810414
2021-09-02 00:00:00+00:00,3178.295913273996,3178.295913273996,10,1367.9095220784188,8943.8018516339
2021-09-03 00:00:00+00:00,3284.684939782637,3284.684939782637,10,1388.811494585863,9111.622231203342
2021-09-04 00:00:00+00:00,3229.695286164833,3229.695286164833,10,1386.4921394969972,9016.831324416813
2021-09-05 00:00:00+00:00,3341.8100522815444,3341.8100522815444,10,1437.6357246924879,9352.533567344703
2021-09-06 00:00:00+00:00,3448.8614874335,3448.8614874335,10,1462.8297540661788,9392.469352389662
2021-09-07 00:00:00+00:00,3067.0109108905885,3067.0109108905885,10,1301.7201276495628,8146.496370564982
2021-09-08 00:00:00+00:00,3118.7354950897825,3118.7354950897825,10,1279.0704446967115,8220.711988918949
2021-09-09 00:00:00+00:00,3160.0826128339727,3160.0826128339727,10,1288.7042402113389,8301.63606533928
2021-09-10 00:00:00+00:00,3138.6226812335226,3138.6226812335226,10,1245.810614955298,8140.480657201377
2021-09-11 00:00:00+00:00,3287.376301292777,3287.376301292777,10,1254.7763806509165,8533.414190013431
2021-09-12 00:00:00+00:00,3349.422191197493,3349.422191197493,10,1278.429636051201,8720.263219290513
2021-09-13 00:00:00+00:00,3162.133650037954,3162.133650037954,10,1248.3055188365188,8203.388859700577
2021-09-14 00:00:00+00:00,3166.9779937019457,3166.9779937019457,10,1308.6029180384257,8255.965093120172
2021-09-15 00:00:00+00:00,3291.424669189669,3291.424669189669,10,1336.654337328184,8588.051208598657
2021-09-16 00:00:00+00:00,3334.303689475465,3334.303689475465,10,1325.9994700403029,8619.318189607777
2021-09-17 00:00:00+00:00,3280.5833408639037,3100.3725931902595,9,1313.8377163623502,8485.947425834389
2021-09-18 00:00:00+00:00,3395.97913889766,3215.768391224016,9,1341.413320650045,8677.13768076537
2021-09-19 00:00:00+00:00,3286.574754485981,3106.364006812337,9,1312.220278675827,8404.75424497871
2021-09-20 00:00:00+00:00,2868.0172938815363,2687.806546207892,9,1194.8323011703312,7357.82432210066
2021-09-21 00:00:00+00:00,2828.6546640942133,1635.832783060251,4,1131.466964608361,7088.825622327747
2021-09-22 00:00:00+00:00,3023.854769130749,3319.6193799015655,9,1209.4981250430294,8212.958208377737
2021-09-23 00:00:00+00:00,3062.0903446445295,2683.3129390547692,6,1246.2092107100912,8375.427482287738
2021-09-24 00:00:00+00:00,2968.917352662969,2211.190791817596,5,1189.1366872664753,7881.234138981071
2021-09-25 00:00:00+00:00,2907.804233024251,2147.823085055463,5,1185.2498925648583,7766.133170936562
2021-09-26 00:00:00+00:00,2877.409064748725,2108.127744895848,5,1198.8677012578812,7644.866869357036
2021-09-27 00:00:00+00:00,2869.7559618623895,2085.5380023168836,5,1170.71461921812,7473.1051168745635
2021-09-28 00:00:00+00:00,2780.7522573905844,1987.5159493514172,5,1139.5822075157032,7190.216066309456
2021-09-29 00:00:00+00:00,2796.5151740023994,2586.315996358561,6,1153.407785981956,7424.231271424786
2021-09-30 00:00:00+00:00,2801.853077281439,2360.324903449361,5,1217.2892137720833,7666.0975547682565
2021-10-01 00:00:00+00:00,2856.155732697346,2227.7873309920456,4,1337.215426822736,8277.023357501666
2021-10-02 00:00:00+00:00,2914.4796839858764,2229.432822585727,4,1323.1406912888528,8341.412778894995
2021-10-03 00:00:00+00:00,2925.3173056584055,2249.5706161423454,4,1338.8375865495598,8417.286757267284
2021-10-04 00:00:00+00:00,2807.205290348998,2772.023228345155,6,1367.3067675223901,8424.756985197233
2021-10-05 00:00:00+00:00,2799.73258380679,2142.4925780066797,4,1429.7224184497693,8580.651941255677
2021-10-06 00:00:00+00:00,2721.707433135123,2624.697153526673,6,1536.4685837199804,8418.984353116972
2021-10-07 00:00:00+00:00,2750.633101543581,2653.6228219351306,6,1493.9763318894977,8406.543149085233
2021-10-08 00:00:00+00:00,2749.3949385809137,2652.3846589724635,6,1498.5930984681852,8360.15016542545
2021-10-09 00:00:00+00:00,2785.0743243641195,2688.0640447556693,6,1526.3223079491906,8452.501663620029
2021-10-10 00:00:00+00:00,2637.4169398746835,2637.4169398746835,7,1518.247063500866,7971.006659888137
2021-10-11 00:00:00+00:00,2621.691007098665,1972.481794918463,4,1596.3648872634058,7970.059607406183
2021-10-12 00:00:00+00:00,2647.8496126043874,1998.6404004241854,4,1555.4103539684875,7950.864992802474
2021-10-13 00:00:00+00:00,2700.979345594452,2051.77013341425,4,1593.4663878200147,8181.865142194631
2021-10-14 00:00:00+00:00,2715.5714435588116,2066.3622313786095,4,1592.936963772185,8245.655826176071
2021-10-15 00:00:00+00:00,2827.5001374472495,2178.2909252670474,4,1713.0567804751656,8440.432624093899
2021-10-16 00:00:00+00:00,2797.2497052768686,2148.0404930966665,4,1690.9229109833955,8404.507428249093
2021-10-17 00:00:00+00:00,2785.5942485192536,1379.2168453229071,3,1709.0544346697204,8383.734743124813
2021-10-18 00:00:00+00:00,2772.779232142257,1923.7856611707984,5,1722.429197170796,8411.442103240983
2021-10-19 00:00:00+00:00,2813.820105261866,1964.8265342904074,5,1785.503156069506,8438.44386146418
2021-10-20 00:00:00+00:00,2913.1440397217552,2064.1504687502966,5,1833.301870129653,8915.439457592864
2021-10-21 00:00:00+00:00,2845.2277587250724,2579.1191976733085,7,1727.5209454503172,8815.633219555073
2021-10-22 00:00:00+00:00,2900.944923281986,2900.944923281986,8,1685.7189448049642,8991.685111716653
2021-10-23 00:00:00+00:00,2925.653251059475,2369.6195994086343,6,1702.3441376353703,9144.747131563534
2021-10-24 00:00:00+00:00,2902.475927724809,2902.475927724809,8,1690.2743248597426,9306.652436450295
2021-10-25 00:00:00+00:00,3011.4784290096272,2734.6411439794974,7,1752.120831047351,9486.481860082806
2021-10-26 00:00:00+00:00,2954.216006484004,2954.216006484004,8,1675.7357183080862,9271.589713533413
2021-10-27 00:00:00+00:00,2715.2683893622225,2715.2683893622225,8,1622.53304577442,8505.290466365033
2021-10-28 00:00:00+00:00,2817.144747172976,1835.1778624167375,6,1682.5987872345172,9465.90453743355
2021-10-29 00:00:00+00:00,2882.4104283670194,2182.2977400823797,7,1729.203102865667,9531.43999325465
2021-10-30 00:00:00+00:00,2824.3603679081766,2124.247679623537,7,1718.2446361631596,9166.119376775434
2021-10-31 00:00:00+00:00,2855.335938164084,2720.349922925633,9,1702.7066236702171,9372.189631592588
2021-11-01 00:00:00+00:00,2940.454699074058,2805.4686838356074,9,1691.9100951733153,9428.00617923009
2021-11-02 00:00:00+00:00,3031.491949023633,2602.5327235709206,8,1756.0431799347612,9729.072263814349
2021-11-03 00:00:00+00:00,3097.8062373942007,2668.8470119414883,8,1747.0571372425577,10119.239887801752
2021-11-04 00:00:00+00:00,3071.9480729669813,2642.988847514269,8,1705.3512440056772,10081.803789412597
2021-11-05 00:00:00+00:00,3044.3381468820758,2922.7321688188163,9,1692.63256733932,9928.254311270108
2021-11-06 00:00:00+00:00,3111.6519650995956,2990.045987036336,9,1707.4511631040996,10259.780220721983
2021-11-07 00:00:00+00:00,3184.036960632681,3062.4309825694213,9,1757.5320114648596,10511.136950053069
2021-11-08 00:00:00+00:00,3294.606505871899,3173.0005278086396,9,1875.645238807126,10892.172062560549
2021-11-09 00:00:00+00:00,3208.4026857838703,3086.796707720611,9,1859.5855797444958,10691.635197401838
2021-11-10 00:00:00+00:00,3080.2540725231656,3080.2540725231656,10,1802.2202898022374,10196.758289932814
2021-11-11 00:00:00+00:00,3126.767417636776,3014.5369306660064,9,1799.2156833356191,10350.797519563772
2021-11-12 00:00:00+00:00,3074.261078122341,2962.0305911515716,9,1781.1044366458798,10176.465701168625
2021-11-13 00:00:00+00:00,3165.783039626115,3053.5525526553456,9,1788.264438577101,10630.03181469393
2021-11-14 00:00:00+00:00,3151.872652106448,3039.6421651356786,9,1819.904886262456,10560.674409776164
2021-11-15 00:00:00+00:00,3081.373222088053,2969.1427351172833,9,1766.78582161882,10370.527621472387
2021-11-16 00:00:00+00:00,2897.781023293789,2785.5505363230195,9,1668.2376738447513,9833.0720909051
2021-11-17 00:00:00+00:00,2955.574712717741,2621.331830543815,8,1676.1818122329628,10089.269618880653
2021-11-18 00:00:00+00:00,2757.811816852659,2423.5689346787326,8,1580.2618965368401,9344.445949735604
2021-11-19 00:00:00+00:00,2906.3998476071138,2074.7261542760316,6,1612.5000989708467,10085.6449887929
2021-11-20 00:00:00+00:00,3003.4789213600543,2462.576377201997,7,1658.4780498444647,10532.768311599591
2021-11-21 00:00:00+00:00,3007.6288146303214,2466.726270472264,7,1628.326711456284,10502.765255807863
2021-11-22 00:00:00+00:00,2926.9629215271734,2386.060377369116,7,1562.3614750581723,10332.56786854249
2021-11-23 00:00:00+00:00,2929.12818185651,1454.9413909306131,4,1598.30703466237,10278.74178119117
2021-11-24 00:00:00+00:00,2867.7594611977256,1393.5726702718289,4,1587.113577013134,9761.330485974868
2021-11-25 00:00:00+00:00,2936.7481631456494,1462.561372219753,4,1637.7246827229537,10067.844395766333
2021-11-26 00:00:00+00:00,2788.256123964149,1314.0693330382521,4,1492.3461169174552,9063.795019688941
2021-11-27 00:00:00+00:00,2836.049628824338,1361.8628378984413,4,1519.970052676463,9359.785708265184
2021-11-28 00:00:00+00:00,2856.273299023921,1382.086508098024,4,1590.9075975111964,9467.704376995882
2021-11-29 00:00:00+00:00,2917.797030839841,1443.6102399139445,4,1604.8340054262228,9866.453795316042
2021-11-30 00:00:00+00:00,2936.98695910464,1462.8001681787432,4,1581.8990556857952,9904.249199861857
2021-12-01 00:00:00+00:00,2963.273830047754,1489.0870391218573,4,1588.385194689401,9966.836625463384
2021-12-02 00:00:00+00:00,2912.706340115819,1438.5195491899221,4,1568.8378922141,9775.947578807178
2021-12-03 00:00:00+00:00,2848.0463741293856,1373.859583203489,4,1488.8606956413967,9311.404185530733
2021-12-04 00:00:00+00:00,2750.5791975695265,1276.3924066436298,4,1365.2937895189157,8430.786357475878
2021-12-05 00:00:00+00:00,2772.6643115149686,2259.686483863227,8,1372.0674174467104,8119.137677898052
2021-12-06 00:00:00+00:00,2782.695976870171,2336.279478773436,8,1401.1104651996122,8417.38625355364
2021-12-07 00:00:00+00:00,2735.4588700872832,2337.037724398216,8,1405.1944745255519,8291.773971717368
2021-12-08 00:00:00+00:00,2733.6422051748473,2417.4245576268954,8,1401.9234894325598,8527.140608090584
2021-12-09 00:00:00+00:00,2760.743007821745,2244.032792475619,8,1320.6599535285338,7915.461281026999
2021-12-10 00:00:00+00:00,2802.1536373893196,2156.8333946143093,8,1309.4089980944605,7519.2957457832745
2021-12-11 00:00:00+00:00,2739.602090734,2279.905392315077,8,1371.8913131202023,7913.67511177634
2021-12-12 00:00:00+00:00,2723.042481748942,2314.6045951063397,8,1390.3325470968368,7993.511119681762
2021-12-13 00:00:00+00:00,2789.111180662501,1829.674981444141,7,1297.2486332518904,7256.875841066552
2021-12-14 00:00:00+00:00,2730.4315033367807,1921.9559759764034,7,1342.8171554547312,7888.944761674774
2021-12-15 00:00:00+00:00,2757.828271249274,2004.0180417594047,7,1357.3082638363044,8338.351325575903
2021-12-16 00:00:00+00:00,2808.635887546183,1929.6382672466216,7,1323.070693985572,8078.855028160398
2021-12-17 00:00:00+00:00,2900.610734485677,1935.6862564523467,7,1281.3728559939104,8267.788056188207
2021-12-18 00:00:00+00:00,2870.9208180757328,2004.9742868288913,7,1300.9076589507683,8543.819900118895
2021-12-19 00:00:00+00:00,2856.7147323274853,1954.6875700657204,7,1296.650878503239,8275.232598251718
2021-12-20 00:00:00+00:00,2876.280086607683,1981.3329813968398,7,1303.120907016407,8338.464792870933
2021-12-21 00:00:00+00:00,2847.7864324186685,2085.2108643356305,7,1357.9999038568162,8715.468426524347
2021-12-22 00:00:00+00:00,2783.0947347526085,2098.946246386517,7,1349.6191156243299,8631.971685828745
2021-12-23 00:00:00+00:00,2679.620205332029,2239.0626455089996,7,1412.1347626992529,9130.588747642169
2021-12-24 00:00:00+00:00,2687.0258476304507,1553.9241043365118,5,1411.612282828336,8896.13520477739
2021-12-25 00:00:00+00:00,2653.755455910561,1587.7390673683194,5,1399.9366215342773,9028.335792359845
2021-12-26 00:00:00+00:00,2619.8192676450444,1621.7530515355386,5,1410.375941570786,9081.373711296832
2021-12-27 00:00:00+00:00,2609.123149974406,1623.347048706978,5,1408.3190763692228,9075.859544682044
2021-12-28 00:00:00+00:00,2691.502942684504,1488.143838740845,5,1320.6085666193794,8420.605127937904
2021-12-29 00:00:00+00:00,2732.8731000019825,1953.9568615237665,7,1290.6352769272426,8103.44431200746
2021-12-30 00:00:00+00:00,2702.7905245561383,1582.720877285435,6,1308.8626302549637,8163.301002456304
2021-12-31 00:00:00+00:00,2735.673577917744,1549.8378239238298,6,1283.7541531408383,8255.114617259516
2022-01-01 00:00:00+00:00,2667.267483654216,1618.2439181873574,6,1325.5780973852359,8577.849552379712
2022-01-02 00:00:00+00:00,2640.826541359146,1644.6848604824272,6,1313.454397796765,8581.736054101997
2022-01-03 00:00:00+00:00,2643.017138019447,1642.4942638221266,6,1290.1197412332383,8327.998510209112
2022-01-04 00:00:00+00:00,2671.6894196268986,1613.8219822146748,6,1273.0623428317813,8149.640459004724
2022-01-05 00:00:00+00:00,2725.062342777982,1560.4490590635914,6,1206.9293351194567,7681.045805113628
2022-01-06 00:00:00+00:00,2713.7802114496917,1235.3011306821982,5,1196.684729803582,7614.54927765858
2022-01-07 00:00:00+00:00,2781.8437257252804,1438.4870520921895,6,1154.5799630448323,7145.400966285369
2022-01-08 00:00:00+00:00,2816.115949946634,1960.3027198648715,8,1157.7259529533944,6997.628562407286
2022-01-09 00:00:00+00:00,2800.9314886820134,1975.487181129492,8,1162.8613106639277,7161.737341145819
2022-01-10 00:00:00+00:00,2858.694353163213,1917.7243166482929,8,1161.6910779705872,6871.72760698425
2022-01-11 00:00:00+00:00,2752.2835499471576,2024.1351198643479,8,1186.8789964685948,7258.808657361258
2022-01-12 00:00:00+00:00,2633.490882164164,2142.9277876473416,8,1219.471351925153,7733.267433356593
2022-01-13 00:00:00+00:00,2676.6896232797435,1487.4380540045377,6,1182.1797330681836,7506.500646437869
2022-01-14 00:00:00+00:00,2619.352898408429,1544.774778875851,6,1196.0639203875803,7736.446445967482
2022-01-15 00:00:00+00:00,2617.266564116124,1263.7898142715453,5,1196.7397276847314,7822.4132413363
2022-01-16 00:00:00+00:00,2591.899261728702,1289.157116658967,5,1196.3889078670982,7815.164778830416
2022-01-17 00:00:00+00:00,2631.467370198721,975.9302766757252,4,1172.2220611423447,7588.658243274091
2022-01-18 00:00:00+00:00,2640.2151381147432,1230.200746562405,5,1176.4024556438337,7409.5738947487
2022-01-19 00:00:00+00:00,2675.7579686088393,1194.657916068309,5,1157.1779185114385,7123.365620043456
2022-01-20 00:00:00+00:00,2730.2668129235435,1407.5854929489276,6,1129.9817440502575,6808.637462194747
2022-01-21 00:00:00+00:00,2961.002916461075,1722.610610594113,8,1012.3307211233054,5939.471229476709
2022-01-22 00:00:00+00:00,3114.725062893102,1929.379552615867,10,974.1685802485508,5450.755025093064
2022-01-23 00:00:00+00:00,3006.0065054222036,2038.0981100867652,10,1006.7542692952728,5801.413675046562
2022-01-24 00:00:00+00:00,3078.8674095462306,1965.2372059627376,10,1018.3038243365955,5570.30210273332
2022-01-25 00:00:00+00:00,3031.202407649149,2012.9022078598202,10,1026.5804499153905,5772.476752253198
2022-01-26 00:00:00+00:00,3046.5366103709484,1997.5680051380198,10,1022.4422760095312,5709.5870311157
2022-01-27 00:00:00+00:00,3062.785771030055,1981.3188444789143,10,1032.1852339852271,5641.333174118559
2022-01-28 00:00:00+00:00,3030.98926527682,2013.1153502321488,10,1047.641860724752,5739.388171794718
2022-01-29 00:00:00+00:00,2979.8350991216234,2064.269516387345,10,1060.1491566458842,5930.615991935849
2022-01-30 00:00:00+00:00,3010.434457423874,1710.9022815494643,9,1052.230572828712,5756.698578690134
2022-01-31 00:00:00+00:00,2960.5952960449968,2029.9221081304909,10,1068.4838355436702,5895.560449771631
2022-02-01 00:00:00+00:00,2896.152226138491,2094.3651780369964,10,1074.8083141087463,6117.784231384578
2022-02-02 00:00:00+00:00,2985.113319619791,1714.5006906504163,9,1024.859405109329,5764.968810664789
2022-02-03 00:00:00+00:00,2960.6964309481673,1986.3972276938239,10,1036.3936829614436,5828.813868642326
2022-02-04 00:00:00+00:00,2774.9448127690976,2172.1488458728936,10,1154.7957880632812,6400.388683450303
2022-02-05 00:00:00+00:00,2756.247464403154,1906.4253208654509,9,1149.4721042748733,6408.607098383988
2022-02-06 00:00:00+00:00,2712.6151129368045,1950.0576723317995,9,1177.2010359888025,6574.07241500726
2022-02-07 00:00:00+00:00,2599.0633242942863,2063.609460974318,9,1217.730585656659,6903.397878317328
2022-02-08 00:00:00+00:00,2648.1408846353806,1751.540179664789,8,1223.3692573098301,6814.965955609272
2022-02-09 00:00:00+00:00,2616.3792001663305,1783.3018641338392,8,1232.5280711236237,6977.909224067459
2022-02-10 00:00:00+00:00,2695.919872123244,1703.7611921769253,8,1208.1601210354765,6770.389569861534
2022-02-11 00:00:00+00:00,2786.9485570551556,1612.7325072450137,8,1177.0027102961737,6287.800104050065
2022-02-12 00:00:00+00:00,2771.2168411756284,1907.02343864649,9,1172.673432641675,6264.857059258201
2022-02-13 00:00:00+00:00,2790.70253570513,1887.5377441169885,9,1168.1122194782897,6165.80421651027
2022-02-14 00:00:00+00:00,2776.835066666206,1901.4052131559126,9,1181.5083700442567,6285.858077078461
2022-02-15 00:00:00+00:00,2668.869326973483,1714.912037674745,8,1237.3095535786822,6828.652516448393
2022-02-16 00:00:00+00:00,2698.673687663119,1432.735505349469,7,1218.6630497325061,6786.629507386114
2022-02-17 00:00:00+00:00,2799.5486301066276,1331.8605629059603,7,1125.392754179221,6299.856436935076
2022-02-18 00:00:00+00:00,2826.8088362020408,1304.600356810547,7,1110.3583333959928,6124.727253194522
2022-02-19 00:00:00+00:00,2819.4342543930147,1311.9749386195726,7,1113.2673879882911,6195.9674363361755
2022-02-20 00:00:00+00:00,2876.619596904645,1254.7895961079428,7,1066.2614211645064,5851.847365246055
2022-02-21 00:00:00+00:00,2961.4797085442187,1457.4243027964067,8,1027.964841024721,5421.835838727966
2022-02-22 00:00:00+00:00,2888.50899322269,1998.1859446136891,10,1061.9126998146521,5650.21633335683
2022-02-23 00:00:00+00:00,2934.5596536668463,1637.158234757726,9,1034.6826377701366,5522.316263752925
2022-02-24 00:00:00+00:00,2914.5542567178804,1934.1696472280894,10,1064.6037072518895,5584.756813336421
2022-02-25 00:00:00+00:00,2831.4459402902503,1728.8198237175916,9,1089.3794194083546,5857.910902274092
2022-02-26 00:00:00+00:00,2835.1887315957047,1725.077032412137,9,1086.5336957095008,5862.412540234328
2022-02-27 00:00:00+00:00,2906.448200368305,1653.8175636395372,9,1047.1560461079346,5536.9242902699
2022-02-28 00:00:00+00:00,2719.079356412153,1841.186407595689,9,1198.8427022209953,6178.55438385264
2022-03-01 00:00:00+00:00,2707.192619018585,1337.9364079476811,7,1233.8746859105484,6265.709249874378
2022-03-02 00:00:00+00:00,2715.1997121021477,1329.9293148641184,7,1219.2024733950905,6162.217711449157
2022-03-03 00:00:00+00:00,2744.974788648501,827.8478814729569,5,1179.2323466193266,5914.677236858403
2022-03-04 00:00:00+00:00,2785.9280836325315,606.7381445183116,4,1087.4208837518765,5581.14897272933
2022-03-05 00:00:00+00:00,2766.9062755319787,904.2097573336506,5,1094.345616969293,5682.740910775693
2022-03-06 00:00:00+00:00,2805.138403458017,865.9776294076123,5,1067.2036070880313,5432.8434872921625
2022-03-07 00:00:00+00:00,2835.6619640723907,835.4540687932387,5,1055.1815702495637,5319.507622208384
2022-03-08 00:00:00+00:00,2824.3744126137026,846.7416202519269,5,1075.8093866524916,5389.7302133843805
2022-03-09 00:00:00+00:00,2776.3793985097254,894.736634355904,5,1165.00261705675,5685.286940167081
2022-03-10 00:00:00+00:00,2821.490583984338,849.625448881291,5,1095.0133690212251,5412.999897499033
2022-03-11 00:00:00+00:00,2828.624622626505,842.4914102391245,5,1075.7799433423816,5311.162341889561
2022-03-12 00:00:00+00:00,2822.991179672372,848.1248531932579,5,1077.9406934305598,5308.669145583501
2022-03-13 00:00:00+00:00,2848.085815936743,823.030216928886,5,1049.3301290157851,5141.325592541217
2022-03-14 00:00:00+00:00,2802.4292607835428,1722.558830131986,8,1101.9400466081772,5265.84391439009
2022-03-15 00:00:00+00:00,2794.3551220776844,1146.7378153429395,6,1091.0782428482953,5287.1636713918615
2022-03-16 00:00:00+00:00,2729.7698391884096,1211.323098232214,6,1142.0115583668673,5564.4323162424025
2022-03-17 00:00:00+00:00,2731.1902500078527,1209.9026874127712,6,1136.564545996489,5689.001620264235
2022-03-18 00:00:00+00:00,2694.087267432453,1519.9669660815807,7,1159.8861475074198,5927.891811848484
2022-03-19 00:00:00+00:00,2659.5340327125436,1554.5202008014899,7,1172.2084505555956,6125.302141090748
2022-03-20 00:00:00+00:00,2709.5289754097894,1504.5252581042441,7,1146.1255665370702,5886.266730590382
2022-03-21 00:00:00+00:00,2682.487513967989,2073.163664371083,9,1138.9075112868582,5963.94610070952
2022-03-22 00:00:00+00:00,2619.613006428598,2136.038171910474,9,1176.7360539027231,6037.565754339049
2022-03-23 00:00:00+00:00,2540.6443538083513,1933.4189689312666,8,1191.1418877918074,6300.7594578049
2022-03-24 00:00:00+00:00,2502.693797713211,623.3043344433759,3,1221.9379235645695,6502.792462603649
2022-03-25 00:00:00+00:00,2513.013417292816,230.00021235735392,1,1230.873690415925,6279.716450100296
2022-03-26 00:00:00+00:00,2503.869677963625,239.1439516865454,1,1236.376533968682,6464.355006685498
2022-03-27 00:00:00+00:00,2488.3956575603775,254.61797208979243,1,1300.720999475353,6783.29520517399
2022-03-28 00:00:00+00:00,2493.83029890773,500.9454993986972,2,1308.899851043216,6733.951207677045
2022-03-29 00:00:00+00:00,2497.0330895916145,760.355567750399,3,1317.58257208787,6907.082181215935
2022-03-30 00:00:00+00:00,2506.5708169885106,1265.535106824759,5,1307.393797954374,7036.835877425895
2022-03-31 00:00:00+00:00,2478.1639044477383,1487.9079863373793,6,1264.1274092816554,6954.98482416147
2022-04-01 00:00:00+00:00,2517.7682904098074,1044.0735539882403,4,1285.6029708020947,7139.803598277075
2022-04-02 00:00:00+00:00,2502.495315464244,1280.6999108021255,5,1272.4787542040317,7067.116211139113
2022-04-03 00:00:00+00:00,2532.9222963791435,1311.1268917170248,5,1289.0433938117585,7286.0344214966035
2022-04-04 00:00:00+00:00,2511.7847246929814,1543.400047132047,6,1293.8532085086213,7227.519977155014
2022-04-05 00:00:00+00:00,2471.180846568871,1254.8719196513491,5,1263.772145190798,7241.055067989422
2022-04-06 00:00:00+00:00,2334.1827358411642,1365.1202904304866,6,1199.133524350102,6469.70340535653
2022-04-07 00:00:00+00:00,2350.1845906930544,477.0990177339645,2,1206.7365647683582,6710.167779232076
2022-04-08 00:00:00+00:00,2337.110354087125,464.0247811280352,2,1173.6217294408832,6434.941590577203
2022-04-09 00:00:00+00:00,2344.4571989711912,471.3716260121013,2,1187.5645256134237,6534.103442251616
2022-04-10 00:00:00+00:00,2330.77414553149,457.68857257240023,2,1171.0340513561075,6435.698152397276
2022-04-11 00:00:00+00:00,2328.258387232098,441.5014771688139,2,1098.0257529659855,5875.797256691259
2022-04-12 00:00:00+00:00,2300.062782916799,1177.2912637550419,5,1113.1498925149272,6053.446331394991
2022-04-13 00:00:00+00:00,2269.89354540693,1207.4605012649104,5,1142.9501333183978,6225.989156497906
2022-04-14 00:00:00+00:00,2268.8789236345774,0.0,0,1109.4678121486986,6094.286272913396
2022-04-15 00:00:00+00:00,2268.8789236345774,0.0,0,1126.3982709961904,6167.363559529868
2022-04-16 00:00:00+00:00,2268.8789236345774,0.0,0,1121.5876229980984,6158.863014777355
2022-04-17 00:00:00+00:00,2268.8789236345774,0.0,0,1102.127539384822,5981.217408681216
2022-04-18 00:00:00+00:00,2268.8789236345774,0.0,0,1133.3210598440712,6112.682632445313
2022-04-19 00:00:00+00:00,2268.8789236345774,0.0,0,1152.5439303740072,6274.554404875539
2022-04-20 00:00:00+00:00,2268.8789236345774,0.0,0,1148.794352608187,6165.491131326844
2022-04-21 00:00:00+00:00,2274.4258785500374,221.22749350181576,1,1124.4014034831537,5950.50895998436
2022-04-22 00:00:00+00:00,2278.9240904129974,216.7292816388558,1,1102.9902839244648,5913.746827138833
2022-04-23 00:00:00+00:00,2282.6071900591796,213.04618199267384,1,1095.5577924911863,5836.406231053429
2022-04-24 00:00:00+00:00,2284.9015800027028,210.75179204915065,1,1095.79472780745,5762.200590732526
2022-04-25 00:00:00+00:00,2286.41104707081,209.24232498104328,1,1122.9034056395305,6100.546115391163
2022-04-26 00:00:00+00:00,2319.8842099239546,404.29594628262635,2,1058.643936858272,5623.50663205913
2022-04-27 00:00:00+00:00,2295.649933841893,1124.1498249294957,5,1089.8391239199802,5732.879524306612
2022-04-28 00:00:00+00:00,2304.853058012663,1114.9467007587257,5,1103.9038598391091,5678.428235985166
2022-04-29 00:00:00+00:00,2367.4932237384137,1282.676604266024,6,1072.0728639392673,5447.534344537929
2022-04-30 00:00:00+00:00,2457.552885312898,1192.6169426915394,6,1045.2597302765948,5056.428434739505
2022-05-01 00:00:00+00:00,2403.2393748665577,1492.5485897819433,7,1068.5241117697642,5257.951579628594
2022-05-02 00:00:00+00:00,2402.8241982213776,1492.9637664271231,7,1070.1021065314226,5255.322113316423
2022-05-03 00:00:00+00:00,2430.8918470804933,1705.0472247677915,8,1047.986014132549,5182.454254062405
2022-05-04 00:00:00+00:00,2251.663633189082,2283.8264690289643,10,1102.457526671717,5640.845339003352
2022-05-05 00:00:00+00:00,2444.642384306011,1926.0118804363815,9,1015.3211614690216,5135.909847740501
2022-05-06 00:00:00+00:00,2473.228372251172,2045.8323373670833,10,1000.3439607035544,5048.46868876291
2022-05-07 00:00:00+00:00,2535.526938923132,1983.5337706951225,10,985.3062067154079,4921.312797294875
2022-05-08 00:00:00+00:00,2606.2434192741334,1912.8172903441216,10,945.4746857108231,4725.986229468013
2022-05-09 00:00:00+00:00,2922.2974161275274,1596.7632934907274,10,835.4208700935204,3885.721751019956
2022-05-10 00:00:00+00:00,2826.5753850235765,1692.4853245946786,10,861.5529188845883,4144.195163969866
2022-05-11 00:00:00+00:00,3125.549979475761,1393.5107301424941,10,808.4116328748311,3259.884088387308
2022-05-12 00:00:00+00:00,3195.9026783578397,1323.158031260415,10,806.3508789341969,3107.1051600635783
2022-05-13 00:00:00+00:00,3090.8398950110172,1428.2208146072376,10,813.497825812822,3337.1410832144797
2022-05-14 00:00:00+00:00,3043.980871101507,1475.079838516748,10,835.7105811543213,3448.359867177355
2022-05-15 00:00:00+00:00,2945.428711017753,1573.6319986005028,10,870.2134185631213,3684.92231544621
2022-05-16 00:00:00+00:00,3052.7071355945213,1466.3535740237342,10,829.8016421357052,3413.622476136676
2022-05-17 00:00:00+00:00,2998.746903048559,1520.3138065696962,10,845.6599200678648,3548.779654061269
2022-05-18 00:00:00+00:00,3147.1436089515128,1371.9171006667423,10,797.617048747465,3185.337081193109
2022-05-19 00:00:00+00:00,3076.377843662366,1442.6828659558892,10,842.1683879161229,3330.014346196119
2022-05-20 00:00:00+00:00,3126.538244873085,1392.5224647451705,10,811.1079178865223,3208.8525221645446
2022-05-21 00:00:00+00:00,3097.931335483681,1421.1293741345744,10,817.8868233887706,3276.934437910537
2022-05-22 00:00:00+00:00,3055.8811780242067,1463.1795315940485,10,841.4659149796269,3385.1881150350796
2022-05-23 00:00:00+00:00,3113.7337664585198,1405.3269431597355,10,808.5563495216934,3231.492851368236
2022-05-24 00:00:00+00:00,3089.694621775627,1429.3660878426283,10,823.7065991758268,3268.9336650504633
2022-05-25 00:00:00+00:00,3118.802347625298,1400.2583619929571,10,820.5836639346148,3186.4902660596786
2022-05-26 00:00:00+00:00,3210.8734253856,1308.1872842326547,10,811.1173619671237,2922.3561593972036
2022-05-27 00:00:00+00:00,3240.1004367507267,1278.9602728675288,10,795.2415847091438,2891.525583879081
2022-05-28 00:00:00+00:00,3196.186663749536,1322.8740458687193,10,806.3947661322857,2999.800593106206
2022-05-29 00:00:00+00:00,3172.4908453813273,1346.5698642369277,10,818.5267987330516,3064.32324950313
2022-05-30 00:00:00+00:00,3061.8228606547627,1457.2378489634925,10,881.4721514753372,3296.9890885948803
2022-05-31 00:00:00+00:00,3060.8443368817702,1458.2163727364848,10,883.3281910805829,3261.129430491857
2022-06-01 00:00:00+00:00,3178.907413004294,1340.1532966139612,10,827.907826208054,2990.000739911276
2022-06-02 00:00:00+00:00,3138.9020378300065,1380.158671788248,10,845.8735229497016,3079.8301286499923
2022-06-03 00:00:00+00:00,3195.366764013592,1323.6939456046628,10,824.9740503459459,2946.649611586094
2022-06-04 00:00:00+00:00,3168.148180987321,1350.9125286309336,10,829.5247083604238,3024.3039919603457
2022-06-05 00:00:00+00:00,3168.696931002761,1350.3637786154939,10,831.0571493215343,3003.7207575224097
2022-06-06 00:00:00+00:00,3117.69922854976,1401.3614810684949,10,871.4414268083759,3125.5047307305713
2022-06-07 00:00:00+00:00,3130.4684287215223,1388.5922808967327,10,864.5591919536657,3044.649369203907
2022-06-08 00:00:00+00:00,3140.144694632456,1378.9160149857996,10,838.9890659583793,3032.6184766651945
2022-06-09 00:00:00+00:00,3126.7427623258995,1392.317947292355,10,836.35472300475,3044.1513833403965
2022-06-10 00:00:00+00:00,3217.265413032024,1301.7952965862316,10,808.076645780559,2846.175761248263
2022-06-11 00:00:00+00:00,3303.8276580659044,1215.2330515523504,10,789.5445819699056,2640.1038192134133
2022-06-12 00:00:00+00:00,3402.973057734987,1116.0876518832674,10,738.1529507750904,2394.5668347304095
2022-06-13 00:00:00+00:00,3516.149399638422,1002.9113099798333,10,624.6262134001721,2141.147096646852
2022-06-14 00:00:00+00:00,3486.3537039421217,1032.7070056761336,10,614.87658901464,2195.307014605965
2022-06-15 00:00:00+00:00,3399.1338770609723,1119.9268325572828,10,627.3013881140486,2417.7493540213404
2022-06-16 00:00:00+00:00,3533.1878129433453,985.8728966749101,10,566.6812235692357,2121.238170299451
2022-06-17 00:00:00+00:00,3515.8989699706535,1003.1617396476022,10,568.5561513356843,2166.6906010128787
2022-06-18 00:00:00+00:00,3573.7379093794066,945.3228002388487,10,526.9460877402,2035.013213531452
2022-06-19 00:00:00+00:00,3489.133760478224,1029.9269491400314,10,571.4779832135023,2240.5363246544284
2022-06-20 00:00:00+00:00,3470.8261013587517,1048.2346082595038,10,571.4749277756606,2278.770380604054
2022-06-21 00:00:00+00:00,3460.6466666251695,939.5634714736841,9,575.631156541493,2337.2786273844745
2022-06-22 00:00:00+00:00,3496.7101316000717,771.8201547411204,8,555.2005547628877,2218.960041699413
2022-06-23 00:00:00+00:00,3407.6193209504245,1527.9659865902972,10,586.3699094864805,2382.184129362135
2022-06-24 00:00:00+00:00,3329.5411405721156,1606.044166968606,10,589.9131063144533,2539.578683708347
2022-06-25 00:00:00+00:00,3321.40839876931,1614.1769087714117,10,596.9545017040044,2580.76600517727
2022-06-26 00:00:00+00:00,3379.9131676076454,1555.6721399330763,10,584.3683199331431,2534.9104235269424
2022-06-27 00:00:00+00:00,3400.479302052252,1535.1060054884701,10,576.1600250551699,2503.6069245267454
2022-06-28 00:00:00+00:00,3466.0575978239076,1469.5277097168141,10,563.347463116952,2355.931347989418
2022-06-29 00:00:00+00:00,3489.243250713822,1446.3420568268998,10,558.9509658299377,2349.2224601489074
2022-06-30 00:00:00+00:00,3501.85899526304,1433.7263122776822,10,553.9289370866207,2289.409824215859
2022-07-01 00:00:00+00:00,3541.5379769966603,1394.0473305440612,10,535.529368171463,2241.169493676303
2022-07-02 00:00:00+00:00,3523.9271837823603,1411.6581237583614,10,534.7796748319602,2262.0326451272795
2022-07-03 00:00:00+00:00,3518.3191047740606,1417.266202766661,10,536.5301629481318,2278.6596538005183
2022-07-04 00:00:00+00:00,3455.174283015958,1480.4110245247641,10,562.1091774898664,2400.029759696156
2022-07-05 00:00:00+00:00,3484.303940143649,1451.2813673970727,10,560.4181315280682,2354.9239732854926
2022-07-06 00:00:00+00:00,3453.460649502036,1482.1246580386855,10,571.2143822578934,2431.855814710458
2022-07-07 00:00:00+00:00,3422.318316593057,856.5191929574069,8,600.6707474206436,2518.6636147533063
2022-07-08 00:00:00+00:00,3433.495215199968,845.3422943504951,8,599.8310575483512,2473.0860142700417
2022-07-09 00:00:00+00:00,3419.132257007281,1202.8801719756602,9,599.7499495620101,2496.055033430774
2022-07-10 00:00:00+00:00,3479.259602817943,1476.929849069148,10,579.4907300696119,2407.2135102941297
2022-07-11 00:00:00+00:00,3554.270866830304,1401.9185850567862,10,554.5233586303541,2236.9189761691687
2022-07-12 00:00:00+00:00,3595.093993665671,1361.0954582214185,10,536.8890380109838,2165.867317835253
2022-07-13 00:00:00+00:00,3526.894974663363,1429.2944772237283,10,562.0580683477884,2299.0584294846544
2022-07-14 00:00:00+00:00,3488.54725898578,1467.6421929013104,10,571.8901895550443,2372.9352572165253
2022-07-15 00:00:00+00:00,3479.7720443166463,1476.4174075704439,10,578.589931440487,2377.635894435938
2022-07-16 00:00:00+00:00,3408.7545987036574,1547.434853183433,10,588.743984689419,2507.2464140350708
2022-07-17 00:00:00+00:00,3446.7395521006,1509.4498997864903,10,577.7044100005703,2453.74405830897
2022-07-18 00:00:00+00:00,3290.6786562050006,1665.51079568209,10,623.103216519663,2719.7072146087125
2022-07-19 00:00:00+00:00,3247.8999681328637,1588.664173889646,9,649.8810737636186,2784.4871430605544
2022-07-20 00:00:00+00:00,3301.2213614528605,1451.8199929796942,8,645.0668147935319,2707.309791354437
2022-07-21 00:00:00+00:00,3277.7628020104025,1475.2785524221522,8,643.0916131124629,2772.4761081526076
2022-07-22 00:00:00+00:00,3308.787307825819,1110.1516026080003,5,630.1098910246502,2669.3140212528206
2022-07-23 00:00:00+00:00,3285.2418547918187,600.2636856093904,3,623.6168078441316,2689.463218389541
2022-07-24 00:00:00+00:00,3284.203567091728,137.4589342253343,1,627.1891702151381,2707.3406696892403
2022-07-25 00:00:00+00:00,3284.122866664622,0.0,0,591.9466390815896,2463.452492227797
2022-07-26 00:00:00+00:00,3292.8782725008764,1304.0990506171975,4,590.3847548103688,2464.4072025124633
2022-07-27 00:00:00+00:00,3192.4137491447086,1076.7917842094027,3,637.5434935262346,2711.00388694527
2022-07-28 00:00:00+00:00,3191.1044699891586,0.0,0,662.2780961553761,2800.2903686815557
2022-07-29 00:00:00+00:00,3191.1044699891586,0.0,0,660.3565035200738,2835.6031630828375
2022-07-30 00:00:00+00:00,3191.1044699891586,0.0,0,656.7388651155959,2843.4160126863067
2022-07-31 00:00:00+00:00,3191.1044699891586,0.0,0,647.0117398632611,2789.8904119215276
2022-08-01 00:00:00+00:00,3191.1044699891586,0.0,0,646.308711392612,2769.9814938663294
2022-08-02 00:00:00+00:00,3191.1044699891586,0.0,0,638.5251223746241,2703.7144455495927
2022-08-03 00:00:00+00:00,3191.1044699891586,0.0,0,633.8191925643765,2718.0960043226783
2022-08-04 00:00:00+00:00,3188.4794052404236,321.57595652415137,1,628.3919016564303,2758.2218526526067
2022-08-05 00:00:00+00:00,3174.2349899630212,335.8203718015539,1,647.5422749793969,2884.739130825248
2022-08-06 00:00:00+00:00,3173.9998821207228,0.0,0,637.5923805317004,2892.0675364750473
2022-08-07 00:00:00+00:00,3173.9998821207228,0.0,0,643.7082560223172,2959.7130202583803
2022-08-08 00:00:00+00:00,3173.9998821207228,0.0,0,661.3634091724258,3014.4401873290285
2022-08-09 00:00:00+00:00,3173.9998821207228,0.0,0,643.0293932873246,2947.233682247233
2022-08-10 00:00:00+00:00,3173.9998821207228,0.0,0,665.3646439095651,3083.57979178281
2022-08-11 00:00:00+00:00,3173.9998821207228,0.0,0,664.8185538371447,3054.118123593341
2022-08-12 00:00:00+00:00,3173.9998821207228,0.0,0,677.8538849707243,3139.08825236162
2022-08-13 00:00:00+00:00,3173.9998821207228,0.0,0,678.9010668491703,3155.526393045627
2022-08-14 00:00:00+00:00,3173.9998821207228,0.0,0,675.1195458695511,3187.93006705314
2022-08-15 00:00:00+00:00,3173.9998821207228,0.0,0,669.2747710456089,3104.10988663205
2022-08-16 00:00:00+00:00,3173.9998821207228,0.0,0,662.6061390727356,3175.8369328946706
2022-08-17 00:00:00+00:00,3173.9998821207228,0.0,0,648.3822426187659,3015.1041922080262
2022-08-18 00:00:00+00:00,3173.9998821207228,0.0,0,644.175182477932,2886.289570866023
2022-08-19 00:00:00+00:00,3173.9998821207228,0.0,0,578.7107601187693,2621.177386938665
2022-08-20 00:00:00+00:00,3173.9998821207228,0.0,0,587.2015441135541,2632.0882442911875
2022-08-21 00:00:00+00:00,3173.9998821207228,0.0,0,597.6328089048441,2702.3437354090665
2022-08-22 00:00:00+00:00,3173.9998821207228,0.0,0,594.416821693001,2672.344701811118
2022-08-23 00:00:00+00:00,3173.9998821207228,0.0,0,598.0080722252102,2713.9617326314533
2022-08-24 00:00:00+00:00,3173.9998821207228,0.0,0,593.5349112250789,2674.506419752181
2022-08-25 00:00:00+00:00,3170.412030750319,320.8291395883701,1,598.8391513181308,2705.4413954913202
2022-08-26 00:00:00+00:00,3202.7041613298115,288.5370090088772,1,562.2297284010722,2473.1511284731614
2022-08-27 00:00:00+00:00,3204.4324725439255,286.80869779476353,1,556.5785572294582,2463.2953986074394
2022-08-28 00:00:00+00:00,3315.5162071260816,2737.3614655376377,9,543.1904619087098,2371.2661419691103
2022-08-29 00:00:00+00:00,3169.6209856966543,2883.256686967065,9,563.4707916989229,2482.206632435992
2022-08-30 00:00:00+00:00,3220.209021516519,2499.03723410837,8,550.3026879027711,2439.2762246876273
2022-08-31 00:00:00+00:00,3220.1915284648094,2499.0547271600785,8,556.9235439384847,2430.449031876352
2022-09-01 00:00:00+00:00,3174.946464070532,2544.2997915543565,8,559.1856790095893,2462.124149461609
2022-09-02 00:00:00+00:00,3190.789448248912,2188.5441841005563,7,554.1969823154539,2436.7618408326316
2022-09-03 00:00:00+00:00,3171.898092152541,2207.4355401969265,7,550.8648884656292,2459.246090793685
2022-09-04 00:00:00+00:00,3154.7118734149526,1234.1469172340715,4,555.5424860340726,2498.8010821256394
2022-09-05 00:00:00+00:00,3149.757669802978,1239.101120846046,4,549.891037095382,2505.8791312226754
2022-09-06 00:00:00+00:00,3227.712795398328,1475.9597787170608,5,521.9412805556269,2360.8197498089085
2022-09-07 00:00:00+00:00,3088.0153023190774,3130.546791131683,10,535.8915764392332,2468.700113884111
2022-09-08 00:00:00+00:00,3047.5878991532227,3170.974194297538,10,536.6396031762771,2487.0195472914515
2022-09-09 00:00:00+00:00,2876.758295582122,3341.803797868639,10,593.3135308650997,2612.953683980885
2022-09-10 00:00:00+00:00,2854.6360547408567,2380.666864686102,7,601.319611311373,2647.2839312984484
2022-09-11 00:00:00+00:00,2860.0772660173925,2375.2256534095663,7,606.2785869283219,2639.350780063815
2022-09-12 00:00:00+00:00,2813.514484454211,2065.706336756778,6,622.0799226097969,2659.362470167903
2022-09-13 00:00:00+00:00,3005.330827039948,1873.889994171041,6,560.3553561687767,2434.3280485252703
2022-09-14 00:00:00+00:00,2953.49713558102,2526.4580945387984,8,561.8314104133556,2493.681495540036
2022-09-15 00:00:00+00:00,3072.6844894732717,2834.896909811777,10,547.2533609368346,2388.6007374779424
2022-09-16 00:00:00+00:00,3041.122872686642,2866.458526598407,10,550.070474626808,2406.2139957113586
2022-09-17 00:00:00+00:00,2953.9939648103546,2953.5874344746944,10,558.6901425450939,2471.5205332724277
2022-09-18 00:00:00+00:00,3161.0199886769637,2746.561410608085,10,539.3175555609185,2285.1810485561728
2022-09-19 00:00:00+00:00,3093.8075574045843,2813.773841880465,10,542.6740929134761,2338.3270948302415
2022-09-20 00:00:00+00:00,3161.0507479015396,2377.8270516955995,9,524.2853569143023,2286.291631974284
2022-09-21 00:00:00+00:00,3212.0641659063,2326.8136336908397,9,512.7957995615059,2241.917712379748
2022-09-22 00:00:00+00:00,3087.7690862463023,2451.1087133508368,9,538.9134044645953,2366.275075907559
2022-09-23 00:00:00+00:00,3045.5139789370155,2493.3638206601236,9,535.8101906858155,2428.9927805346956
2022-09-24 00:00:00+00:00,3077.275894574411,2461.601905022728,9,525.5491971124268,2401.626104487659
2022-09-25 00:00:00+00:00,3109.0175392049878,2429.8602603921518,9,522.4070959429356,2364.194982277922
2022-09-26 00:00:00+00:00,3056.14796943213,2482.7298301650094,9,534.0855349077594,2393.163702433864
2022-09-27 00:00:00+00:00,3093.4818788864877,2445.395920710651,9,529.955416247119,2358.131087990161
2022-09-28 00:00:00+00:00,3074.7564690646054,2320.85956165141,8,539.2242258232109,2371.5383186741615
2022-09-29 00:00:00+00:00,3058.6572562393485,2031.71600215645,7,544.1876457133839,2392.9062279464324
2022-09-30 00:00:00+00:00,3074.5018873376944,2015.871371058104,7,539.496159791115,2384.6423663592745
2022-10-01 00:00:00+00:00,3103.466562596936,2294.141916744859,8,536.3946126147945,2350.7025519906088
2022-10-02 00:00:00+00:00,3141.218998257739,2256.3894810840566,8,529.3351623652702,2307.955722831343
2022-10-03 00:00:00+00:00,3083.0108182580775,2314.597661083718,8,545.2312166198354,2361.6992913210906
2022-10-04 00:00:00+00:00,3000.164743261853,2397.4437360799425,8,564.917680400468,2465.5165287877758
2022-10-05 00:00:00+00:00,3019.244910101794,2378.363569240001,8,559.9300947746385,2447.9181272682977
2022-10-06 00:00:00+00:00,3033.3653945569195,1411.1731619486761,5,554.4416951098599,2406.1630673266127
2022-10-07 00:00:00+00:00,3049.8529924791737,1394.6855640264218,5,542.4816003294541,2377.2089291636557
2022-10-08 00:00:00+00:00,3058.522819745042,1386.0157367605534,5,539.3669981005374,2350.2953995312264
2022-10-09 00:00:00+00:00,3046.3566492530035,1398.1819072525918,5,539.9519755636694,2369.675928294296
2022-10-10 00:00:00+00:00,3093.203156111136,1351.3354003944592,5,531.4203598086374,2280.9880756433017
2022-10-11 00:00:00+00:00,3110.7979463475363,1333.7406101580589,5,529.4240478297537,2263.333031412129
2022-10-12 00:00:00+00:00,3112.1522741764275,1332.3862823291684,5,532.0775567116622,2258.1766388588435
2022-10-13 00:00:00+00:00,3121.0329307680377,1323.505625737558,5,538.1773217118414,2239.592497386985
2022-10-14 00:00:00+00:00,3131.75080298306,1312.7877535225355,5,532.6719782553955,2216.883019209473
2022-10-15 00:00:00+00:00,3147.1148532404,1923.4391367133114,7,529.6848711145974,2199.8537119742246
2022-10-16 00:00:00+00:00,3101.972278357575,2283.1532289476463,8,535.0621639487717,2234.1458687705276
2022-10-17 00:00:00+00:00,3074.258903220215,1359.8949957523653,5,543.0307458397161,2275.5499587086265
2022-10-18 00:00:00+00:00,3104.967362862173,1329.186536110407,5,536.8526505239608,2240.6519270909007
2022-10-19 00:00:00+00:00,3147.221499931612,1286.932399040968,5,531.2009238181939,2181.563105236532
2022-10-20 00:00:00+00:00,3176.52286387666,2515.5964107537475,9,528.921844955422,2170.3467051284792
2022-10-21 00:00:00+00:00,3150.3295292667603,2541.789745363647,9,532.3231028072978,2195.878149871682
2022-10-22 00:00:00+00:00,3141.314706921369,2550.804567709038,9,533.4336155791883,2203.858285937521
2022-10-23 00:00:00+00:00,3070.921113653498,2621.198160976909,9,543.6012794148695,2261.614683170152
2022-10-24 00:00:00+00:00,3104.937968531211,1934.5000123759735,7,536.9159814174054,2218.8660093599483
2022-10-25 00:00:00+00:00,2960.1882329404834,2389.6182301059303,8,557.7582340033999,2361.6661771407294
2022-10-26 00:00:00+00:00,2922.267662689129,1767.712863150438,6,576.9663828782809,2499.6937814231064
2022-10-27 00:00:00+00:00,2958.8824916851063,1448.47462923137,5,563.7313372166901,2505.6110920188457
2022-10-28 00:00:00+00:00,2891.5573275818033,1515.799793334673,5,571.9735196779976,2658.06912078227
2022-10-29 00:00:00+00:00,2857.667273159471,615.6754697684901,2,578.0241199056343,3075.0278163699813
2022-10-30 00:00:00+00:00,2866.719930826006,263.020493050436,1,572.9634815386825,3035.0062449446386
2022-10-31 00:00:00+00:00,2866.7847780876064,262.9556457888358,1,569.1652945344727,3162.611283175636
2022-11-01 00:00:00+00:00,2869.638057598015,260.10236627842676,1,568.9675243759967,3287.9708433968713
2022-11-02 00:00:00+00:00,2879.689383146047,250.0510407303948,1,559.7517683115185,3086.6457143962907
2022-11-03 00:00:00+00:00,2873.1815437248215,832.1886389442164,3,561.3067084058265,3063.190843775688
2022-11-04 00:00:00+00:00,2792.3086397159436,913.0615429530942,3,587.4362572932058,3249.076616615419
2022-11-05 00:00:00+00:00,2788.9057641988666,276.5087234632789,1,591.6263736423725,3250.5182435131646
2022-11-06 00:00:00+00:00,2804.663648767717,260.7508388944288,1,580.6881839364503,3039.804212052547
2022-11-07 00:00:00+00:00,2803.366703535713,262.04778412643293,1,571.9537982155654,2991.1041284344237
2022-11-08 00:00:00+00:00,2873.4614547944684,472.1560163698682,2,515.1809854475049,2574.79769038323
2022-11-09 00:00:00+00:00,3153.8129652391135,1053.3710516767064,5,442.28323835383424,2095.965176907065
2022-11-10 00:00:00+00:00,2790.250779241826,2677.621973865203,9,488.90199787296274,2474.208060686179
2022-11-11 00:00:00+00:00,2872.271986887955,2236.304404721437,8,474.1570103834587,2353.0248454443836
2022-11-12 00:00:00+00:00,2974.777317250677,1764.7596801126924,7,466.9842311667181,2308.8282466608016
2022-11-13 00:00:00+00:00,3030.761170638769,1708.7758267246,7,453.58946943613347,2238.5320475384824
2022-11-14 00:00:00+00:00,2962.958682563286,2368.4642965363223,9,461.6338817389653,2273.7889873694016
2022-11-15 00:00:00+00:00,2927.3153977964416,2404.107581303166,9,469.4421920267629,2301.402542106208
2022-11-16 00:00:00+00:00,2991.538922682459,2339.884056417149,9,462.83661318025736,2251.673526744404
2022-11-17 00:00:00+00:00,3008.315065232492,2323.107913867116,9,463.6643590682599,2223.1208699895337
2022-11-18 00:00:00+00:00,3001.88905700669,2329.533922092919,9,463.883517291627,2235.189751798895
2022-11-19 00:00:00+00:00,3010.289441405881,2321.1335376937272,9,463.8899059343867,2226.844944619382
2022-11-20 00:00:00+00:00,3117.3276673648493,1928.6782862430452,8,452.2111892024864,2087.277351302536
2022-11-21 00:00:00+00:00,3148.209750880901,1897.7962027269937,8,438.35227868705215,2026.1331199606072
2022-11-22 00:00:00+00:00,3056.421617286047,2282.14538329595,9,450.7309684517599,2121.8405979202143
2022-11-23 00:00:00+00:00,2940.0455181789407,2398.5214824030563,9,461.17973256887,2247.3375525464917
2022-11-24 00:00:00+00:00,2918.468608342897,2075.338519083141,8,461.0641814650415,2247.992054479845
2022-11-25 00:00:00+00:00,2931.949480432507,2061.8576469935315,8,458.9306525503613,2319.3214131284053
2022-11-26 00:00:00+00:00,2921.720986978401,2072.086140447637,8,457.16488724498157,2332.1041106495763
2022-11-27 00:00:00+00:00,2937.621501955023,2056.1856254710146,8,456.3374191240556,2419.3938499334727
2022-11-28 00:00:00+00:00,2966.6173755320006,2027.1897518940373,8,450.3412612434151,2340.9806028327366
2022-11-29 00:00:00+00:00,2932.00347472361,1697.432080794475,7,456.7193488542581,2420.938025667302
2022-11-30 00:00:00+00:00,2859.181326629116,1770.254228888969,7,476.7494105085348,2529.3440296316207
2022-12-01 00:00:00+00:00,2890.535879637902,1738.899675880183,7,471.57544317436646,2449.615524245803
2022-12-02 00:00:00+00:00,2855.2605326797525,1774.1750228383323,7,474.7800419360727,2479.29319214753
2022-12-03 00:00:00+00:00,2892.820652714937,1736.6149028031477,7,469.01526403016567,2428.732908890961
2022-12-04 00:00:00+00:00,2857.269439063058,1772.1661164550264,7,475.14002806723073,2501.155238678515
2022-12-05 00:00:00+00:00,2877.628383761747,1751.807171756337,7,471.2693438560515,2455.5358846826193
2022-12-06 00:00:00+00:00,2864.971117280179,1764.464438237906,7,474.67504598115147,2450.6348379636925
2022-12-07 00:00:00+00:00,2916.571775616869,1712.8637799012156,7,467.66642710662876,2365.467740223631
2022-12-08 00:00:00+00:00,2876.145423073823,1753.2901324442612,7,478.4287902531196,2421.1553353593204
2022-12-09 00:00:00+00:00,2899.9781812054002,2016.945444042755,8,475.77500360413467,2389.6287294204267
2022-12-10 00:00:00+00:00,2900.1144052444256,2235.8236755163766,9,475.745282526948,2390.092525900894
2022-12-11 00:00:00+00:00,2934.8244032037937,2201.113677557008,9,474.56643905423573,2327.9930862349947
2022-12-12 00:00:00+00:00,2932.537767642969,2203.400313117833,9,478.03241663493867,2294.7187590235417
2022-12-13 00:00:00+00:00,2870.505971719821,2265.432109040981,9,493.7226454858092,2335.9389277796063
2022-12-14 00:00:00+00:00,2898.944832138378,2236.9932486224234,9,494.5128928184827,2292.1250513590517
2022-12-15 00:00:00+00:00,2953.2707681991587,2182.6673125616426,9,482.10198207289966,2216.482103553929
2022-12-16 00:00:00+00:00,3151.0568084310034,1984.8812723297985,9,461.98553485782804,1986.830103013436
2022-12-17 00:00:00+00:00,3117.1002641063287,2018.837816654473,9,465.9964914426453,2050.279210787001
2022-12-18 00:00:00+00:00,3123.8791562226766,2012.0589245381252,9,464.9323657725321,2051.307569115306
2022-12-19 00:00:00+00:00,3187.2658262979758,1948.6722544628258,9,456.6179638713317,1933.491687515774
2022-12-20 00:00:00+00:00,3145.074460013648,1205.8301531803568,6,469.30303072143096,2016.7395365010218
2022-12-21 00:00:00+00:00,3173.627118048218,2120.2517319267517,9,467.33393991604515,1986.1877051918138
2022-12-22 00:00:00+00:00,3151.068269386344,2142.8105805886253,9,467.2439433832557,2021.1333680036296
2022-12-23 00:00:00+00:00,3149.6963332863393,2144.1825166886306,9,466.05148932379444,2024.785555418803
2022-12-24 00:00:00+00:00,3157.108902606461,1816.5809719809376,8,467.6519832186502,2019.6000518722528
2022-12-25 00:00:00+00:00,3165.5035615935362,2123.734108591344,9,467.5405986209693,2002.396055784368
2022-12-26 00:00:00+00:00,3134.4933852256727,2154.744284959207,9,469.9649496647564,2010.2393038733585
2022-12-27 00:00:00+00:00,3157.1240733231753,1814.4815964050927,8,464.0476776338449,1982.5358065923908
2022-12-28 00:00:00+00:00,3231.9598568951724,1739.6458128330955,8,459.6297922819393,1910.1989364268027
2022-12-29 00:00:00+00:00,3250.2959479085534,1721.3097218197145,8,462.02303341315707,1909.1796316221178
2022-12-30 00:00:00+00:00,3261.3133959753995,1710.2922737528681,8,461.3011167813052,1882.4525295018525
2022-12-31 00:00:00+00:00,3254.281147273687,1717.3245224545808,8,459.4934086473724,1902.3060875722297
2023-01-01 00:00:00+00:00,3247.862718677891,1723.7429510503773,8,461.5586068612308,1903.3968997174538
2023-01-02 00:00:00+00:00,3204.2735244274195,1767.332145300848,8,463.1174356946099,1939.4375047079184
2023-01-03 00:00:00+00:00,3189.2882907782246,1782.3173789500433,8,463.181599889284,1950.1469526102494
2023-01-04 00:00:00+00:00,3128.5564354705793,1843.0492342576888,8,468.0475235356017,2031.3001579294194
2023-01-05 00:00:00+00:00,3157.1960759077583,1814.4095938205091,8,467.53337667698,2001.4902850355409
2023-01-06 00:00:00+00:00,3132.011845492844,1839.593824235424,8,470.83324954592945,2027.0898306137328
2023-01-07 00:00:00+00:00,3133.760851132252,1837.844818596016,8,470.6365904557597,2022.6689026073957
2023-01-08 00:00:00+00:00,3069.2618855430696,1902.3437841851985,8,475.7547266075494,2094.478674405726
2023-01-09 00:00:00+00:00,3036.7736202611104,1797.849890670616,7,477.1555059743937,2145.0011966833817
2023-01-10 00:00:00+00:00,3003.4607533047765,1831.1627576269502,7,484.44411406203943,2193.348306781565
2023-01-11 00:00:00+00:00,2902.724191925272,1722.8151647229897,6,498.40468732747667,2298.3454460674097
2023-01-12 00:00:00+00:00,2879.761535039669,1461.0589490437242,5,523.4970539511643,2327.7630246018266
2023-01-13 00:00:00+00:00,2828.633821370895,1512.1866627124982,5,553.5900612532774,2426.678754494161
2023-01-14 00:00:00+00:00,2761.5387330654403,1354.1343793958772,4,582.0586866919549,2567.866632072218
2023-01-15 00:00:00+00:00,2767.4449476855166,275.07398961501195,1,579.7415537397012,2534.072419668133
2023-01-16 00:00:00+00:00,2768.4722631531554,274.046674147373,1,588.4676064482908,2512.1872394815805
2023-01-17 00:00:00+00:00,2760.053838452362,1107.6097108900553,4,587.0554386313094,2506.5739901450133
2023-01-18 00:00:00+00:00,2752.1350443258157,1061.0638551802836,4,574.3520391541605,2384.326867130342
2023-01-19 00:00:00+00:00,2745.921777896135,820.3735601437298,3,585.2993951736075,2443.9066095369335
2023-01-20 00:00:00+00:00,2751.8117151026936,1168.127264532974,4,629.6204654358379,2612.5419681997146
2023-01-21 00:00:00+00:00,2741.6290077426306,851.9476850497709,3,632.8520076039656,2563.5130391769935
2023-01-22 00:00:00+00:00,2744.386470071515,854.7051473786555,3,630.7501441360077,2618.5455376572604
2023-01-23 00:00:00+00:00,2748.7954978195357,859.114175126676,3,636.5435320507953,2645.599429305408
2023-01-24 00:00:00+00:00,2718.174421069446,1103.5207058476456,4,628.6671688292525,2528.636607934181
2023-01-25 00:00:00+00:00,2739.405743396811,860.1009209206097,3,640.5569885393011,2619.962327922077
2023-01-26 00:00:00+00:00,2733.961576714431,1128.733796622214,4,639.1323212038768,2624.5514326401094
2023-01-27 00:00:00+00:00,2740.0163868953487,1134.7886068031316,4,640.9241966144485,2722.0869433919893
2023-01-28 00:00:00+00:00,2726.139385517825,1395.050069324665,5,639.4920295679584,2692.57680841508
2023-01-29 00:00:00+00:00,2771.556610775743,1440.4672945825832,5,659.482926064447,2784.4464959917304
2023-01-30 00:00:00+00:00,2715.2187896621263,1384.1294734689664,5,634.0352953499021,2667.43393883123
2023-01-31 00:00:00+00:00,2751.016607117286,1165.0341839064863,4,642.3399754034245,2769.414235585759
2023-02-01 00:00:00+00:00,2766.7171858150423,1180.7347626042424,4,659.2151586026906,2810.8217607910456
2023-02-02 00:00:00+00:00,2763.2743626634974,1454.1092095086337,5,652.4454194139671,2790.764123060122
2023-02-03 00:00:00+00:00,2782.075580099552,1472.9104269446889,5,650.8610360095491,2842.1326208196156
2023-02-04 00:00:00+00:00,2784.031207748052,1474.8660545931884,5,647.9428151037257,2852.1514801553917
2023-02-05 00:00:00+00:00,2745.8024208748266,1436.637267719963,5,637.0007366587322,2765.99559524555
2023-02-06 00:00:00+00:00,2729.939771672932,1155.692105874389,4,632.2678634420632,2706.246539181687
2023-02-07 00:00:00+00:00,2763.400231466005,1189.1525656674626,4,645.5434630968246,2815.8376474620113
2023-02-08 00:00:00+00:00,2734.6614885381055,1436.9004255024383,5,637.8365377919536,2754.482373396131
2023-02-09 00:00:00+00:00,2653.3374361057486,1089.0201165335643,4,605.4308418108106,2517.2018414485487
2023-02-10 00:00:00+00:00,2644.8987441510776,823.0469702065761,3,600.6765805292503,2496.460455142782
2023-02-11 00:00:00+00:00,2651.951142856554,564.7115889143836,2,607.2696598573127,2539.930747841812
2023-02-12 00:00:00+00:00,2648.6402686060414,826.7367562968946,3,605.0750221858003,2530.981294072806
2023-02-13 00:00:00+00:00,2631.8315421976595,549.0414355529986,2,604.8091990935793,2488.322328823199
2023-02-14 00:00:00+00:00,2639.093323395551,556.3032167508903,2,616.6384655809485,2554.8132377712145
2023-02-15 00:00:00+00:00,2705.9199193559907,887.1710997170549,3,675.642025740468,2753.5874386009423
2023-02-16 00:00:00+00:00,2663.9405113220996,1115.926462089095,4,653.2448330601655,2613.2260672268026
2023-02-17 00:00:00+00:00,2694.7272815551332,889.622144322633,3,682.4728736860238,2719.051695911114
2023-02-18 00:00:00+00:00,2711.092576906074,1714.743400976125,6,684.1944740262383,2744.1598745759493
2023-02-19 00:00:00+00:00,2702.8073712042105,1706.4581952742615,6,674.1895816973926,2729.268344140075
2023-02-20 00:00:00+00:00,2726.0843997680568,1729.735223838108,6,690.0345268098797,2791.9674436843534
2023-02-21 00:00:00+00:00,2678.944843005377,1955.3586824661525,7,679.200499757649,2730.4856479995724
2023-02-22 00:00:00+00:00,2665.210218362227,1941.624057823002,7,671.7021775272375,2705.953831257313
2023-02-23 00:00:00+00:00,2652.0268469254374,1928.4406863862125,7,664.9799365085976,2668.893602720918
2023-02-24 00:00:00+00:00,2612.644680015629,1110.287152620504,4,644.011022135714,2560.453930615843
2023-02-25 00:00:00+00:00,2609.940924752681,844.8159562741785,3,643.2271634458003,2537.214056927738
2023-02-26 00:00:00+00:00,2628.73801705787,863.6130485793678,3,654.2761822152504,2593.5626698053384
2023-02-27 00:00:00+00:00,2622.882093933974,857.7571254554716,3,652.5329160430681,2556.2890438746517
2023-02-28 00:00:00+00:00,2610.643663808404,845.5186953299021,3,642.7966244772084,2504.6737044781803
2023-03-01 00:00:00+00:00,2628.3408396518366,863.2158711733342,3,656.3349917863492,2559.7808714252583
2023-03-02 00:00:00+00:00,2613.699009935693,838.8742516142096,3,651.7893335792485,2516.7683651453094
2023-03-03 00:00:00+00:00,2585.7475600331663,557.4458939297128,2,620.9299669130418,2416.962388750518
2023-03-04 00:00:00+00:00,2585.357403652005,0.0,0,620.7141418945928,2371.359102583476
2023-03-05 00:00:00+00:00,2585.357403652005,0.0,0,623.0382190237594,2372.195551593294
2023-03-06 00:00:00+00:00,2585.357403652005,0.0,0,622.4760184609014,2372.8115329497423
2023-03-07 00:00:00+00:00,2585.357403652005,0.0,0,616.5862453705645,2356.533727866248
2023-03-08 00:00:00+00:00,2585.357403652005,0.0,0,602.9056613182502,2267.6633002192784
2023-03-09 00:00:00+00:00,2699.1954257466255,2211.1691151929704,9,565.5954320671547,2145.8900408463383
2023-03-10 00:00:00+00:00,2672.338007033516,2495.7927348995267,10,559.7198250977198,2161.88210117475
2023-03-11 00:00:00+00:00,2685.1526648240606,2482.9780771089822,10,568.192831999608,2155.364322200465
2023-03-12 00:00:00+00:00,2501.3183134536393,2666.812428479404,10,611.0072936388433,2316.95930802654
2023-03-13 00:00:00+00:00,2437.6649074356055,2184.5140618960672,8,669.7930844103782,2409.601558118318
2023-03-14 00:00:00+00:00,2399.766067707574,1945.0135281994546,7,685.2627662024992,2455.857989250452
2023-03-15 00:00:00+00:00,2520.5730880425044,2056.5042171327386,8,674.5756779337427,2325.3101451132275
2023-03-16 00:00:00+00:00,2487.319310799614,2103.629929691965,8,694.3838036938872,2407.687695760659
2023-03-17 00:00:00+00:00,2362.407100703536,2275.1570323661513,8,760.946517073574,2568.2389142854095
2023-03-18 00:00:00+00:00,2410.868400060107,2161.8284681994696,8,747.4014833545971,2483.6656808959783
2023-03-19 00:00:00+00:00,2379.314138646357,2219.8729061646345,8,776.994232151914,2540.279977683848
2023-03-20 00:00:00+00:00,2428.4083359499427,2153.1556544839054,8,769.8872837323064,2463.1524653716483
2023-03-21 00:00:00+00:00,2295.9240166452046,2311.267773549096,8,780.6774235864485,2590.168287920444
2023-03-22 00:00:00+00:00,2267.0047295650243,1475.1107119770088,6,756.942226898593,2490.186795720817
2023-03-23 00:00:00+00:00,2277.89202467377,1538.898748990663,6,785.9533314376963,2593.391053386597
2023-03-24 00:00:00+00:00,2255.2221276334903,1703.3577625693906,7,762.5947869055897,2501.299086174778
2023-03-25 00:00:00+00:00,2265.533501905206,1492.8021585431134,6,762.8303333864709,2486.6960784605135
2023-03-26 00:00:00+00:00,2276.1952849617473,1513.8081411890612,6,776.8603484210358,2521.1315633737286
2023-03-27 00:00:00+00:00,2279.2994611817794,1484.5163002668123,6,753.4406951320967,2437.582309814793
2023-03-28 00:00:00+00:00,2298.2188114917353,1304.862685148699,5,757.222771645869,2489.0744147190208
2023-03-29 00:00:00+00:00,2308.513702545058,1348.4897642982507,5,787.4307745176576,2549.019572064524
2023-03-30 00:00:00+00:00,2306.5681410770976,1333.9910627783445,5,778.5402836997737,2526.6025433152013
2023-03-31 00:00:00+00:00,2299.2215521791213,1362.579335537509,5,790.6739829029989,2595.8570630367344
2023-04-01 00:00:00+00:00,2265.989018903848,1368.1033689142218,5,790.3231630853655,2635.230112649667
2023-04-02 00:00:00+00:00,2283.4605830874207,1346.538368445656,5,782.5217969744807,2574.649168033437
2023-04-03 00:00:00+00:00,2211.862339734964,1393.5259045434163,5,772.1924727002703,2736.1615516551374
2023-04-04 00:00:00+00:00,2214.866393557749,1287.598249140316,5,782.3440260455138,2760.2494014064514
2023-04-05 00:00:00+00:00,2209.7536744700715,1294.4650946125157,5,782.4701322982497,2756.1667543422436
2023-04-06 00:00:00+00:00,2186.1129322121865,1269.797532535213,5,778.687222483248,2664.073313512974
2023-04-07 00:00:00+00:00,2180.7815615362215,957.3201859212736,4,775.1459700248107,2618.9776608510497
2023-04-08 00:00:00+00:00,2175.181947784955,762.487487372287,3,776.0362135050281,2600.2649636242095
2023-04-09 00:00:00+00:00,2180.556705074514,767.8622446618458,3,786.7408010996046,2632.4683567087695
2023-04-10 00:00:00+00:00,2206.064308134023,793.3698477213552,3,823.2277287359219,2689.722007024283
2023-04-11 00:00:00+00:00,2213.056980149954,1241.780822097759,5,838.868237280097,2709.817026998679
2023-04-12 00:00:00+00:00,2208.057817787507,1236.7816597353121,5,830.1921826452794,2711.9977122514597
2023-04-13 00:00:00+00:00,2253.616750808439,1503.2569094955295,6,843.6852739209489,2809.038501615413
2023-04-14 00:00:00+00:00,2293.3246018738637,1768.4271690121968,7,846.2710076361888,2866.643334120154
2023-04-15 00:00:00+00:00,2305.9200160187993,2010.4627837335875,8,841.4978581934256,2876.5915223192724
2023-04-16 00:00:00+00:00,2342.0758353472816,2277.3300576420643,9,841.76340351857,2954.02277334188
2023-04-17 00:00:00+00:00,2310.7127133152676,2245.9669356100503,9,817.4760058826109,2932.9578843150666
2023-04-18 00:00:00+00:00,2369.7339073384946,2078.155348671814,8,843.8566562071561,3004.5382664698113
2023-04-19 00:00:00+00:00,2193.430801150931,2138.9517879826967,9,799.888627899171,2778.5742354786885
2023-04-20 00:00:00+00:00,2151.7428387928203,1655.0183083604434,7,784.515609049676,2697.639530746943
2023-04-21 00:00:00+00:00,2082.47214361674,1585.7476131843632,7,757.2719364184114,2571.0688095887263
2023-04-22 00:00:00+00:00,2109.4683207525554,978.533287861736,4,772.6605102241912,2633.2112517704204
2023-04-23 00:00:00+00:00,2101.1055191088763,970.1704862180568,4,766.3760301181322,2596.2157717393397
2023-04-24 00:00:00+00:00,2096.256195424796,965.3211625339765,4,764.1630598195701,2590.5221123926094
2023-04-25 00:00:00+00:00,2116.2302505288085,985.295217637989,4,786.1027701248591,2648.7179271720474
2023-04-26 00:00:00+00:00,2108.1694900825914,977.2344571917721,4,789.2832031509088,2609.8462160289273
2023-04-27 00:00:00+00:00,2130.74235073015,982.0199472954307,4,818.6565159577823,2664.074209002452
2023-04-28 00:00:00+00:00,2130.093034622443,981.3706311877238,4,814.1825216564214,2652.063086464261
2023-04-29 00:00:00+00:00,2129.7488094024247,981.026405967705,4,811.9256641597705,2662.301960669523
2023-04-30 00:00:00+00:00,2117.5620588727443,968.8396554380246,4,812.0023278728873,2638.141994154543
2023-05-01 00:00:00+00:00,2098.2061335621083,741.8632034206632,3,779.6438522947514,2583.4142566424803
2023-05-02 00:00:00+00:00,2109.0562911272673,752.7133609858223,3,796.3543196176465,2591.214380061824
2023-05-03 00:00:00+00:00,2116.511829117634,760.1688989761892,3,806.2511605537295,2624.7555302069413
2023-05-04 00:00:00+00:00,2109.8076889751105,753.4647588336657,3,801.0291395153248,2587.6060872615662
2023-05-05 00:00:00+00:00,2134.721124394668,778.3781942532233,3,819.568703037044,2656.4122824602273
2023-05-06 00:00:00+00:00,2111.1770811147085,754.8341509732636,3,801.3080176601417,2557.585008952068
2023-05-07 00:00:00+00:00,2103.5309638828126,523.4172468731275,2,789.6945761912214,2540.6569688670324
2023-05-08 00:00:00+00:00,2093.111326089136,512.9976090794514,2,768.547890889371,2438.063669709062
2023-05-09 00:00:00+00:00,2092.7857873350877,243.74736733019427,1,767.4223786953488,2437.7112753668243
2023-05-10 00:00:00+00:00,2092.036006641439,242.99758663654595,1,766.6024102854888,2452.796036122595
2023-05-11 00:00:00+00:00,2085.89255708468,236.85413707978663,1,749.0994734933081,2392.411083105072
2023-05-12 00:00:00+00:00,2085.728101986677,0.0,0,744.2771592780025,2421.4627530666567
2023-05-13 00:00:00+00:00,2085.728101986677,0.0,0,743.7291248360465,2403.233172611356
2023-05-14 00:00:00+00:00,2085.728101986677,0.0,0,747.6828614031025,2417.3660750823988
2023-05-15 00:00:00+00:00,2085.728101986677,0.0,0,754.4748219579468,2421.990431402729
2023-05-16 00:00:00+00:00,2085.728101986677,0.0,0,750.9110703663121,2424.295225079105
2023-05-17 00:00:00+00:00,2085.728101986677,0.0,0,761.2376169697574,2466.3356049074864
2023-05-18 00:00:00+00:00,2085.728101986677,0.0,0,745.0068533879967,2419.020390614013
2023-05-19 00:00:00+00:00,2085.728101986677,0.0,0,746.6451236052578,2420.055571167341
2023-05-20 00:00:00+00:00,2085.728101986677,0.0,0,752.8162747441003,2422.8259684965574
2023-05-21 00:00:00+00:00,2085.728101986677,0.0,0,742.9652653756416,2379.5477700037763
2023-05-22 00:00:00+00:00,2085.728101986677,0.0,0,745.7843234351507,2408.181306528413
2023-05-23 00:00:00+00:00,2085.728101986677,0.0,0,756.0711493466549,2427.7848736052197
2023-05-24 00:00:00+00:00,2085.728101986677,0.0,0,731.3332135125951,2355.8824968217436
2023-05-25 00:00:00+00:00,2085.728101986677,0.0,0,735.3547252463198,2352.2374592731235
2023-05-26 00:00:00+00:00,2085.728101986677,0.0,0,741.802532393367,2372.1371554779876
2023-05-27 00:00:00+00:00,2085.728101986677,0.0,0,745.9232069734061,2407.1602335427688
2023-05-28 00:00:00+00:00,2085.728101986677,0.0,0,779.5533002278089,2467.177181779295
2023-05-29 00:00:00+00:00,2085.728101986677,0.0,0,770.4258740936612,2443.352441218982
2023-05-30 00:00:00+00:00,2085.728101986677,0.0,0,769.2592523723154,2442.0750739487876
2023-05-31 00:00:00+00:00,2084.0196284664235,206.96862308351345,1,755.8139370338057,2406.805133578198
2023-06-01 00:00:00+00:00,2079.973203586161,202.92219820325118,1,744.9138014173656,2386.427717523694
2023-06-02 00:00:00+00:00,2087.1445902551404,210.09358487223085,1,756.7094580884769,2436.1643716677754
2023-06-03 00:00:00+00:00,2084.9010279452923,207.8500225623825,1,751.8938102830076,2433.8560060566533
2023-06-04 00:00:00+00:00,2091.751905712865,214.70090032995526,1,753.1712610678811,2441.322634809815
2023-06-05 00:00:00+00:00,2080.9747939030576,203.9237885201478,1,714.6446897887445,2263.953660671462
2023-06-06 00:00:00+00:00,2089.388152564989,212.33714718207926,1,756.3619714757618,2351.2370905175267
2023-06-07 00:00:00+00:00,2084.700709881913,207.64970449900315,1,731.6201469026308,2227.3950856916035
2023-06-08 00:00:00+00:00,2086.8240813537336,209.77307597082395,1,736.0441431302198,2241.974362198323
2023-06-09 00:00:00+00:00,2092.593241579058,215.5422361961484,1,735.4663876110772,2223.4466931805828
2023-06-10 00:00:00+00:00,2080.0533308115128,203.00232542860294,1,717.783735520394,2008.9169665293225
2023-06-11 00:00:00+00:00,2085.7023001988096,208.65129481589977,1,720.1264230436868,1999.3044294027334
2023-06-12 00:00:00+00:00,2087.4250355438717,210.37403016096192,1,719.5608892759107,1989.0617701786218
2023-06-13 00:00:00+00:00,2085.061282395996,208.01027701308593,1,720.3680804002513,2018.3628632882328
2023-06-14 00:00:00+00:00,2069.3964098397328,192.34540445682313,1,697.9897758811516,1953.334529632589
2023-06-15 00:00:00+00:00,2062.662031394733,2060.120180698888,10,711.0417730393217,1967.1300679530498
2023-06-16 00:00:00+00:00,2035.8141485002986,1872.7176971280303,9,731.777363067936,1995.8337685139236
2023-06-17 00:00:00+00:00,2019.572270896876,1891.764027618763,9,736.5546790168469,2012.4867409606318
2023-06-18 00:00:00+00:00,2039.8659004995156,1660.7406466771424,8,731.6376462284511,1997.6141419929777
2023-06-19 00:00:00+00:00,2029.9745241883525,1676.0806743122234,8,745.6476620335072,2012.7963667634176
2023-06-20 00:00:00+00:00,1986.9985264179186,1718.4957815051953,8,786.302762419947,2064.9006893163178
2023-06-21 00:00:00+00:00,1926.8172217863107,1784.285991911424,8,833.1315138489176,2148.3725691207023
2023-06-22 00:00:00+00:00,1941.0092818934581,1906.5672204753757,9,830.1046860161784,2124.6950287641257
2023-06-23 00:00:00+00:00,1876.794420812168,1980.2603697358904,9,852.4254927504405,2193.1566344818934
2023-06-24 00:00:00+00:00,1903.8266704805012,1944.0054704389715,9,847.9514984490796,2147.513025848562
2023-06-25 00:00:00+00:00,1878.817233408626,1971.4443181008812,9,846.1524010945186,2171.3797674859766
2023-06-26 00:00:00+00:00,1918.3806962541396,1920.9767862649403,9,840.7451094160812,2118.4467892945904
2023-06-27 00:00:00+00:00,1898.5511033862283,1948.6854750724845,9,852.5349329785857,2144.7935667221013
2023-06-28 00:00:00+00:00,1969.7626397124523,1856.325818936935,9,835.4514244719367,2048.547563718311
2023-06-29 00:00:00+00:00,1917.1726332577455,1726.164620895165,8,845.7260286320744,2095.247391191464
2023-06-30 00:00:00+00:00,1846.9813105211413,1796.590540171858,8,846.4118355439798,2176.771635313739
2023-07-01 00:00:00+00:00,1817.0661515178194,1877.403851183126,9,849.5756025454389,2212.170106459527
2023-07-02 00:00:00+00:00,1806.2260122377265,1646.6833303258081,8,850.4402914546172,2218.3028641103556
2023-07-03 00:00:00+00:00,1804.056294809443,1396.9062411247887,7,865.4166589188548,2232.393978706192
2023-07-04 00:00:00+00:00,1809.9933079266502,1290.0053595808793,7,854.5923537143019,2216.301387747893
2023-07-05 00:00:00+00:00,1827.5831820428577,1261.5753680621503,7,847.323189322012,2167.955108679062
2023-07-06 00:00:00+00:00,1840.302434586242,1228.289694146626,7,830.3966192135915,2113.0680299729133
2023-07-07 00:00:00+00:00,1826.6817537252084,1076.860770315269,6,842.8758606599962,2156.698509645331
2023-07-08 00:00:00+00:00,1803.3187241099945,1050.9208937847407,5,841.2073138313953,2187.8326777967477
2023-07-09 00:00:00+00:00,1811.9517554882118,1041.1104139153201,5,837.7652242192723,2170.334629253206
2023-07-10 00:00:00+00:00,1803.8454988438427,1051.6002626231434,5,844.7332891006245,2189.263460166277
2023-07-11 00:00:00+00:00,1800.9173847987975,1056.5287658777836,5,850.5811193624081,2200.030858278618
2023-07-12 00:00:00+00:00,1811.23806385521,1221.89306874143,6,843.8563784400797,2179.183366012166
2023-07-13 00:00:00+00:00,1713.87137298133,1150.1688980734696,5,873.6949511001088,2418.912420013853
2023-07-14 00:00:00+00:00,1713.0421547182764,1659.4385993478088,9,841.967840086882,2361.188357321831
2023-07-15 00:00:00+00:00,1699.471824146794,1679.535003995551,9,841.3431419318091,2407.2666825584547
2023-07-16 00:00:00+00:00,1714.3030505494262,1145.1795425821124,7,839.745147940642,2347.0533480593144
2023-07-17 00:00:00+00:00,1708.076074093262,978.9061493036031,6,837.1344151885161,2352.744476848108
2023-07-18 00:00:00+00:00,1705.1661550198874,1136.4962668878027,7,829.3883247258569,2308.177591699756
2023-07-19 00:00:00+00:00,1708.3750582369921,1161.334545688316,7,830.7793822450235,2343.81117658167
2023-07-20 00:00:00+00:00,1728.8482075717147,931.9942680981935,6,827.745888002448,2354.907006070625
2023-07-21 00:00:00+00:00,1719.745092777555,711.8498610860333,5,830.5713347047168,2379.74544760875
2023-07-22 00:00:00+00:00,1698.140573101673,690.2453414101512,5,827.5792277565415,2316.922583969591
2023-07-23 00:00:00+00:00,1702.9707894710853,695.0755577795635,5,835.6275287984445,2344.0302389768503
2023-07-24 00:00:00+00:00,1673.6990941957165,665.8038625041947,5,810.4271107819942,2318.116165486144
2023-07-25 00:00:00+00:00,1670.2961672230595,662.4009355315378,5,811.8828880299877,2395.313070172818
2023-07-26 00:00:00+00:00,1685.4644640267984,844.6886797575207,6,815.3008119064542,2379.9970953043794
2023-07-27 00:00:00+00:00,1688.8814407844056,848.1056565151279,6,811.7126168120865,2376.9117593264405
2023-07-28 00:00:00+00:00,1681.2858908084593,840.5101065391816,6,814.25029682309,2374.847029967721
2023-07-29 00:00:00+00:00,1691.904927297824,851.1291430285464,6,815.3269220116463,2412.7028158683374
2023-07-30 00:00:00+00:00,1672.1391986762894,831.3634144070118,6,813.3322766352215,2375.7345431733625
2023-07-31 00:00:00+00:00,1666.3552017489792,825.5794174797016,6,811.9756622335424,2353.4850124333325
2023-08-01 00:00:00+00:00,1673.1144729277835,648.0663153834198,4,825.1345997161692,2378.994680596087
2023-08-02 00:00:00+00:00,1647.6717921313407,622.623634586977,4,810.6912672717559,2295.1963972814347
2023-08-03 00:00:00+00:00,1634.276532150485,457.89969422859366,3,810.9032035511339,2272.78367325715
2023-08-04 00:00:00+00:00,1629.9325656620572,453.5557277401658,3,808.6907887867246,2270.1166790995676
2023-08-05 00:00:00+00:00,1629.606414464199,453.22957654230754,3,807.52805580445,2295.5660020807336
2023-08-06 00:00:00+00:00,1625.920392768464,612.5922670728881,4,807.9805383720862,2284.9358714110926
2023-08-07 00:00:00+00:00,1630.4734322537252,457.4426356802375,3,811.3870737984158,2274.2152218630927
2023-08-08 00:00:00+00:00,1644.8010612723087,471.7702646988213,3,826.9242529901288,2319.4111152342366
2023-08-09 00:00:00+00:00,1651.327450600284,478.29665402679643,3,821.6902879674342,2325.859975091364
2023-08-10 00:00:00+00:00,1650.253469113045,642.4466776068799,4,818.1837563935608,2319.6172006046636
2023-08-11 00:00:00+00:00,1646.6554821403613,638.8486906341964,4,817.3582326421704,2310.512145366147
2023-08-12 00:00:00+00:00,1648.596209022,640.7894175158351,4,817.4732282118458,2320.416360719167
2023-08-13 00:00:00+00:00,1637.7802810558396,629.9734895496746,4,813.9641967342839,2288.887875296427
2023-08-14 00:00:00+00:00,1646.774261232934,475.3528383620344,3,817.4943385096607,2300.4281386762414
2023-08-15 00:00:00+00:00,1624.5491240357549,453.1277011648554,3,811.0798634117947,2219.3297926785544
2023-08-16 00:00:00+00:00,1606.2372981641747,434.8158752932751,3,798.038976936685,2141.1844279190946
2023-08-17 00:00:00+00:00,1581.1649318481277,249.1295928423946,2,739.5106762450757,1978.1540275804884
2023-08-18 00:00:00+00:00,1569.3992929976741,1117.610917726535,7,723.6943411414692,2002.1110016037228
2023-08-19 00:00:00+00:00,1563.2621911562373,1123.7480195679718,7,724.9723474604957,2018.1602790479108
2023-08-20 00:00:00+00:00,1559.60377163825,1127.4064390859594,7,727.4716956149408,2024.432521859254
2023-08-21 00:00:00+00:00,1584.8871476690294,1102.12306305518,7,725.7198186633865,1976.3727329938777
2023-08-22 00:00:00+00:00,1593.5857797328654,1093.424430991344,7,723.7498945567713,1959.8098617407345
2023-08-23 00:00:00+00:00,1551.1341356338773,1609.3983813044974,10,734.2139358630895,2010.2195661522253
2023-08-24 00:00:00+00:00,1573.20664130013,1425.0368504363,9,727.1955951408889,1987.2351317793268
2023-08-25 00:00:00+00:00,1581.2865690045176,1565.3501035768331,10,723.8612791544522,1976.632504358239
2023-08-26 00:00:00+00:00,1584.021705927669,1411.979828454725,9,722.6768803402098,1970.3512278838748
2023-08-27 00:00:00+00:00,1573.108020819671,1576.9286899945726,10,725.0212344659617,1985.683556271494
2023-08-28 00:00:00+00:00,1566.181548648421,1583.8551621658228,10,725.527603846441,1993.6858026901746
2023-08-29 00:00:00+00:00,1504.0954720008517,1645.9412388133917,10,769.8686733381802,2077.8076800063927
2023-08-30 00:00:00+00:00,1539.6473928369787,1286.504175139683,8,758.3038411076494,2037.042074306512
2023-08-31 00:00:00+00:00,1587.415688184819,1238.7358797918432,8,720.5494623012129,1964.0700328686723
2023-09-01 00:00:00+00:00,1599.9900812625046,1526.3453497474447,10,716.7793297717305,1952.316201044662
2023-09-02 00:00:00+00:00,1594.8560116369363,1531.4794193730131,10,718.5698163469198,1953.4749916312028
2023-09-03 00:00:00+00:00,1592.3012551419683,1534.0341758679815,10,721.3947075150355,1951.078407706862
2023-09-04 00:00:00+00:00,1593.1933055042898,1533.1421255056598,10,717.361807331174,1950.2890324442724
2023-09-05 00:00:00+00:00,1581.0988177204945,1545.2366132894554,10,716.419621407649,1967.1117551849604
2023-09-06 00:00:00+00:00,1582.1787032907362,1544.1567277192137,10,715.5266002566665,1962.3254845893773
2023-09-07 00:00:00+00:00,1568.689962894395,1557.6454681155546,10,729.2774593793381,1975.7437190069388
2023-09-08 00:00:00+00:00,1584.5381657003345,1541.797265309615,10,719.708383593538,1960.1771128614055
2023-09-09 00:00:00+00:00,1593.1736151355174,1533.161815874432,10,719.4614486625197,1950.3980814063902
2023-09-10 00:00:00+00:00,1628.3878623195812,1497.9475686903684,10,717.7948462034544,1901.2321506378478
2023-09-11 00:00:00+00:00,1674.2318358463308,1452.103595163619,10,698.9319618046765,1852.52770510906
2023-09-12 00:00:00+00:00,1653.7622350375036,1472.5731959724465,10,717.7529033749013,1876.821152183161
2023-09-13 00:00:00+00:00,1638.4222898507558,1487.9131411591943,10,728.3608280268521,1894.4209397383122
2023-09-14 00:00:00+00:00,1619.0349903170247,1507.300440692925,10,736.714117318764,1915.875420527778
2023-09-15 00:00:00+00:00,1600.6772185588375,1525.6582124511126,10,738.8604235189637,1931.9605463445118
2023-09-16 00:00:00+00:00,1603.6798348865127,1522.655596123437,10,737.7401888993952,1926.3323832709266
2023-09-17 00:00:00+00:00,1623.9164431237912,1502.4189878861587,10,736.8468899813362,1905.9929796173305
2023-09-18 00:00:00+00:00,1595.7564000422462,1530.5790309677031,10,743.3744162793421,1928.1588611337004
2023-09-19 00:00:00+00:00,1571.3906870877415,1554.944743922208,10,755.8114371301172,1950.8658349484215
2023-09-20 00:00:00+00:00,1575.8737394023053,1228.0877726419483,8,753.4431950357854,1940.1801315518692
2023-09-21 00:00:00+00:00,1603.759642094179,1038.1202674780036,7,737.973791010741,1893.9342223110527
2023-09-22 00:00:00+00:00,1592.5436459579503,1475.2228435108823,10,738.3087781050131,1902.5529866843297
2023-09-23 00:00:00+00:00,1592.0792526399437,1308.0779640537871,9,738.1926714670315,1905.9127621085845
2023-09-24 00:00:00+00:00,1606.433346186524,1293.7238705072073,9,729.0935775746879,1882.3165835189168
2023-09-25 00:00:00+00:00,1595.1453054130166,1305.011911280715,9,730.6610171874388,1901.6011426224638
2023-09-26 00:00:00+00:00,1598.6360863045597,1301.5211303891715,9,728.3516617133272,1899.885928869321
2023-09-27 00:00:00+00:00,1601.3050118059632,1298.8522048877683,9,732.5548331150901,1899.463986217281
2023-09-28 00:00:00+00:00,1571.0143362720933,1224.5013264281229,8,750.565250356056,1943.954936044802
2023-09-29 00:00:00+00:00,1565.4739671345508,1392.438991183655,9,747.3867616995419,1955.4096208156334
2023-09-30 00:00:00+00:00,1557.1826243586104,1245.5172162493777,8,748.9311466449425,1969.0780656250488
2023-10-01 00:00:00+00:00,1530.4837096364076,788.3119865829503,5,777.5414332926405,2035.7322004935666
2023-10-02 00:00:00+00:00,1523.963835433466,736.4238327653396,5,763.7069662799391,1979.0629488246284
2023-10-03 00:00:00+00:00,1523.7299508269064,736.4078351283565,5,761.8167613242825,1977.1853579606966
2023-10-04 00:00:00+00:00,1519.0573343944307,749.5637102408116,5,771.5972178553075,1990.8296804461343
2023-10-05 00:00:00+00:00,1510.6250219671922,588.9890012490264,4,761.3703896323296,1969.444118663381
2023-10-06 00:00:00+00:00,1519.9469409590993,601.452736741435,4,775.8337213062516,2007.7367428078326
2023-10-07 00:00:00+00:00,1517.676622003424,597.9685341378387,4,776.5442494879663,1991.5103082731573
2023-10-08 00:00:00+00:00,1521.3359701602099,598.8430903964527,4,775.4437363308302,1978.0526579746686
2023-10-09 00:00:00+00:00,1509.0685102205018,577.2215858757064,4,766.3626972984598,1907.6016683552803
2023-10-10 00:00:00+00:00,1510.1969483726436,573.3516795952324,4,760.807355768242,1910.0936575387082
2023-10-11 00:00:00+00:00,1511.9331161522277,570.0180980217349,4,746.5134620109917,1892.8371604601875
2023-10-12 00:00:00+00:00,1510.0400619969155,709.9893836590716,5,743.2944193613071,1865.8227283389313
2023-10-13 00:00:00+00:00,1506.446133069911,730.5358295066633,5,746.137920923549,1880.3939637704366
2023-10-14 00:00:00+00:00,1503.4341892080067,736.5638690990337,5,745.8734866667106,1898.751528915483
2023-10-15 00:00:00+00:00,1505.4086989985472,738.2891034045319,5,754.2528860638147,1900.8971194292192
2023-10-16 00:00:00+00:00,1518.1480879069127,1073.0707194393308,7,791.6578338880004,1949.5290862097154
2023-10-17 00:00:00+00:00,1527.8213602360124,1053.7166014786972,7,788.7448905566307,1915.47047385198
2023-10-18 00:00:00+00:00,1529.6245617768323,1045.5199928462664,7,786.6363606788366,1898.5523851444689
2023-10-19 00:00:00+00:00,1537.809063607835,1060.3329059427335,7,797.5723282481467,1923.6248934869407
2023-10-20 00:00:00+00:00,1551.477841559822,1096.7723993147974,7,824.1082503684615,1967.8624197608065
2023-10-21 00:00:00+00:00,1576.2819837861025,1160.1155389728679,7,830.7957705025376,2036.1053122133983
2023-10-22 00:00:00+00:00,1598.4129919042043,870.1939017747287,5,833.0917931569766,2079.335518125128
2023-10-23 00:00:00+00:00,1636.2795551421277,935.9083839943692,5,918.5754442544321,2228.2688672949525
2023-10-24 00:00:00+00:00,1630.1155096290358,938.0306619925464,5,942.2617539368217,2198.9493936988947
2023-10-25 00:00:00+00:00,1661.7762766173635,969.6914289808741,5,958.186695967344,2243.375496818698
2023-10-26 00:00:00+00:00,1660.4474218076334,968.362574171144,5,948.6206756193856,2298.028307173824
2023-10-27 00:00:00+00:00,1642.156238270115,1116.2071288460777,6,941.4087312448567,2238.3725124099055
2023-10-28 00:00:00+00:00,1637.3271110786059,954.8968164280496,5,946.6579734567595,2259.8920711970236
2023-10-29 00:00:00+00:00,1657.154267453149,1138.5317825651537,6,959.0155529236524,2294.3901351615996
2023-10-30 00:00:00+00:00,1682.6281282261511,1164.0056433381558,6,957.5944965602228,2327.5392082183203
2023-10-31 00:00:00+00:00,1708.1624930131875,1357.884491644212,7,962.1787643909583,2331.221848066745
2023-11-01 00:00:00+00:00,1742.5013344116924,1067.9235888662713,5,983.8907056935085,2403.3491558838764
2023-11-02 00:00:00+00:00,1721.7367685563847,1395.8330385857835,7,970.5623302942099,2376.975191404947
2023-11-03 00:00:00+00:00,1732.6264070004115,1235.2369926548267,6,964.3178486471687,2389.84294943746
2023-11-04 00:00:00+00:00,1757.7453135472213,1260.3558992016365,6,973.9088680320132,2438.2819592275146
2023-11-05 00:00:00+00:00,1793.7676627081678,1472.2406614383503,7,972.514755075005,2490.2746283323972
2023-11-06 00:00:00+00:00,1875.3235032090759,1875.3235032090759,9,973.4649962437487,2613.279219292675
2023-11-07 00:00:00+00:00,1850.1616516493186,1850.1616516493186,9,983.2710073458128,2558.5870980707155
2023-11-08 00:00:00+00:00,1902.9843922257555,1902.9843922257555,9,989.5374325918984,2611.880526906517
2023-11-09 00:00:00+00:00,1936.834851542239,1936.834851542239,9,1019.4354474063008,2656.3373152197123
2023-11-10 00:00:00+00:00,2070.071943284474,2070.071943284474,9,1036.1164714190857,2812.097521475939
2023-11-11 00:00:00+00:00,2122.425348563362,2122.425348563362,9,1031.3491550849294,2898.197962458764
2023-11-12 00:00:00+00:00,2138.8824882522954,2138.8824882522954,9,1029.5195033519522,2932.040092985261
2023-11-13 00:00:00+00:00,2004.497729428159,2004.497729428159,9,1012.8201467121175,2751.304844549993
2023-11-14 00:00:00+00:00,2012.3014217043415,2012.3014217043415,9,987.4950112783139,2766.7393072235786
2023-11-15 00:00:00+00:00,2203.0754237613733,2203.0754237613733,9,1051.5761535964523,3016.26094870093
2023-11-16 00:00:00+00:00,2110.7853563823783,2110.7853563823783,9,1004.5032449072286,2959.067133836992
2023-11-17 00:00:00+00:00,2131.3767101891935,2131.3767101891935,9,1017.0141518003554,3037.7757223336835
2023-11-18 00:00:00+00:00,2123.817533471486,2123.817533471486,9,1015.7414230557825,2985.299104965009
2023-11-19 00:00:00+00:00,2198.6572865056523,2198.6572865056523,9,1037.7339091056087,3057.4025033519224
2023-11-20 00:00:00+00:00,2114.564521499112,2114.564521499112,9,1040.2038139499434,2952.828177812241
2023-11-21 00:00:00+00:00,1963.7845126188322,1963.7845126188322,9,992.7853630175402,2723.075170014974
2023-11-22 00:00:00+00:00,2101.673805954399,1974.5729157226278,8,1039.0805238925334,2916.260532047467
2023-11-23 00:00:00+00:00,2102.526111486881,2102.526111486881,9,1035.9123126178501,2913.1890284808796
2023-11-24 00:00:00+00:00,2121.3336685208155,2121.3336685208155,9,1047.5588083688754,2944.9167892758614
2023-11-25 00:00:00+00:00,2156.8342909736825,2156.8342909736825,9,1049.4226254522634,2989.2278567852304
2023-11-26 00:00:00+00:00,2133.5649022933258,2133.5649022933258,9,1040.1663153946145,2957.9371068836585
2023-11-27 00:00:00+00:00,2077.143093572648,2077.143093572648,9,1034.4795900372071,2897.4388003362255
2023-11-28 00:00:00+00:00,2129.826337540615,2129.826337540615,9,1050.4836956845352,2965.6787128948345
2023-11-29 00:00:00+00:00,2135.6015822127138,2135.6015822127138,9,1051.4772685172145,2970.2080367537415
2023-11-30 00:00:00+00:00,2149.9967661080436,2149.9967661080436,9,1047.84740836137,3007.6285023656455
2023-12-01 00:00:00+00:00,2187.9395756413523,2187.9395756413523,9,1074.4730492473977,3047.9791238359203
2023-12-02 00:00:00+00:00,2269.9062578279163,2269.9062578279163,9,1095.8008386831334,3143.091159291841
2023-12-03 00:00:00+00:00,2258.03337624274,2258.03337624274,9,1110.2977801733132,3126.3358137487267
2023-12-04 00:00:00+00:00,2302.7871330095722,2302.7871330095722,9,1166.3745086476374,3226.3540197307634
2023-12-05 00:00:00+00:00,2362.8072643430496,2362.8072643430496,9,1224.2117248528878,3313.3055817163677
2023-12-06 00:00:00+00:00,2396.341820320704,2396.341820320704,9,1215.5834461552301,3359.527685458155
2023-12-07 00:00:00+00:00,2470.585965665799,2470.585965665799,9,1201.9853589246395,3449.6331988961847
2023-12-08 00:00:00+00:00,2699.3810399122845,2699.3810399122845,9,1226.9246758891695,3744.0805765017844
2023-12-09 00:00:00+00:00,2697.104621084264,2697.104621084264,9,1214.219887576638,3736.094335889091
2023-12-10 00:00:00+00:00,2820.3289003257405,2820.3289003257405,9,1216.3284174544322,3930.1376538141976
2023-12-11 00:00:00+00:00,2670.3354276736254,2670.3354276736254,9,1145.8836314134292,3769.5808306719855
2023-12-12 00:00:00+00:00,2670.815883951087,2670.815883951087,9,1152.521986774963,3769.3326005684457
2023-12-13 00:00:00+00:00,2795.596300035019,2795.596300035019,9,1190.7605135957579,3915.8569393128278
2023-12-14 00:00:00+00:00,2842.792557950843,2842.792557950843,9,1195.0167385091343,3979.7120232294005
2023-12-15 00:00:00+00:00,2734.092809349593,2734.092809349593,9,1164.9634518989621,3839.5099932994826
2023-12-16 00:00:00+00:00,2800.2735938861915,2614.1706499940215,8,1174.3444793739643,3956.004513268373
2023-12-17 00:00:00+00:00,2709.5425217852066,2523.4395778930366,8,1149.2515572161237,3817.097467203969
2023-12-18 00:00:00+00:00,2776.977260162143,2590.874316269973,8,1184.8932396386185,3879.7544708801047
2023-12-19 00:00:00+00:00,2716.3517493327327,2235.501188649028,7,1174.2878148903562,3801.5564457305127
2023-12-20 00:00:00+00:00,2860.3758385623687,2379.525277878664,7,1212.979102045864,3998.071743073563
2023-12-21 00:00:00+00:00,3052.061606686222,2571.2110460025174,7,1218.3363956505295,4251.28009415199
2023-12-22 00:00:00+00:00,3059.512609638516,2884.0330369222293,8,1221.3151697790322,4267.093051440958
2023-12-23 00:00:00+00:00,3163.931278326974,2988.451705610687,8,1213.9021220411096,4381.466513009406
2023-12-24 00:00:00+00:00,3160.3553191019105,3160.3553191019105,9,1194.1623269817867,4353.540556156897
2023-12-25 00:00:00+00:00,3275.170965411966,3275.170965411966,9,1210.4014235758427,4489.4613036561905
2023-12-26 00:00:00+00:00,3156.407553969206,3156.407553969206,9,1180.7581211706008,4326.568404062099
2023-12-27 00:00:00+00:00,3171.9983694138446,3171.9983694138446,9,1206.3104700729905,4359.980763031829
2023-12-28 00:00:00+00:00,3060.3520420116974,3060.3520420116974,9,1182.28111805111,4213.24161148759
2023-12-29 00:00:00+00:00,3064.2386108142905,3064.2386108142905,9,1168.4813719229726,4211.561838224032
2023-12-30 00:00:00+00:00,3016.7330227596794,3016.7330227596794,9,1170.518237895027,4147.688582288046
2023-12-31 00:00:00+00:00,2986.869379083939,2986.869379083939,9,1174.498640101428,4105.996652745587
2024-01-01 00:00:00+00:00,3150.460142272818,3150.460142272818,9,1227.162444506663,4315.774913218135
2024-01-02 00:00:00+00:00,3091.033822209426,3091.033822209426,9,1248.4771788898026,4236.468002373242
2024-01-03 00:00:00+00:00,2877.159664747016,2877.159664747016,9,1190.0994279536621,3923.2982891189226
2024-01-04 00:00:00+00:00,2988.8905553750155,2830.7977312789963,8,1226.3721971739894,4072.1924912097384
2024-01-05 00:00:00+00:00,2885.002997640822,2726.9101735448025,8,1226.2058146951595,3934.597617688463
2024-01-06 00:00:00+00:00,2777.28108786103,2619.1882637650106,8,1221.2951705495234,3785.0692365050177
2024-01-07 00:00:00+00:00,2698.047387459303,2539.954563363284,8,1220.2035459388355,3673.8186437333256
2024-01-08 00:00:00+00:00,2860.3667722020473,2503.421703129372,7,1304.1453119945793,3895.7787473186995
2024-01-09 00:00:00+00:00,2818.4234670903206,2461.4783980176453,7,1280.7839897917074,3821.208221849363
2024-01-10 00:00:00+00:00,2975.0210428399623,2618.0759737672875,7,1295.8942409868232,4074.27348815525
2024-01-11 00:00:00+00:00,2988.646250926562,2631.7011818538867,7,1287.149300117031,4110.816799561861
2024-01-12 00:00:00+00:00,2811.086877859135,2454.1418087864595,7,1188.363383725469,3851.4867123762683
2024-01-13 00:00:00+00:00,2858.699338591384,2501.754269518709,7,1190.176091666779,3920.281696269985
2024-01-14 00:00:00+00:00,2787.363748612871,2430.418679540196,7,1159.1872855429183,3832.9462451799795
2024-01-15 00:00:00+00:00,2825.501067151758,2237.4429815062317,6,1180.8183966262036,3897.298787298922
2024-01-16 00:00:00+00:00,2855.7944233263065,2267.7363376807803,6,1198.2302258172886,3937.5075299954474
2024-01-17 00:00:00+00:00,2874.2159453218665,2286.15785967634,6,1188.179224153742,3953.6862919131536
2024-01-18 00:00:00+00:00,2775.627766142435,1888.2233349120238,5,1147.941885450375,3775.793099932679
2024-01-19 00:00:00+00:00,2761.5499986841905,1701.9874442131031,4,1157.1506973379403,3777.2696097827366
2024-01-20 00:00:00+00:00,2757.2355532419488,1222.1756602840517,3,1158.1787132881072,3872.181716047772
2024-01-21 00:00:00+00:00,2738.2169837047377,1479.0298210562642,4,1154.9646704457998,3814.091688811916
2024-01-22 00:00:00+00:00,2647.04445630539,1387.8572936569165,4,1099.069323872437,3567.2416714035203
2024-01-23 00:00:00+00:00,2635.751595962609,1121.7465821917087,3,1108.2239711800828,3547.8264737961217
2024-01-24 00:00:00+00:00,2659.545997643862,937.8942959404205,2,1113.4259929889788,3591.318415497636
2024-01-25 00:00:00+00:00,2645.6602256777583,924.0085239743169,2,1109.9875143488505,3534.5567689772465
2024-01-26 00:00:00+00:00,2693.838989801494,972.1872880980522,2,1161.7194102123915,3679.9964828007232
2024-01-27 00:00:00+00:00,2711.377089475704,989.7253877722626,2,1169.9724255896829,3729.0444201988207
2024-01-28 00:00:00+00:00,2722.7069220565027,1001.0552203530615,2,1167.484465885375,3766.99930804171
2024-01-29 00:00:00+00:00,2767.879315315971,1046.2276136125295,2,1202.8064384028055,3912.3567604155633
2024-01-30 00:00:00+00:00,2773.8131874022283,1605.9810215415885,4,1192.7623809161719,3866.241520293816
2024-01-31 00:00:00+00:00,2727.38457674855,1559.5524108879101,4,1182.7322117833637,3743.90142545788
2024-02-01 00:00:00+00:00,2726.1568027484354,336.67120787222257,1,1196.7022291294024,3803.91982168223
2024-02-02 00:00:00+00:00,2737.394884720784,620.6612779595519,2,1199.9537705270388,3907.016540065902
2024-02-03 00:00:00+00:00,2732.793180141416,616.059573380184,2,1194.7064726846716,3855.703603624004
2024-02-04 00:00:00+00:00,2746.248335607505,629.5147288462731,2,1182.8122087013987,3804.700153682242
2024-02-05 00:00:00+00:00,2758.351468615583,641.6178618543511,2,1186.3070740580588,3808.978464293343
2024-02-06 00:00:00+00:00,2744.211130314128,289.92124708992964,1,1197.1469342188961,3816.910375269203
2024-02-07 00:00:00+00:00,2752.613725652765,298.32384242856705,1,1231.8858736427305,3918.2489728184996
2024-02-08 00:00:00+00:00,2747.8348443102846,844.3268630254152,3,1257.9695909624857,3960.5090247701864
2024-02-09 00:00:00+00:00,2770.9724386154535,867.4644573305841,3,1309.1931730760114,4101.770916215528
2024-02-10 00:00:00+00:00,2791.2645331455496,1164.9923505522447,4,1326.3680669508326,4182.414672258182
2024-02-11 00:00:00+00:00,2812.100674361304,903.621703365731,3,1341.6147017805154,4162.748623454139
2024-02-12 00:00:00+00:00,2844.531308185974,936.0523371904014,3,1386.5374155304685,4287.157310685818
2024-02-13 00:00:00+00:00,2824.7235519110764,1485.4217320925213,5,1380.4909818089793,4228.190968878534
2024-02-14 00:00:00+00:00,2887.5478191859966,1548.2459993674415,5,1438.6992948284483,4430.025959493155
2024-02-15 00:00:00+00:00,2908.183538452787,2146.673480570298,7,1441.05559293849,4444.680706497595
2024-02-16 00:00:00+00:00,2881.3412263119835,2701.738348740947,9,1447.8361650431975,4393.351291828719
2024-02-17 00:00:00+00:00,2870.2532457319326,2690.650368160896,9,1434.4625136104275,4344.81247428632
2024-02-18 00:00:00+00:00,2911.1453188324563,2731.5424412614198,9,1448.2128171989461,4417.290298335603
2024-02-19 00:00:00+00:00,2932.454238989313,2752.8513614182766,9,1438.1315389240601,4453.54874088336
2024-02-20 00:00:00+00:00,2895.0881578889534,2715.485280317917,9,1451.5779653308755,4376.359922250817
2024-02-21 00:00:00+00:00,2872.1291050900254,2136.7236059123884,7,1440.2053479172903,4318.90419114799
2024-02-22 00:00:00+00:00,2848.0484146766494,2112.6429154990124,7,1424.623448226259,4261.767480894624
2024-02-23 00:00:00+00:00,2824.9635995351473,2089.5581003575107,7,1409.5054195530008,4209.025436435216
2024-02-24 00:00:00+00:00,2876.2223321835017,2140.8168330058647,7,1432.3953710270337,4315.239710780956
2024-02-25 00:00:00+00:00,2895.478995139715,2160.0734959620786,7,1436.857143577028,4356.058865376889
2024-02-26 00:00:00+00:00,2998.105662163786,2842.059096385029,9,1513.1769810533128,4535.122509090905
2024-02-27 00:00:00+00:00,3050.819747925091,2894.7731821463344,9,1584.3095183757566,4622.113121292634
2024-02-28 00:00:00+00:00,3220.0055706210587,3220.0055706210587,10,1734.1581897435449,4975.435473634286
2024-02-29 00:00:00+00:00,3231.4978223688904,3231.4978223688904,10,1698.0173598845602,5033.78308346714
2024-03-01 00:00:00+00:00,3417.8191051251492,3417.8191051251492,10,1732.9304592653668,5401.750974123783
2024-03-02 00:00:00+00:00,3513.5385789785983,3513.5385789785983,10,1721.8025546461874,5514.3102421264675
2024-03-03 00:00:00+00:00,3543.189478173815,3543.189478173815,10,1753.098293389593,5589.428565513677
2024-03-04 00:00:00+00:00,3731.326856123063,3731.326856123063,10,1895.6411351109919,5974.920113755449
2024-03-05 00:00:00+00:00,3430.1204313074677,3430.1204313074677,10,1770.043196125063,5412.109533615027
2024-03-06 00:00:00+00:00,3641.297140928329,3641.297140928329,10,1835.3192924063512,5699.585324449528
2024-03-07 00:00:00+00:00,3738.6739917699488,3738.6739917699488,10,1856.1276574090116,5908.242574570267
2024-03-08 00:00:00+00:00,3770.1770847299613,3770.1770847299613,10,1892.2657095972313,5977.1317436033105
2024-03-09 00:00:00+00:00,3833.8577800257067,3833.8577800257067,10,1897.5177294798993,6142.323533951377
2024-03-10 00:00:00+00:00,3836.487461251676,3836.487461251676,10,1915.3673195835654,6092.898561528253
2024-03-11 00:00:00+00:00,4060.8305204272974,4060.8305204272974,10,2002.092311745948,6488.4914170988395
2024-03-12 00:00:00+00:00,4024.42496337225,4024.42496337225,10,1984.7015928526778,6493.549187843352
2024-03-13 00:00:00+00:00,4180.068017616827,4180.068017616827,10,2029.7109699305022,6735.632787225632
2024-03-14 00:00:00+00:00,4183.0285784911985,4183.0285784911985,10,1982.9497159011237,6816.664360374556
2024-03-15 00:00:00+00:00,4119.051363517216,4119.051363517216,10,1930.4770152445283,6813.325295047694
2024-03-16 00:00:00+00:00,3797.176982392192,3797.176982392192,10,1813.8365089419228,6275.188965653661
2024-03-17 00:00:00+00:00,3985.1934394995305,3698.2159226011063,9,1899.745699200593,6694.385051879748
2024-03-18 00:00:00+00:00,3907.1526624903445,3620.17514559192,9,1877.9829265230414,6536.625900900585
2024-03-19 00:00:00+00:00,3524.076703574684,3237.0991866762597,9,1720.4170524685512,5822.143765578338
2024-03-20 00:00:00+00:00,3865.35122357249,3578.3737066740664,9,1884.3860131707702,6491.21499303121
2024-03-21 00:00:00+00:00,3793.23686290566,3506.259346007236,9,1819.4096275650372,6342.675336085423
2024-03-22 00:00:00+00:00,3717.660863371174,3430.6833464727497,9,1772.0606184017618,6233.916496374359
2024-03-23 00:00:00+00:00,3747.4250155566197,3460.4474986581954,9,1777.4318003602527,6304.623027671597
2024-03-24 00:00:00+00:00,3921.653818298203,3634.6763013997793,9,1866.872243462606,6657.183266863202
2024-03-25 00:00:00+00:00,4015.5487270607064,3728.571210162282,9,1941.036608425166,6806.056797026333
2024-03-26 00:00:00+00:00,4022.715653841611,3735.738136943187,9,1944.036215084407,6840.722636150868
2024-03-27 00:00:00+00:00,3985.991391806596,3699.0138749081716,9,1929.6476027540668,6806.715977865219
2024-03-28 00:00:00+00:00,4129.759346387095,3842.7818294886715,9,1966.0520335686604,7164.051296532337
2024-03-29 00:00:00+00:00,4126.511856038918,3839.5343391404945,9,1940.2180288506884,7119.893917378791
2024-03-30 00:00:00+00:00,4050.3307832680675,3763.3532663696433,9,1932.763871585442,6953.9607629000875
2024-03-31 00:00:00+00:00,4196.186310208897,3909.208793310473,9,1979.9239991366903,7290.256449724204
2024-04-01 00:00:00+00:00,4007.822837247516,3720.8453203490917,9,1934.642132556809,6902.130055974184
2024-04-02 00:00:00+00:00,3748.5698274406805,3461.592310542256,9,1818.3741119038045,6377.705445023845
2024-04-03 00:00:00+00:00,3731.4864693110976,3154.106804484351,8,1832.2427442669168,6315.878774966681
2024-04-04 00:00:00+00:00,3790.474168080236,3060.482766145807,7,1902.365320499167,6426.892780034662
2024-04-05 00:00:00+00:00,3727.1141326327265,3376.347502404441,8,1883.83353445559,6276.571241406765
2024-04-06 00:00:00+00:00,3814.687032780534,3463.9204025522486,8,1913.7040503294181,6489.228426914457
2024-04-07 00:00:00+00:00,3892.020088395109,3541.2534581668233,8,1926.6032755955073,6676.257254535631
2024-04-08 00:00:00+00:00,3980.679230661844,3629.9126004335585,8,1989.3678019709841,6803.6078551876235
2024-04-09 00:00:00+00:00,3831.257503004543,3480.4908727762577,8,1920.6482272421904,6461.806642164089
2024-04-10 00:00:00+00:00,3907.77119237011,3557.0045621418244,8,1961.8988602406696,6640.922700182947
2024-04-11 00:00:00+00:00,3856.370421539647,3198.649905347091,7,1944.5425844648864,6529.696027554897
2024-04-12 00:00:00+00:00,3632.3568764078814,2586.3056591412587,6,1864.2759545984586,5884.739416576304
2024-04-13 00:00:00+00:00,3464.6426642708793,1747.6732138619868,4,1775.6124260091065,5262.350284416112
2024-04-14 00:00:00+00:00,3508.053754630231,874.9689521988876,2,1823.8697335125726,5603.444936815754
2024-04-15 00:00:00+00:00,3461.629163974824,1179.5276882085898,3,1761.598521464979,5409.572988675205
2024-04-16 00:00:00+00:00,3431.4245908927196,1149.323115126485,3,1771.9703441018955,5305.302006950293
2024-04-17 00:00:00+00:00,3427.8940035851238,461.772818478447,1,1702.083592117603,5122.011587232389
2024-04-18 00:00:00+00:00,3443.456465170243,477.33528006356596,1,1762.989856751222,5334.038900808218
2024-04-19 00:00:00+00:00,3445.099169448672,478.9779843419952,1,1772.6542066442655,5382.170640942372
2024-04-20 00:00:00+00:00,3459.7105917147005,493.5894066080235,1,1803.8357831192247,5677.454471540238
2024-04-21 00:00:00+00:00,3467.232448147508,501.1112630408311,1,1803.8513380755094,5596.898255871723
2024-04-22 00:00:00+00:00,3488.7605200069224,522.6393349002457,1,1856.0207170845551,5801.727736233431
2024-04-23 00:00:00+00:00,3488.308327128547,0.0,0,1844.7622619394156,5739.19725308652
2024-04-24 00:00:00+00:00,3488.308327128547,0.0,0,1785.7531464383658,5519.83346116759
2024-04-25 00:00:00+00:00,3488.308327128547,0.0,0,1791.5515341605305,5486.270001991421
2024-04-26 00:00:00+00:00,3471.6033882601596,681.2811284184083,2,1771.3209246770132,5352.468601242285
2024-04-27 00:00:00+00:00,3470.387053001118,339.03694145143584,1,1762.7648654192483,5381.31494746123
2024-04-28 00:00:00+00:00,3472.6617054093804,341.3115938596977,1,1753.2274550801706,5330.279407916513
2024-04-29 00:00:00+00:00,3460.4245724704724,676.5142645469989,2,1773.9872108444413,5311.715131853267
2024-04-30 00:00:00+00:00,3452.0219191462825,328.9147382346703,1,1685.2684066068634,4989.968681150975
2024-05-01 00:00:00+00:00,3442.5821116519955,319.47493074038346,1,1621.1867087545718,5005.304269331104
2024-05-02 00:00:00+00:00,3441.8428496193105,318.7356687076984,1,1640.5092976649753,5061.697255311026
2024-05-03 00:00:00+00:00,3456.9124218240454,333.8052409124334,1,1746.6552082828464,5370.9378608900915
2024-05-04 00:00:00+00:00,3456.1731597913604,333.06597887974834,1,1774.7105163116755,5571.961830076549
2024-05-05 00:00:00+00:00,3455.940046912742,0.0,0,1778.0426101615,5589.5560576841945
2024-05-06 00:00:00+00:00,3455.940046912742,0.0,0,1754.5210163554816,5567.929641600859
2024-05-07 00:00:00+00:00,3455.940046912742,0.0,0,1730.8244292912611,5383.2912570704075
2024-05-08 00:00:00+00:00,3455.940046912742,0.0,0,1699.7409045943102,5258.958555680645
2024-05-09 00:00:00+00:00,3455.940046912742,0.0,0,1751.9883361518555,5484.173973044443
2024-05-10 00:00:00+00:00,3455.940046912742,0.0,0,1688.8235474191263,5259.5970929738605
2024-05-11 00:00:00+00:00,3455.940046912742,0.0,0,1689.5457418180545,5243.338503574357
2024-05-12 00:00:00+00:00,3455.940046912742,0.0,0,1707.8228154524709,5212.195980050289
2024-05-13 00:00:00+00:00,3453.8973258499145,343.7240806307921,1,1748.268201696145,5300.157136543747
2024-05-14 00:00:00+00:00,3439.606955081759,329.4337098626368,1,1710.4199376178478,5147.534777653712
2024-05-15 00:00:00+00:00,3439.376384428226,0.0,0,1838.9985951018148,5520.506040828358
2024-05-16 00:00:00+00:00,3439.376384428226,0.0,0,1812.0193567273886,5455.894455576549
2024-05-17 00:00:00+00:00,3439.376384428226,0.0,0,1861.7060536065799,5699.865770374457
2024-05-18 00:00:00+00:00,3439.376384428226,0.0,0,1858.6839478141412,5718.411998639055
2024-05-19 00:00:00+00:00,3439.376384428226,0.0,0,1840.8738006353396,5595.416439013248
2024-05-20 00:00:00+00:00,3439.376384428226,0.0,0,1984.5518763984383,6165.30014578329
2024-05-21 00:00:00+00:00,3423.4056075317117,328.13883036552926,1,1948.4899323891827,6208.824625361481
2024-05-22 00:00:00+00:00,3416.2717284804903,663.5166823478555,2,1921.2209829539556,6103.213852019171
2024-05-23 00:00:00+00:00,3423.8179914275906,1012.8626842105898,3,1887.9730971968318,5968.561475844762
2024-05-24 00:00:00+00:00,3415.083861883694,2031.7097952312088,6,1904.093031715065,5937.947009693758
2024-05-25 00:00:00+00:00,3429.5351899967754,2046.1611233442898,6,1924.6639058673086,6063.892063647506
2024-05-26 00:00:00+00:00,3390.508591599656,2693.3447024342086,8,1902.9175214472707,5915.353830596
2024-05-27 00:00:00+00:00,3475.07729627209,2777.9134071066424,8,1928.715416445296,6072.136422229591
2024-05-28 00:00:00+00:00,3424.440223580326,2727.2763344148784,8,1899.8820828351597,5965.566775162019
2024-05-29 00:00:00+00:00,3389.710785405027,2692.5468962395794,8,1879.161492228677,5902.888757689839
2024-05-30 00:00:00+00:00,3366.988512361285,2338.6303216412525,7,1898.5982434075265,5831.120150702637
2024-05-31 00:00:00+00:00,3370.4866059133296,1708.6852721424507,5,1876.039112521618,5821.980421998632
2024-06-01 00:00:00+00:00,3382.6545501810747,1720.8532164101957,5,1882.3399808851914,5856.318082695401
2024-06-02 00:00:00+00:00,3367.481048594807,1362.2052115025806,4,1882.306093301857,5772.848464037158
2024-06-03 00:00:00+00:00,3363.9571016252316,1358.6812645330053,4,1911.3124758006593,5836.90298153666
2024-06-04 00:00:00+00:00,3391.0653889428268,1385.7895518506004,4,1959.3089600192818,6042.948843006792
2024-06-05 00:00:00+00:00,3412.7309789080346,2085.9835680979,6,1975.1461276536268,6116.320597635776
2024-06-06 00:00:00+00:00,3382.8318514339935,2397.5363899982335,7,1966.5647915918992,6045.943357966092
2024-06-07 00:00:00+00:00,3269.0640783206545,2283.7686168848945,7,1926.4702251658587,5730.12259395225
2024-06-08 00:00:00+00:00,3246.646370808749,1948.9931413644608,6,1925.2163845824887,5628.41685284884
2024-06-09 00:00:00+00:00,3264.8813313480036,1967.2281019037155,6,1934.5960232221082,5686.384435122657
2024-06-10 00:00:00+00:00,3217.538843486189,1919.8856140419007,6,1931.5922500567194,5544.536734800374
2024-06-11 00:00:00+00:00,3128.542106060542,1830.888876616254,6,1869.767965235232,5302.23175364713
2024-06-12 00:00:00+00:00,3175.120614988722,1564.6379988839155,5,1896.1488933268536,5527.73725412608
2024-06-13 00:00:00+00:00,3106.9888988544553,1814.1753427600584,6,1854.7343777532328,5295.910713772098
2024-06-14 00:00:00+00:00,3097.9013560376866,1208.8235290029354,4,1834.4846023414364,5181.990403004309
2024-06-15 00:00:00+00:00,3108.901483779661,956.539193627445,3,1839.6027384932258,5236.247135990579
2024-06-16 00:00:00+00:00,3117.4741339391085,965.1118437868925,3,1852.063925079657,5302.0746168281685
2024-06-17 00:00:00+00:00,3103.189896639915,950.8276064876989,3,1847.2713319415386,5079.738888101741
2024-06-18 00:00:00+00:00,3086.2023409552357,933.8400508030201,3,1810.3558097061648,4877.8068044469865
2024-06-19 00:00:00+00:00,3091.949454039306,648.7624250649991,2,1804.7740803036786,4907.384927963762
2024-06-20 00:00:00+00:00,3087.140013313767,643.9529843394602,2,1801.8747475590578,4901.044907632135
2024-06-21 00:00:00+00:00,3083.9715800298973,640.7845510555906,2,1781.6969138200773,4888.875883002473
2024-06-22 00:00:00+00:00,3082.5132809345946,639.3262519602877,2,1784.987064841349,4840.546454008001
2024-06-23 00:00:00+00:00,3070.4564234461486,627.2693944718418,2,1755.7659683924035,4736.034218836607
2024-06-24 00:00:00+00:00,3049.61128144549,606.4242524711831,2,1674.749367419396,4694.159509655811
2024-06-25 00:00:00+00:00,3053.2084423979177,306.6249901723529,1,1716.7674708502748,4850.689444374203
2024-06-26 00:00:00+00:00,3051.0886546806155,304.5052024550511,1,1690.6290334164469,4806.348364181509
2024-06-27 00:00:00+00:00,3058.223858330673,311.6404061051084,1,1714.0025773706852,5031.294006778069
2024-06-28 00:00:00+00:00,3051.8753334627927,305.2918812372283,1,1678.4864456667735,4877.061342303268
2024-06-29 00:00:00+00:00,3051.753402767507,305.16995054194257,1,1694.009180970508,4863.101271552115
2024-06-30 00:00:00+00:00,3051.539814319123,0.0,0,1743.5997704412266,5017.677817507308
2024-07-01 00:00:00+00:00,3051.539814319123,0.0,0,1747.1546334864129,4997.76457880139
2024-07-02 00:00:00+00:00,3051.539814319123,0.0,0,1725.9187849530024,5076.446468574348
2024-07-03 00:00:00+00:00,3051.539814319123,0.0,0,1672.396124747196,4783.188273152141
2024-07-04 00:00:00+00:00,3051.539814319123,0.0,0,1584.6614492616961,4354.143378448486
2024-07-05 00:00:00+00:00,3048.287294007469,2747.496638353986,9,1572.9613444649044,4374.195122957118
2024-07-06 00:00:00+00:00,2876.3489953905373,2903.286388800075,9,1617.441297494899,4656.97955611047
2024-07-07 00:00:00+00:00,3029.2231970744524,2428.0562910120093,8,1551.5460584000677,4336.574291306104
2024-07-08 00:00:00+00:00,2952.139313899083,2807.8993518474244,9,1575.3454192825975,4484.163188960703
2024-07-09 00:00:00+00:00,2914.0950655113147,2530.5266576398203,8,1612.4378791457084,4546.9380472963685
2024-07-10 00:00:00+00:00,2908.6646636370183,2535.957059514117,8,1603.434059360608,4562.565723549522
2024-07-11 00:00:00+00:00,2929.1548877882524,2206.06110686189,7,1592.7133612755936,4490.091785601206
2024-07-12 00:00:00+00:00,2857.998769850278,2277.217224799864,7,1607.9686068846481,4585.775323876261
2024-07-13 00:00:00+00:00,2767.649059236114,2367.5669354140286,7,1644.492755309218,4679.49733778928
2024-07-14 00:00:00+00:00,2745.3266753532976,1702.4447336818373,5,1688.7657718672122,4793.887941177683
2024-07-15 00:00:00+00:00,2656.0601932715663,1791.7112157635684,5,1797.8235147481466,5134.249356993878
2024-07-16 00:00:00+00:00,2672.412634246555,1775.3587747885797,5,1806.7078946903473,5124.469579563454
2024-07-17 00:00:00+00:00,2729.923471243934,2028.0305755005484,6,1780.1533621759063,5015.9731476520055
2024-07-18 00:00:00+00:00,2734.5840493111577,1971.4264361786888,6,1777.3737470412618,5011.255276730293
2024-07-19 00:00:00+00:00,2668.091928872498,2041.2399921505048,6,1851.5953320215835,5231.334248404924
2024-07-20 00:00:00+00:00,2637.5779145077913,2090.5754745364293,6,1864.9270406258004,5378.484808284424
2024-07-21 00:00:00+00:00,2584.4984501559475,2054.2543367809826,6,1893.4087211170736,5630.688463527503
2024-07-22 00:00:00+00:00,2601.118352854016,891.2596217309413,3,1875.8168988604093,5484.801533566336
2024-07-23 00:00:00+00:00,2587.8445735527025,877.0123284543928,3,1831.4852734492715,5303.092467166466
2024-07-24 00:00:00+00:00,2617.308391661727,881.6515401949164,3,1815.9300393975855,5239.108657504504
2024-07-25 00:00:00+00:00,2610.6285700037934,852.5808971065701,3,1827.7059746062644,5098.131721078392
2024-07-26 00:00:00+00:00,2615.050678783057,885.7216681552754,3,1886.260385403066,5358.143873048627
2024-07-27 00:00:00+00:00,2612.515454522533,883.6732008823698,3,1885.9412310321547,5317.063991070393
2024-07-28 00:00:00+00:00,2622.4285382145763,881.9041168715887,3,1895.7569639818967,5293.175353169992
2024-07-29 00:00:00+00:00,2610.164763227984,1143.2112476500233,4,1855.0588096985978,5240.435205565568
2024-07-30 00:00:00+00:00,2626.217326686586,881.515488289275,3,1838.4847260102695,5180.246008411969
2024-07-31 00:00:00+00:00,2620.2770383005145,860.4857332870558,3,1795.153062074571,5035.657015932459
2024-08-01 00:00:00+00:00,2600.1966447968157,842.8391247214452,3,1815.3195073634145,4971.768335326401
2024-08-02 00:00:00+00:00,2584.6708049939034,781.071371094855,3,1708.2211334401877,4621.007628516868
2024-08-03 00:00:00+00:00,2572.924666139348,757.1563075498578,3,1685.990323238715,4454.848529460161
2024-08-04 00:00:00+00:00,2570.8069137585035,716.0979961596004,3,1615.5210936949793,4232.591402152939
2024-08-05 00:00:00+00:00,2759.0035203627285,1874.4022856512415,8,1500.4646930297154,3894.849875816764
2024-08-06 00:00:00+00:00,2637.4240853614697,2271.7477912118225,9,1556.1069937963769,4114.826986195299
2024-08-07 00:00:00+00:00,2687.9377852887587,1913.9961800159306,8,1531.4454439083574,4048.788526612403
2024-08-08 00:00:00+00:00,2472.527569617768,2129.406395686921,8,1713.4337103979908,4531.138038370344
2024-08-09 00:00:00+00:00,2488.9417012584217,2016.8618076959772,8,1689.8790623098675,4387.188979042421
2024-08-10 00:00:00+00:00,2487.4679845312107,2014.342494821417,8,1692.2545263481888,4402.529234955831
2024-08-11 00:00:00+00:00,2528.1496029758587,1910.8636659906215,8,1630.8424478682432,4175.516575688635
2024-08-12 00:00:00+00:00,2452.0348290078,2290.12520785722,9,1648.4542693544163,4366.420833806078
2024-08-13 00:00:00+00:00,2455.3326034600364,2033.2593755420842,8,1682.9115529626686,4366.596443790538
2024-08-14 00:00:00+00:00,2464.836768068558,1957.5217597241196,8,1630.0313680048316,4276.505540036562
2024-08-15 00:00:00+00:00,2497.0530743011736,1677.2327163708446,7,1598.3012015537631,4193.680715551403
2024-08-16 00:00:00+00:00,2489.198133309899,1698.3342705103305,7,1635.3425522747962,4186.509301376146
2024-08-17 00:00:00+00:00,2467.533878223889,1722.1633827137262,7,1652.491613811502,4281.436809702955
2024-08-18 00:00:00+00:00,2469.6115188861413,1954.3107303348481,8,1622.9194197778468,4239.4907674638425
2024-08-19 00:00:00+00:00,2476.654169097759,2000.4252120687897,8,1651.0058377192452,4327.957906781344
2024-08-20 00:00:00+00:00,2460.897255853258,2022.3521649650756,8,1639.209069979828,4363.423848419066
2024-08-21 00:00:00+00:00,2383.929074084601,2104.9290521297603,8,1698.7131664112198,4473.8957707992695
2024-08-22 00:00:00+00:00,2354.9070750993387,2375.8887572478825,9,1677.042056868917,4530.439725589353
2024-08-23 00:00:00+00:00,2294.599617243386,2483.417731833526,9,1778.7436942626136,4770.349806719311
2024-08-24 00:00:00+00:00,2276.7325745223366,2172.831312894041,8,1782.0705105379845,4824.122563415291
2024-08-25 00:00:00+00:00,2302.213537790713,1622.3813013820504,6,1783.8201653529266,4753.955447446825
2024-08-26 00:00:00+00:00,2349.3007621117367,1565.191410513226,6,1745.3216485485175,4604.969480354819
2024-08-27 00:00:00+00:00,2424.0839145206764,1254.7150314872963,5,1650.3530850894447,4339.7944859010595
2024-08-28 00:00:00+00:00,2429.663074376473,1733.7469161869483,7,1639.7951585112658,4326.544251521446
2024-08-29 00:00:00+00:00,2432.2616829368226,1731.1483076265986,7,1648.7978672280603,4294.07483825358
2024-08-30 00:00:00+00:00,2431.8280209928243,1974.6840227925334,8,1642.2697853959012,4296.656712668647
2024-08-31 00:00:00+00:00,2448.975054121585,1957.5369896637724,8,1638.1032792482379,4253.808539429031
2024-09-01 00:00:00+00:00,2542.0885064144277,1864.4235373709298,8,1591.6570130836228,4044.035551602913
2024-09-02 00:00:00+00:00,2463.0362984679946,2241.8560633029947,10,1642.495887796181,4205.336129214679
2024-09-03 00:00:00+00:00,2541.361868438729,1856.0590654327675,8,1596.8198697347307,4055.3022749786287
2024-09-04 00:00:00+00:00,2516.5159466216805,2134.889363079292,9,1610.2407415705072,4115.29465454379
2024-09-05 00:00:00+00:00,2556.729230191239,2094.6760795097334,9,1560.4954358381722,4047.8008123701825
2024-09-06 00:00:00+00:00,2635.075883489428,2051.6433450204695,10,1498.9136416744786,3888.927249224144
2024-09-07 00:00:00+00:00,2582.6340296659178,2104.0851988439804,10,1504.4103743515527,3981.0127459509513
2024-09-08 00:00:00+00:00,2529.1896229539366,2157.5296055559606,10,1524.1065599798633,4072.712685258421
2024-09-09 00:00:00+00:00,2458.044037917187,2228.6751905927104,10,1584.4389578334108,4241.985366268961
2024-09-10 00:00:00+00:00,2450.7952344694354,2235.9239940404623,10,1600.9380444110811,4252.325784664402
2024-09-11 00:00:00+00:00,2470.865357098905,2215.8538714109927,10,1592.660863298133,4203.384553387122
2024-09-12 00:00:00+00:00,2429.0764195840384,1997.713788821563,9,1614.724457719546,4296.517419017753
2024-09-13 00:00:00+00:00,2369.6765340064703,1778.5323810444943,7,1680.435259475574,4428.937858397729
2024-09-14 00:00:00+00:00,2377.7214419748607,956.2974715367736,4,1666.4088554130035,4397.319695384707
2024-09-15 00:00:00+00:00,2373.4011632172765,927.2582397803891,4,1642.4922768241865,4259.621046433234
2024-09-16 00:00:00+00:00,2373.091714563625,926.7703591190332,4,1616.9929814334105,4179.592347323387
2024-09-17 00:00:00+00:00,2375.64872029006,929.2502953746986,4,1675.324067500697,4234.329286818195
2024-09-18 00:00:00+00:00,2372.025455172916,944.1958460809351,4,1715.4891867641716,4340.47562403989
2024-09-19 00:00:00+00:00,2346.651144531564,975.9549042349332,4,1748.487915453665,4495.267466824244
2024-09-20 00:00:00+00:00,2333.3335041189684,732.6454600074038,3,1755.5170890918498,4573.4799630150355
2024-09-21 00:00:00+00:00,2339.805249214631,975.0508104899076,4,1759.6255419205222,4682.8349860423195
2024-09-22 00:00:00+00:00,2345.052914304885,963.2125736088718,4,1766.0086293387426,4586.9600277005175
2024-09-23 00:00:00+00:00,2341.6234039925744,976.4163585931146,4,1759.376384852892,4651.6687011780095
2024-09-24 00:00:00+00:00,2348.0000270482515,730.7544879222352,3,1785.006230769628,4780.757346129508
2024-09-25 00:00:00+00:00,2325.3562907437677,943.0278844132032,4,1754.1549193486403,4659.961900706875
2024-09-26 00:00:00+00:00,2351.1926813367772,968.864275006213,4,1810.318866684989,4900.128651835193
2024-09-27 00:00:00+00:00,2381.011112705717,1469.1368209567258,6,1826.8726733767317,5026.025144057359
2024-09-28 00:00:00+00:00,2387.285525973195,1475.411234224204,6,1829.3184124854101,5031.115553980124
2024-09-29 00:00:00+00:00,2388.2960061782405,1476.4217144292495,6,1822.207853093808,4984.646614532923
2024-09-30 00:00:00+00:00,2315.886951957283,1404.012660208292,6,1759.0319536780185,4726.6750262168225
2024-10-01 00:00:00+00:00,2288.9219530727014,685.3827270659197,3,1688.984374556426,4470.742194827217
2024-10-02 00:00:00+00:00,2280.60977104052,439.3094715187483,2,1684.6373198090307,4366.134947210735
2024-10-03 00:00:00+00:00,2280.302261456544,0.0,0,1687.5102646813828,4332.5267561918445
2024-10-04 00:00:00+00:00,2280.302261456544,0.0,0,1724.544671225503,4496.332572431564
2024-10-05 00:00:00+00:00,2280.302261456544,0.0,0,1723.7669234112725,4491.155081939901
2024-10-06 00:00:00+00:00,2280.302261456544,0.0,0,1744.9302747377137,4591.598864982142
2024-10-07 00:00:00+00:00,2275.3824119836277,451.3526638600446,2,1728.3778568813532,4514.182339614152
2024-10-08 00:00:00+00:00,2281.746866065733,457.7171179421497,2,1726.6137581784326,4511.544308373831
2024-10-09 00:00:00+00:00,2272.1777857544425,448.1480376308592,2,1684.269000665577,4439.441689309863
2024-10-10 00:00:00+00:00,2268.336252730609,444.306504607026,2,1675.6684986755706,4413.871313941647
2024-10-11 00:00:00+00:00,2280.2462926218445,456.2165444982612,2,1737.1552964990974,4585.487513275777
2024-10-12 00:00:00+00:00,2285.082097914773,689.1949866612069,3,1755.6606946704057,4639.975397719899
2024-10-13 00:00:00+00:00,2287.4741130978664,920.2079019097743,4,1746.3221655581096,4644.04654282745
2024-10-14 00:00:00+00:00,2321.4037486059597,954.1375374178676,4,1835.59567064748,4843.5977193177605
2024-10-15 00:00:00+00:00,2315.858961365427,948.592750177335,4,1863.0987777282055,4816.869832917628
2024-10-16 00:00:00+00:00,2335.585238996812,975.0570575271979,4,1878.2612491337052,4895.4955804771735
2024-10-17 00:00:00+00:00,2333.51118631312,972.9830048435058,4,1872.7550723760298,4869.001336963934
2024-10-18 00:00:00+00:00,2361.397977094727,1000.8697956251127,4,1900.7045511487086,5021.67559660402
2024-10-19 00:00:00+00:00,2381.833506780626,1021.3053253110119,4,1899.3157157661542,5123.474892773825
2024-10-20 00:00:00+00:00,2395.603072227076,1035.0748907574618,4,1917.48140480289,5223.391671496804
2024-10-21 00:00:00+00:00,2377.5953675851924,1256.7472771226353,5,1871.5251197612397,5166.388821346006
2024-10-22 00:00:00+00:00,2370.01299882859,1019.8995487394998,4,1872.8722900823175,5123.87736966081
2024-10-23 00:00:00+00:00,2369.346852883107,1019.2334027940169,4,1851.8356005427652,5079.960940144864
2024-10-24 00:00:00+00:00,2392.431752095515,1042.318302006425,4,1894.3236858671005,5167.280861372057
2024-10-25 00:00:00+00:00,2339.8200116794133,989.706561590323,4,1852.6600132258498,4864.56378666772
2024-10-26 00:00:00+00:00,2365.406414596112,1015.2929645070221,4,1863.6159800246685,5000.130323052686
2024-10-27 00:00:00+00:00,2393.4857148761726,1043.3722647870825,4,1889.418874830071,5136.044561778618
2024-10-28 00:00:00+00:00,2441.782208743053,1091.6687586539629,4,1943.3198537940857,5366.4334521121
2024-10-29 00:00:00+00:00,2484.0776586313887,1133.9642085422984,4,2020.3782739268129,5574.476477832737
2024-10-30 00:00:00+00:00,2456.312634247108,1106.199184158018,4,2009.4986930740345,5442.762233373903
2024-10-31 00:00:00+00:00,2418.5011900708587,1068.3877399817688,4,1952.4806119774146,5228.620624702894
2024-11-01 00:00:00+00:00,2406.466080716992,826.0911497523535,3,1930.370352687148,5179.1800482455465
2024-11-02 00:00:00+00:00,2406.904274783721,826.5293438190827,3,1927.0018713503007,5151.831913033006
2024-11-03 00:00:00+00:00,2382.94714129389,802.5722103292517,3,1910.3705676442112,4993.100146602307
2024-11-04 00:00:00+00:00,2385.871905906586,805.4969749419474,3,1884.6498918934556,4979.481151540543
2024-11-05 00:00:00+00:00,2428.1743693697435,847.7994384051051,3,1926.9260409384128,5223.523969083786
2024-11-06 00:00:00+00:00,2534.1268716970108,953.7519407323723,3,2099.141072841011,5841.47871582757
2024-11-07 00:00:00+00:00,2544.1092332412863,963.7343022766477,3,2107.082433558457,5956.260783345866
2024-11-08 00:00:00+00:00,2574.8077593295247,1248.9744963827943,4,2125.1897915091254,6148.827839788813
2024-11-09 00:00:00+00:00,2654.7258588063387,1844.096731679094,6,2129.84738984806,6455.47279353506
2024-11-10 00:00:00+00:00,2882.069397260544,2602.647673908546,8,2232.4142716850884,7241.214575911325
2024-11-11 00:00:00+00:00,3190.1869480803675,3190.1869480803675,9,2462.349302086649,8274.482342802272
2024-11-12 00:00:00+00:00,3122.3292690147046,3122.3292690147046,9,2443.0172690956438,8339.062593125702
2024-11-13 00:00:00+00:00,3143.026311258771,3143.026311258771,9,2510.325509308686,8520.817537498466
2024-11-14 00:00:00+00:00,3047.9406900618324,3047.9406900618324,9,2425.617383888849,8049.722129584273
2024-11-15 00:00:00+00:00,3267.171002113839,3267.171002113839,9,2528.571195263457,8459.47272910457
2024-11-16 00:00:00+00:00,3372.1487963122577,3372.1487963122577,9,2516.2063938525744,8384.50561109538
2024-11-17 00:00:00+00:00,3336.2573571705675,3336.2573571705675,9,2495.9035649291645,8496.259183743063
2024-11-18 00:00:00+00:00,3436.8525264407936,3436.8525264407936,9,2512.794303084715,8640.020118296137
2024-11-19 00:00:00+00:00,3443.532587285542,3443.532587285542,9,2564.089826871057,8766.52932637337
2024-11-20 00:00:00+00:00,3439.0130624095864,3439.0130624095864,9,2618.970212546849,8626.928405876888
2024-11-21 00:00:00+00:00,3636.167585760258,3636.167585760258,9,2730.9258993370217,9030.900228340288
2024-11-22 00:00:00+00:00,3990.035937000389,3990.035937000389,9,2746.8941730314796,9647.944099296936
2024-11-23 00:00:00+00:00,4056.392717943202,4056.392717943202,9,2713.0177003802114,9854.049373727747
2024-11-24 00:00:00+00:00,4031.569208270711,4031.569208270711,9,2719.3407901099054,9842.299129502644
2024-11-25 00:00:00+00:00,3834.942144368221,3834.942144368221,9,2583.5118563948513,9219.775100840754
2024-11-26 00:00:00+00:00,3813.006571301441,3813.006571301441,9,2554.4893634056116,9130.103310406428
2024-11-27 00:00:00+00:00,4005.672491557505,4005.672491557505,9,2662.761580994173,9535.376484419701
2024-11-28 00:00:00+00:00,4014.599391960703,4014.599391960703,9,2656.67487104659,9502.87102495482
2024-11-29 00:00:00+00:00,4230.8508163218485,4230.8508163218485,9,2707.1179276751204,9906.995431440144
2024-11-30 00:00:00+00:00,4292.763106411832,4292.763106411832,9,2677.8965534590984,9856.464138848509
2024-12-01 00:00:00+00:00,4508.669633732937,4508.669633732937,9,2699.484332878448,10131.86601290167
2024-12-02 00:00:00+00:00,4826.386299556185,4826.386299556185,9,2662.1368828391,10194.690036831398
2024-12-03 00:00:00+00:00,4714.161265011734,4714.161265011734,9,2662.3888175774955,10117.024003722303
2024-12-04 00:00:00+00:00,4744.00272713359,4744.00272713359,9,2738.431165744346,10427.143215788758
2024-12-05 00:00:00+00:00,4623.924613954515,4623.924613954515,9,2692.83042256063,10271.945019729823
2024-12-06 00:00:00+00:00,4855.869942614323,4855.869942614323,9,2770.47215355403,10561.909925654993
2024-12-07 00:00:00+00:00,4936.006820149648,4936.006820149648,9,2773.0040004564266,10754.123774989494
2024-12-08 00:00:00+00:00,4995.200834975918,4995.200834975918,9,2808.4915221514575,10931.881696779463
2024-12-09 00:00:00+00:00,4385.391983163136,4385.391983163136,9,2702.020068519916,9708.27597992908
2024-12-10 00:00:00+00:00,4392.27437344477,4392.27437344477,9,2683.035522141626,9469.90888895351
2024-12-11 00:00:00+00:00,4619.647783606823,4619.647783606823,9,2808.919561216361,10020.534273187508
2024-12-12 00:00:00+00:00,4736.718467400796,4736.718467400796,9,2777.789927184709,10120.349985042954
2024-12-13 00:00:00+00:00,4780.641098620536,4780.641098620536,9,2817.2317409809493,10168.58654613157
2024-12-14 00:00:00+00:00,4678.0772668704885,4678.0772668704885,9,2817.1136899734324,9896.422049278377
2024-12-15 00:00:00+00:00,4772.490540156779,4772.490540156779,9,2901.6657102962704,10091.855788415724
2024-12-16 00:00:00+00:00,4735.822944095591,4735.822944095591,9,2945.9603926862324,9940.225137928881
2024-12-17 00:00:00+00:00,4714.486981636945,4714.486981636945,9,2948.045867896676,9849.083155178965
2024-12-18 00:00:00+00:00,4308.924846774234,4308.924846774234,9,2783.3374912367844,9032.520487858163
2024-12-19 00:00:00+00:00,4013.6090359135023,4013.6090359135023,9,2707.1695923513516,8253.228282882057
2024-12-20 00:00:00+00:00,4123.050273683475,4123.050273683475,9,2716.7131135661125,8402.840089406725
2024-12-21 00:00:00+00:00,4006.955036635449,4006.955036635449,9,2702.451163022661,8185.865923675158
2024-12-22 00:00:00+00:00,3952.474264329104,3028.322431493614,7,2643.96119418761,8028.566175436091
2024-12-23 00:00:00+00:00,4110.404030575077,3186.2521977395877,7,2635.494853695558,8429.079477691814
2024-12-24 00:00:00+00:00,4205.577071750184,3692.659926480414,8,2740.549417469818,8697.759647124638
2024-12-25 00:00:00+00:00,4161.036573863668,3648.1194285938986,8,2761.826931064705,8635.030021384395
2024-12-26 00:00:00+00:00,3951.200727651266,3438.283582381496,8,2660.7752686300437,8160.155551647587
2024-12-27 00:00:00+00:00,3923.703245283182,3410.7861000134126,8,2619.316588091258,8098.779445472932
2024-12-28 00:00:00+00:00,3997.667750155184,3484.7506048854143,8,2647.1202391487686,8405.944800339465
2024-12-29 00:00:00+00:00,3874.938293921341,3362.021148651572,8,2603.738577139298,8129.071597985692
2024-12-30 00:00:00+00:00,3851.192596397692,3338.2754511279227,8,2577.4576451952203,8144.08163774312
2024-12-31 00:00:00+00:00,3831.3599006401973,2981.9431507665067,7,2599.2331951582914,8123.271067584869
2025-01-01 00:00:00+00:00,4025.403106059495,2463.7258900167767,5,2627.4484970231906,8407.887573373835
2025-01-02 00:00:00+00:00,4063.4763208850036,1968.3235536074287,4,2693.9181584322464,8733.58090424714
2025-01-03 00:00:00+00:00,4113.981777915336,1705.4674803806952,3,2726.955496745375,9415.038799711985
2025-01-04 00:00:00+00:00,4099.899958817757,2514.555927085884,5,2728.2421138437735,9561.344627302753
2025-01-05 00:00:00+00:00,4095.3070461455727,2920.1580052934164,6,2732.217238475721,9426.54728476366
2025-01-06 00:00:00+00:00,4139.511653792831,2964.3626129406744,6,2839.7683727336607,9592.507437329006
2025-01-07 00:00:00+00:00,3925.622844537411,2750.473803685255,6,2693.0798573953366,8749.383559179469
2025-01-08 00:00:00+00:00,3938.5696919119364,2005.0977473604216,4,2640.4707731041744,8573.268817169179
2025-01-09 00:00:00+00:00,3879.4854152307034,1549.5704721268846,3,2570.8034571103253,8158.955276031196
2025-01-10 00:00:00+00:00,3920.9329680047294,1591.0180249009109,3,2631.179464394885,8372.888369272792
2025-01-11 00:00:00+00:00,4013.777746072489,1683.8628029686706,3,2627.67626602593,8530.191162408015
2025-01-12 00:00:00+00:00,4011.378713892995,294.6055927233942,1,2626.150491474655,8430.186946899417
2025-01-13 00:00:00+00:00,4011.1767655429876,0.0,0,2625.901612174102,8335.211713097176
2025-01-14 00:00:00+00:00,4033.799256698064,423.9407265476522,1,2682.1427787577204,8670.130346789945
2025-01-15 00:00:00+00:00,4109.391132207405,499.5326020569925,1,2791.4855106591554,9357.811260271394
2025-01-16 00:00:00+00:00,4125.634802680605,515.7762725301939,1,2777.318000921717,9308.56598665954
2025-01-17 00:00:00+00:00,4133.120877820408,523.2623476699961,1,2890.9297350220477,9898.093265104671
2025-01-18 00:00:00+00:00,4129.544727275917,519.6861971255046,1,2904.227833810007,9881.554229599187
2025-01-19 00:00:00+00:00,4013.2985003170206,2055.9102604342133,5,2814.6573957158466,9186.53090163183
2025-01-20 00:00:00+00:00,4036.718260509301,1708.3899882105575,4,2840.4464021674235,9132.084917831808
2025-01-21 00:00:00+00:00,4102.809413223697,1774.4811409249537,4,2948.325857109799,9438.353412582424
2025-01-22 00:00:00+00:00,4104.980678838507,1320.5144975688168,3,2880.6295762908712,9350.552723145167
2025-01-23 00:00:00+00:00,4089.40723811416,1304.9410568444696,3,2886.287136105245,9190.000367539988
2025-01-24 00:00:00+00:00,4090.667300851849,1306.2011195821588,3,2912.9572197235143,9142.462310172865
2025-01-25 00:00:00+00:00,4096.098731423188,1311.6325501534975,3,2909.5226298224575,9231.036412685586
2025-01-26 00:00:00+00:00,4057.113579760431,859.3990251781229,2,2850.445739154739,8853.67500741948
2025-01-27 00:00:00+00:00,4053.5011928346767,855.7866382523687,2,2835.5249251058035,8748.450901814851
2025-01-28 00:00:00+00:00,4041.4787783300194,843.7642237477113,2,2814.7671137110683,8415.570393315382
2025-01-29 00:00:00+00:00,4044.9766427401887,847.2620881578804,2,2881.3678811802374,8543.261218612899
2025-01-30 00:00:00+00:00,4073.973759798663,1280.959118322511,3,2908.85848874252,8791.679763745758
2025-01-31 00:00:00+00:00,4044.3889895256507,2066.5448134196035,5,2845.1559429496656,8714.92519324214
2025-02-01 00:00:00+00:00,3899.7393573576664,2326.51539217128,6,2795.327029327301,8177.436115793216
2025-02-02 00:00:00+00:00,3825.131802104829,1111.7003158923771,3,2713.800725768896,7391.138918267627
2025-02-03 00:00:00+00:00,3864.0797786151106,770.017165718804,2,2814.5726767575106,7705.954043055162
2025-02-04 00:00:00+00:00,3821.4379322862237,727.3753193899169,2,2715.537881065395,7200.41929696182
2025-02-05 00:00:00+00:00,3781.589304480544,687.5266915842371,2,2683.5752235712866,7009.633708016258
2025-02-06 00:00:00+00:00,3762.3184028240735,668.2557899277667,2,2681.961952390912,6805.666873825075
2025-02-07 00:00:00+00:00,3773.505473026667,380.9474500016544,1,2680.641169942103,6814.31418296491
2025-02-08 00:00:00+00:00,3777.0339415638987,384.47591853888605,1,2678.917347465276,6984.084489896201
2025-02-09 00:00:00+00:00,3772.8697129298685,380.3116899048559,1,2679.417605970072,6947.359463709728
2025-02-10 00:00:00+00:00,3777.516873886193,762.4344656398138,2,2706.307403345862,7071.866102986667
2025-02-11 00:00:00+00:00,3771.109203769659,756.0267955232796,2,2660.4030607475192,7081.699654550207
2025-02-12 00:00:00+00:00,3780.41377925313,393.12225585534543,1,2718.5061000449905,7345.938518488947
2025-02-13 00:00:00+00:00,3794.1620913463976,406.8705679486128,1,2683.456061495464,7232.569227079997
2025-02-14 00:00:00+00:00,3822.53288566603,435.2413622682453,1,2708.2423288008363,7409.369070448993
2025-02-15 00:00:00+00:00,3826.267976234721,438.97645283693646,1,2710.163921436139,7336.921143521099
2025-02-16 00:00:00+00:00,3820.9275914216137,433.6360680238292,1,2669.844919212277,7209.929401530346
2025-02-17 00:00:00+00:00,3810.0560937663595,422.764570368575,1,2660.453058821291,7090.180726017416
2025-02-18 00:00:00+00:00,3794.623017416576,407.3314940187917,1,2657.4459524509844,6831.213361533998
2025-02-19 00:00:00+00:00,3822.43752165151,435.14599825372557,1,2684.462411613663,6917.078268436407
2025-02-20 00:00:00+00:00,3814.474626439109,427.1831030413245,1,2730.5892456402903,7029.527625561464
2025-02-21 00:00:00+00:00,3796.101159641633,408.80963624384816,1,2671.6187397628755,6738.831466551608
2025-02-22 00:00:00+00:00,3796.403145687612,409.11162228982744,1,2681.869178187357,6917.50791335235
2025-02-23 00:00:00+00:00,3796.768707743271,409.4771843454866,1,2673.7303250785117,6817.357452160893
2025-02-24 00:00:00+00:00,3796.482114661948,0.0,0,2543.0375823752206,6001.31870364183
2025-02-25 00:00:00+00:00,3796.482114661948,0.0,0,2463.2495451816203,6042.84659915227
2025-02-26 00:00:00+00:00,3796.482114661948,0.0,0,2340.190119507925,5809.87880862592
2025-02-27 00:00:00+00:00,3767.710479214264,3442.940988089277,9,2352.925462198873,5861.073181588258
2025-02-28 00:00:00+00:00,3806.1616941183306,3404.4897731852107,9,2342.9636237668865,5825.740500431275
2025-03-01 00:00:00+00:00,3791.588196171489,3419.063271132052,9,2390.5892889383667,5880.94682830598
2025-03-02 00:00:00+00:00,3131.2595660820093,3691.408430702677,8,2618.510230268147,7017.716809733883
2025-03-03 00:00:00+00:00,3573.7845110261087,2636.566360679973,8,2394.924677468549,5853.013012292394
2025-03-04 00:00:00+00:00,3575.877906291691,2555.102327249784,7,2424.406041668185,5926.93716119037
2025-03-05 00:00:00+00:00,3456.1963878618144,2674.78384567966,7,2516.736651201634,6119.592419727956
2025-03-06 00:00:00+00:00,3482.69107155829,2648.2891619831853,7,2498.011817039882,6014.779807020229
2025-03-07 00:00:00+00:00,3554.4214684392127,2576.5587651022624,7,2411.0668333529024,5827.184755690955
2025-03-08 00:00:00+00:00,3584.186868228464,2546.7933653130112,7,2394.9757866106265,5740.848884644935
2025-03-09 00:00:00+00:00,3813.8559726146586,2317.1242609268165,7,2242.534992884839,5178.335894340985
2025-03-10 00:00:00+00:00,4009.368239742632,2883.9304430914895,9,2183.134225805909,4820.622260590295
2025-03-11 00:00:00+00:00,3852.196255522893,3041.1024273112284,9,2303.605417860676,5108.292289490451
2025-03-12 00:00:00+00:00,3787.875248882581,3105.4234339515406,9,2324.358229448034,5272.5553707586205
2025-03-13 00:00:00+00:00,3858.1959890404105,3035.1026937937113,9,2253.1293069500407,5145.476605732204
2025-03-14 00:00:00+00:00,3739.629950071292,3153.6687327628288,9,2332.776794002926,5352.716403603062
2025-03-15 00:00:00+00:00,3659.0431025151056,3234.255580319015,9,2342.644191628899,5494.516630802449
2025-03-16 00:00:00+00:00,3756.72648218857,2356.6351183814195,7,2293.648579236067,5240.471398946131
2025-03-17 00:00:00+00:00,3689.6398401105575,2799.162339200747,8,2333.5220430692048,5391.632584709846
2025-03-18 00:00:00+00:00,3714.7302527524603,2774.0719265588427,8,2297.5512066610445,5299.611525097262
2025-03-19 00:00:00+00:00,3557.751579141643,2931.0506001696604,8,2412.294286064004,5570.395403879656
2025-03-20 00:00:00+00:00,3626.8568081030867,2710.1043197307113,8,2339.4484814136413,5369.446401219569
2025-03-21 00:00:00+00:00,3614.391054133507,2725.9385601610256,8,2335.709736563804,5352.111789594762
2025-03-22 00:00:00+00:00,3605.4560143945273,2402.175075517943,7,2328.815557724804,5348.3779259675
2025-03-23 00:00:00+00:00,3553.0766725252324,2454.5544173872368,7,2391.088436374857,5461.022059327432
2025-03-24 00:00:00+00:00,3443.6327533618405,2193.0280355702007,6,2430.4108103281974,5718.175911623323
2025-03-25 00:00:00+00:00,3390.7735204666697,2245.8872684653725,6,2427.486200779614,5843.801368693772
2025-03-26 00:00:00+00:00,3425.0109715159083,2211.6498174161334,6,2414.0506072887824,5772.683353417328
2025-03-27 00:00:00+00:00,3430.0776297763687,2206.5831591556735,6,2423.0180395868597,5771.356591036842
2025-03-28 00:00:00+00:00,3579.3492920009703,2057.311496931071,6,2345.0313218844335,5467.399938419896
2025-03-29 00:00:00+00:00,3706.551136508982,3003.2419645148116,9,2295.7043333693236,5231.409786854526
2025-03-30 00:00:00+00:00,3739.4705769900856,2970.3225240337074,9,2288.522665606135,5171.630177270015
2025-03-31 00:00:00+00:00,3735.948647748288,2973.844453275505,9,2292.967494364462,5171.875150442186
2025-04-01 00:00:00+00:00,3637.03152809692,3072.7615729268728,9,2365.4183142320267,5335.12428718048
2025-04-02 00:00:00+00:00,3818.0763745378113,2891.7167264859822,9,2292.030863782467,5023.0762402494065
2025-04-03 00:00:00+00:00,3798.178712127222,2911.6143888965717,9,2311.3856736737457,5029.968394653007
2025-04-04 00:00:00+00:00,3755.3696864300514,2954.4234145937417,9,2330.1843938778497,5181.3001724939395
2025-04-05 00:00:00+00:00,3789.4276539822245,2920.3654470415686,9,2320.410325989585,5120.56545781525
2025-04-06 00:00:00+00:00,4080.247355097323,2629.5457459264703,9,2178.5271810748995,4584.346439492033
2025-04-07 00:00:00+00:00,4064.0751245927545,2653.396359762327,10,2198.894174192984,4612.816965054398
2025-04-08 00:00:00+00:00,4161.650676148311,2555.82080820677,10,2119.9855475636173,4459.312857338986
2025-04-09 00:00:00+00:00,3872.7962756826223,2844.6752086724587,10,2294.7788134703897,4970.739941012926
2025-04-10 00:00:00+00:00,3984.031846425546,2725.225964950295,9,2211.2286989925265,4788.9958001693485
2025-04-11 00:00:00+00:00,3877.0045435694333,2832.253267806409,9,2317.239614811213,4983.509790594665
2025-04-12 00:00:00+00:00,3738.524010019351,2970.7338013564904,9,2368.7115206911394,5243.816046004602
2025-04-13 00:00:00+00:00,3808.9182706166625,2193.3066560740767,7,2326.577032855203,5091.819959793483
2025-04-14 00:00:00+00:00,3800.8788633971776,2201.346063293561,7,2349.6755874036953,5076.948348771157
2025-04-15 00:00:00+00:00,3883.8157095714223,2498.2754689405997,8,2323.3546570006,4936.7343926717895
2025-04-16 00:00:00+00:00,3865.040904599785,2517.0502739122367,8,2334.0872990699045,4985.303827943455
2025-04-17 00:00:00+00:00,3828.815412339065,2553.2757661729565,8,2359.5732616410082,5048.024326895561
2025-04-18 00:00:00+00:00,3819.5669150492095,2562.524263462812,8,2346.42876804636,5067.790383029153
2025-04-19 00:00:00+00:00,3789.044239456906,1505.7180235923197,5,2363.1592345987633,5140.448258301598
2025-04-20 00:00:00+00:00,3797.0998445500886,951.4935162571942,3,2365.9988474219344,5092.488583830153
2025-04-21 00:00:00+00:00,3806.742858628875,962.6604976018225,3,2430.9127354354523,5146.2291750215645
2025-04-22 00:00:00+00:00,3776.4458475418814,1045.733022694301,3,2595.53861527362,5609.697820974408
2025-04-23 00:00:00+00:00,3753.897321130058,1432.1800367448516,4,2602.4297386747785,5641.696680951023
2025-04-24 00:00:00+00:00,3746.7961857665505,1071.8439271395298,3,2610.4680401019273,5697.78319442179
2025-04-25 00:00:00+00:00,3746.9910810139954,711.2838521151009,2,2628.7509468449502,5663.978480918576
2025-04-26 00:00:00+00:00,3741.049537533387,717.1302943110986,2,2628.454291607237,5674.581780085685
2025-04-27 00:00:00+00:00,3741.944440838388,708.4109061009185,2,2604.0468985942252,5609.985162592876
2025-04-28 00:00:00+00:00,3746.1672002644636,715.42470182694,2,2639.0977704449806,5630.921273969843
2025-04-29 00:00:00+00:00,3743.1448467125656,711.7297702609692,2,2618.144133261306,5542.508397053463
2025-04-30 00:00:00+00:00,3743.449527526193,710.6698000315492,2,2615.78811291834,5491.606587141828
2025-05-01 00:00:00+00:00,3746.5401738550077,728.2192490783618,2,2680.1720213498756,5650.69147371269
2025-05-02 00:00:00+00:00,3747.6443088052824,730.6522942110325,2,2691.2057629301175,5628.0234255796595
2025-05-03 00:00:00+00:00,3744.4653660032377,724.6530725866904,2,2662.575754819987,5529.709471665451
2025-05-04 00:00:00+00:00,3741.442288749634,713.6175442089107,2,2618.721888780448,5394.532320182707
2025-05-05 00:00:00+00:00,3741.632153707907,717.4887178142608,2,2631.3897340718036,5416.425198710293
2025-05-06 00:00:00+00:00,3751.50175536895,726.321834516418,2,2689.730264219692,5468.34005474995
2025-05-07 00:00:00+00:00,3753.3334250282405,726.2397435462927,2,2695.187831738978,5451.2711982234
2025-05-08 00:00:00+00:00,3716.6971597040742,818.361553302759,2,2868.2672747836777,6117.834640488965
2025-05-09 00:00:00+00:00,3739.703208742622,1598.4227215067945,4,2860.222862480846,6359.0408989273565
2025-05-10 00:00:00+00:00,3839.4508874077283,2446.4414451169837,6,2911.2636738580277,7014.782289932324
2025-05-11 00:00:00+00:00,3724.184790868937,3483.505870141532,9,2892.0552472160703,6702.441976375902
2025-05-12 00:00:00+00:00,3744.933603013546,3504.254682286141,9,2855.2044447095236,6730.3613549568245
2025-05-13 00:00:00+00:00,3853.7437128956685,3613.0647921682635,9,2891.6585958308124,6973.614169912817
2025-05-14 00:00:00+00:00,3761.097085334143,3520.4181646067377,9,2875.106455741529,6768.234302765066
2025-05-15 00:00:00+00:00,3648.818443194804,3048.2897654095586,8,2882.214237462366,6486.971241809853
2025-05-16 00:00:00+00:00,3632.3462838609785,3031.8176060757332,8,2873.8865027414927,6465.0851263350805
2025-05-17 00:00:00+00:00,3591.9476415145705,2623.6280353656534,7,2864.518808086163,6329.002054872977
2025-05-18 00:00:00+00:00,3653.412894001914,2356.6565630812433,6,2956.9488582330027,6641.242381435752
2025-05-19 00:00:00+00:00,3608.7139804222734,2677.4870068175555,7,2932.490911612066,6472.882842886829
2025-05-20 00:00:00+00:00,3618.6426250535933,2687.4156514488755,7,2967.9409347517685,6514.243732247876
2025-05-21 00:00:00+00:00,3688.942526517899,2757.7155529131815,7,3045.5490559289105,6708.680091851935
2025-05-22 00:00:00+00:00,3793.8634547052084,3231.7191872240032,8,3102.552970904628,6995.40739573614
2025-05-23 00:00:00+00:00,3613.2559594409463,3051.111691959741,8,2980.9490447118496,6556.127101082378
2025-05-24 00:00:00+00:00,3630.9986624418525,2713.3366655202135,7,2993.2710699929494,6584.546908733401
2025-05-25 00:00:00+00:00,3647.948829928844,2730.286833007205,7,3027.777518373744,6613.030508144377
2025-05-26 00:00:00+00:00,3649.488963254956,2731.826966333317,7,3039.7381686883027,6615.476177865554
2025-05-27 00:00:00+00:00,3672.9103706798537,2755.2483737582147,7,3025.943700134619,6671.842515216889
2025-05-28 00:00:00+00:00,3640.8381398049023,2723.1761428832633,7,2993.8229931739766,6582.693523549375
2025-05-29 00:00:00+00:00,3577.8843009457964,2660.2223040241574,7,2932.93561670156,6392.483412980893
2025-05-30 00:00:00+00:00,3488.1635438349767,2234.0160171871557,6,2888.3742779181475,5972.319157471965
2025-05-31 00:00:00+00:00,3496.8592223702767,1557.5643526015988,4,2905.218073437768,5976.919772331532
2025-06-01 00:00:00+00:00,3505.606325585547,1566.3114558168693,4,2934.412782014445,6008.5084184726265
2025-06-02 00:00:00+00:00,3519.349526008278,1232.4068395649288,3,2940.3864407618885,6047.042813611064
2025-06-03 00:00:00+00:00,3512.6846182027584,1225.741931759409,3,2927.0230667109495,6007.760862169119
2025-06-04 00:00:00+00:00,3512.7049460207254,1225.7622595773757,3,2908.1340722069795,5902.645367920708
2025-06-05 00:00:00+00:00,3452.9499625774192,1166.0072761340698,3,2819.5769284079306,5508.601504729108
2025-06-06 00:00:00+00:00,3470.33993378976,824.9483351067327,2,2896.7895092681215,5695.309048370563
2025-06-07 00:00:00+00:00,3487.079944696269,1188.8964133229867,3,2931.891212493879,5832.142235191373
2025-06-08 00:00:00+00:00,3486.477844463927,1188.2943130906442,3,2936.9424067802297,5860.454485994019
2025-06-09 00:00:00+00:00,3538.1256814527915,1239.9421500795088,3,3062.7436712661643,6143.037619563724
2025-06-10 00:00:00+00:00,3559.4003951849545,1615.2063382410233,4,3063.059492432157,6273.240323442324
2025-06-11 00:00:00+00:00,3527.6261937107574,1939.550286500808,5,3017.8037359574673,6122.576554022689
2025-06-12 00:00:00+00:00,3476.7120732220837,1541.9325756863623,4,2935.212751194796,5823.722772051079
2025-06-13 00:00:00+00:00,3463.406527418237,1528.6270298825157,4,2946.1806619779054,5739.449117709049
2025-06-14 00:00:00+00:00,3448.0385530646795,1186.2197738793743,3,2928.0716374247777,5640.298926409108
2025-06-15 00:00:00+00:00,3452.645939662112,1190.8271604768072,3,2933.053945476154,5692.754551892095
2025-06-16 00:00:00+00:00,3458.9398169242077,1197.1210377389025,3,2966.400438545439,5663.478554081575
2025-06-17 00:00:00+00:00,3430.2294370452437,1514.4775865432057,4,2904.087283669292,5552.536032452676
2025-06-18 00:00:00+00:00,3431.7572324970097,1182.5911243366656,3,2913.409424524074,5544.092656303593
2025-06-19 00:00:00+00:00,3429.9443591386744,819.2458220125438,2,2907.071057605172,5544.7167040443765
2025-06-20 00:00:00+00:00,3429.3723692637495,0.0,0,2869.278069175101,5341.723361556287
2025-06-21 00:00:00+00:00,3429.3723692637495,0.0,0,2836.557663096271,5153.837953780164
2025-06-22 00:00:00+00:00,3429.3723692637495,0.0,0,2804.443900312541,5037.017751102749
2025-06-23 00:00:00+00:00,3429.3723692637495,0.0,0,2925.8297793502584,5418.047131716839
2025-06-24 00:00:00+00:00,3429.3723692637495,0.0,0,2946.6364777504596,5476.911218062395
2025-06-25 00:00:00+00:00,3429.3723692637495,0.0,0,2981.567909758316,5419.428578940819
2025-06-26 00:00:00+00:00,3429.3723692637495,0.0,0,2970.6372197634596,5308.585330706766
2025-06-27 00:00:00+00:00,3429.3723692637495,0.0,0,2973.4296121836232,5362.927197831014
2025-06-28 00:00:00+00:00,3429.3723692637495,0.0,0,2980.351567730275,5478.0405044876115
2025-06-29 00:00:00+00:00,3429.3723692637495,0.0,0,3009.7987665795,5608.0824646840665
2025-06-30 00:00:00+00:00,3429.3723692637495,0.0,0,2976.177006337393,5550.455225807938
2025-07-01 00:00:00+00:00,3429.3723692637495,0.0,0,2935.474130013793,5337.6895389417805
2025-07-02 00:00:00+00:00,3429.3723692637495,0.0,0,3023.4835171379623,5612.742470117061
2025-07-03 00:00:00+00:00,3429.3723692637495,0.0,0,3043.9043970688895,5670.800879713474
2025-07-04 00:00:00+00:00,3429.3723692637495,0.0,0,2999.446665405016,5470.649931978902
2025-07-05 00:00:00+00:00,3429.3723692637495,0.0,0,3005.3875476374305,5493.618547783159
2025-07-06 00:00:00+00:00,3429.3723692637495,0.0,0,3033.323138056284,5645.730821767707
2025-07-07 00:00:00+00:00,3429.3723692637495,0.0,0,3007.1880338273745,5563.772724724108
2025-07-08 00:00:00+00:00,3429.3723692637495,0.0,0,3025.521771945399,5650.095452447892
2025-07-09 00:00:00+00:00,3429.3723692637495,0.0,0,3089.714021094142,5887.143485292834
2025-07-10 00:00:00+00:00,3486.4161817964505,1086.297882136573,3,3222.375854602819,6239.024645284444
2025-07-11 00:00:00+00:00,3515.8110420364756,1813.3002108001442,5,3264.5314527365704,6338.620705170786
2025-07-12 00:00:00+00:00,3506.0311470102206,1803.5203157738888,5,3261.541012390854,6277.064993819638
2025-07-13 00:00:00+00:00,3529.2401519812183,1481.3726806796901,4,3307.834784430465,6355.555308519792
2025-07-14 00:00:00+00:00,3557.1474007766556,2215.4561744321045,6,3328.793421421517,6370.64690199544
2025-07-15 00:00:00+00:00,3577.848864808936,2236.1576384643854,6,3270.9320394806105,6452.147870900349
2025-07-16 00:00:00+00:00,3677.4642415042435,2693.7402788731174,7,3295.162772632961,6753.413971382577
2025-07-17 00:00:00+00:00,3833.186069305565,3217.4176195110167,8,3310.3602426901016,6985.874317792879
2025-07-18 00:00:00+00:00,3853.1467864448236,3620.888903039229,9,3275.56380548143,7168.514820900898
2025-07-19 00:00:00+00:00,3905.9688147768543,3673.7109313712594,9,3273.2072296043116,7274.66892676287
2025-07-20 00:00:00+00:00,4048.400919989979,3816.143036584384,9,3257.2389559098533,7728.660459608101
2025-07-21 00:00:00+00:00,4120.557525499406,3888.2996420938116,9,3260.439943699565,7861.404989609044
2025-07-22 00:00:00+00:00,4177.634540290905,4177.634540290905,10,3331.9388557959264,7982.6574807118695
2025-07-23 00:00:00+00:00,3886.6577000397197,3886.6577000397197,10,3298.6504160456325,7376.085585023488
2025-07-24 00:00:00+00:00,3842.2536189592306,3630.168232050435,9,3287.1230823704304,7225.921323668099
2025-07-25 00:00:00+00:00,3884.040636671258,3671.9552497624627,9,3266.938304454537,7339.236423249717
2025-07-26 00:00:00+00:00,3907.9714338272256,3695.88604691843,9,3275.429088449322,7356.511563209308
2025-07-27 00:00:00+00:00,4025.0628625708387,3812.977475662043,9,3316.9708213439844,7585.386488617887
2025-07-28 00:00:00+00:00,3890.7060909602465,3678.620704051451,9,3279.3825472493018,7287.136680350103
2025-07-29 00:00:00+00:00,3848.2323833189644,3636.146996410169,9,3276.2837777437458,7195.349877031758
2025-07-30 00:00:00+00:00,3795.763914289167,3583.6785273803716,9,3273.215562616607,7073.345160389726
2025-07-31 00:00:00+00:00,3700.2819692521375,3114.9931179187965,8,3215.545006657263,6842.269050913539
2025-08-01 00:00:00+00:00,3577.9230847613044,2992.6342334279634,8,3147.04347908353,6556.10832378547
2025-08-02 00:00:00+00:00,3499.254842595943,2566.755313639555,7,3126.167061147125,6330.139397107589
2025-08-03 00:00:00+00:00,3564.4348470012264,1962.234328479594,5,3172.344448781678,6530.586197725263
2025-08-04 00:00:00+00:00,3653.1000636301637,2407.522805597604,6,3195.8499320972583,6842.591839522667
2025-08-05 00:00:00+00:00,3552.8267923455523,3038.2602749406446,8,3170.148700041859,6593.972490993042
2025-08-06 00:00:00+00:00,3598.3793185461727,2737.127480118938,7,3194.1066659250764,6733.809442845653
2025-08-07 00:00:00+00:00,3769.9958459911454,2908.7440075639106,7,3262.985678955787,7134.816830692242
2025-08-08 00:00:00+00:00,3834.472440078571,3727.5264981865234,9,3240.8401432468036,7271.313284676378
2025-08-09 00:00:00+00:00,3941.233287958317,3834.2873460662695,9,3234.937870638024,7470.469104434271
2025-08-10 00:00:00+00:00,3938.524797513988,3831.5788556219404,9,3313.5948402960707,7433.591442429412
2025-08-11 00:00:00+00:00,3834.0279672946735,3727.082025402626,9,3296.7063242771324,7191.9641311367
2025-08-12 00:00:00+00:00,4067.89759481341,3593.3717702984122,8,3336.929219092521,7679.558968106164
2025-08-13 00:00:00+00:00,4194.97696304684,4127.441232412801,9,3425.0466576094527,7956.48590455495
2025-08-14 00:00:00+00:00,4014.266165631625,3946.7304349975857,9,3285.848131489245,7558.979045355923
2025-08-15 00:00:00+00:00,3980.749121985876,3913.213391351837,9,3259.3758180294517,7529.33815219275
2025-08-16 00:00:00+00:00,4017.2375532756737,3949.7018226416344,9,3260.44827671186,7603.779013694268
2025-08-17 00:00:00+00:00,4138.059432591431,4070.523701957392,9,3261.124639543164,7754.489396943495
2025-08-18 00:00:00+00:00,4031.4908015833385,3963.955070949299,9,3228.4047889984877,7482.27049295666
2025-08-19 00:00:00+00:00,3804.626055255954,3737.0903246219145,9,3135.238656098894,7098.823322527081
2025-08-20 00:00:00+00:00,3979.4137470848673,2841.0025499783346,6,3174.0788264074117,7502.5640143270075
2025-08-21 00:00:00+00:00,3844.2573877814334,3502.113130711378,8,3124.879610747497,7251.330725894353
2025-08-22 00:00:00+00:00,4156.1285445132735,3427.753624831837,7,3248.0968081206506,8000.9292154487875
2025-08-23 00:00:00+00:00,4131.655781991428,3819.129878689389,8,3206.4889666617787,7947.188891317046
2025-08-24 00:00:00+00:00,4102.476468601013,3789.950565298974,8,3152.478269702542,7882.682317451397
2025-08-25 00:00:00+00:00,3798.0338577978027,3485.5079544957634,8,3058.5482773425433,7254.256814837832
2025-08-26 00:00:00+00:00,3893.148808848703,2413.341983373088,5,3104.414288084328,7542.341985209492
2025-08-27 00:00:00+00:00,3871.307165541964,2391.500340066349,5,3090.4923244425254,7553.721253400026
2025-08-28 00:00:00+00:00,3940.9060105773356,2461.0991851017206,5,3126.7378724893547,7752.326702739218
2025-08-29 00:00:00+00:00,3841.6463279447166,2361.8395024691017,5,3010.367355785118,7443.34735128587
2025-08-30 00:00:00+00:00,3839.557049403444,1954.892051535419,4,3022.55938607441,7453.745312967512
2025-08-31 00:00:00+00:00,3828.08102493488,1943.416027066855,4,3006.727218247443,7387.562651188855
2025-09-01 00:00:00+00:00,3796.449591172055,1479.9206143636611,3,3034.2558798992072,7287.686768715866
2025-09-02 00:00:00+00:00,3823.1901350097455,1506.6611582013516,3,3089.8812368742015,7504.531131223357
2025-09-03 00:00:00+00:00,3846.3736165138926,1912.3546888243477,4,3102.816849627314,7610.161326186576
2025-09-04 00:00:00+00:00,3775.392358744866,1841.3734310553216,4,3075.739003940726,7368.513140389792
2025-09-05 00:00:00+00:00,3780.9885435592046,1846.9696158696597,4,3073.770190902417,7462.295865157404
2025-09-06 00:00:00+00:00,3774.43044872662,1840.4115210370749,4,3060.6590293569498,7418.512358466941
2025-09-07 00:00:00+00:00,3806.0731999919176,1872.0542723023727,4,3087.029402299664,7653.882682068106
2025-09-08 00:00:00+00:00,3845.470159345779,2292.2488553154253,5,3112.803131562033,7884.900941586163
2025-09-09 00:00:00+00:00,3860.422403649688,3076.652500523733,7,3098.391464564342,7912.3816645314455
2025-09-10 00:00:00+00:00,3967.334217536458,3183.5643144105034,7,3165.4336039180866,8146.358089755753
2025-09-11 00:00:00+00:00,4030.168189715694,3246.398286589739,7,3207.7289188913232,8332.91062971008
2025-09-12 00:00:00+00:00,4159.79427647557,3779.2337664397364,8,3222.915278265403,8718.528773512167
2025-09-13 00:00:00+00:00,4214.637683585931,4214.637683585931,9,3219.8284527441374,8896.770024455236
2025-09-14 00:00:00+00:00,4106.239537599954,4106.239537599954,9,3201.765815292787,8682.810002439308
2025-09-15 00:00:00+00:00,4031.198623208621,4031.198623208621,9,3204.0351723078816,8509.47928018834
2025-09-16 00:00:00+00:00,4069.7424040854407,3704.4965983292022,8,3244.012798794711,8618.318929154659
2025-09-17 00:00:00+00:00,4185.947820352576,3418.348126945238,7,3234.5306641038587,8934.936761140636
2025-09-18 00:00:00+00:00,4261.7774884113405,3913.0056148074104,8,3251.9172164909814,8995.21013157221
2025-09-19 00:00:00+00:00,4131.269482729831,3782.4976091259,8,3211.8868142596148,8704.475825412806
2025-09-20 00:00:00+00:00,4158.2947099538305,3809.5228363498995,8,3213.3659239420354,8808.032986732725
2025-09-21 00:00:00+00:00,4115.4222540515975,3766.650380447667,8,3200.7736312954903,8701.592903232902
2025-09-22 00:00:00+00:00,4011.6328676063004,2191.3337077946303,5,3129.073615835735,8226.582791240871
2025-09-23 00:00:00+00:00,4006.419461097652,1426.6025880840698,3,3110.9579248727714,8139.529239688475
2025-09-24 00:00:00+00:00,3991.3028659707115,1812.3112268124103,4,3147.2954138219256,8157.7603813817295
2025-09-25 00:00:00+00:00,3832.8261565029534,1653.8345173446519,4,3027.5080843095284,7531.224088713985
2025-09-26 00:00:00+00:00,3869.792552565267,1314.4587821420585,3,3045.5343342738556,7804.370999031756
2025-09-27 00:00:00+00:00,3865.3205697223307,1309.9867992991221,3,3045.322953528631,7769.916632366167
2025-09-28 00:00:00+00:00,3910.7981947575345,1355.4644243343262,3,3115.5452481413486,8011.822913056579
2025-09-29 00:00:00+00:00,3934.9418725733144,1770.8834615355972,4,3175.209893942964,8080.336823129982
2025-09-30 00:00:00+00:00,3907.359438204476,1743.301027166759,4,3167.9037865294977,7973.034927848476
2025-10-01 00:00:00+00:00,3978.563567801976,1814.505156764259,4,3294.178366113807,8367.59854018474
2025-10-02 00:00:00+00:00,4059.8747785075893,1895.8163674698721,4,3347.9085183257675,8735.573655335143
2025-10-03 00:00:00+00:00,4106.573582675849,1942.5151716381317,4,3395.2025296078937,8839.957449349862
2025-10-04 00:00:00+00:00,4034.4827159374627,2692.1513369597906,6,3399.619026124417,8614.194584808887
2025-10-05 00:00:00+00:00,4050.4933491397555,2310.4208798885666,5,3429.9320249511266,8667.29092654262
2025-10-06 00:00:00+00:00,4120.228829745214,2380.1563604940256,5,3462.6038217915666,8989.200927305797
2025-10-07 00:00:00+00:00,4031.585107091074,2703.7421429585743,6,3370.2298805941823,8655.355923381421
2025-10-08 00:00:00+00:00,4084.0414935616923,2368.8762089567335,5,3425.034713625163,8873.562797643548
2025-10-09 00:00:00+00:00,4018.315466767127,2303.150182162168,5,3379.3809169298333,8600.003426308196
2025-10-10 00:00:00+00:00,3642.2806536690236,1927.115369064065,5,3132.5043169977207,7096.480914419647
2025-10-11 00:00:00+00:00,3651.1760198006004,960.1800596563905,2,3073.337152030136,6984.365185695404
2025-10-12 00:00:00+00:00,3752.5558734802185,1061.5599133360088,2,3193.1769795199943,7760.705329961953
2025-10-13 00:00:00+00:00,3749.052168842909,1058.056208698699,2,3198.9323133453,7977.324220537202
2025-10-14 00:00:00+00:00,3697.265805599785,1006.2698454555754,2,3139.549601126343,7627.675166131035
2025-10-15 00:00:00+00:00,3665.83362634746,974.8376662032501,2,3076.6392470356977,7330.853302818854
2025-10-16 00:00:00+00:00,3648.006209157079,957.0102490128695,2,3005.2808850800507,7091.644898225439
2025-10-17 00:00:00+00:00,3609.5499955914383,555.3728325264236,1,2956.321660174241,6861.004734656578
2025-10-18 00:00:00+00:00,3567.8811667809705,3143.999635994712,8,2977.246687349036,7012.565759332002
2025-10-19 00:00:00+00:00,3523.188122427933,2834.585709919673,7,3017.738738461564,7144.940692221817
2025-10-20 00:00:00+00:00,3452.239645494031,2895.4859905277926,7,3070.2175499938426,7221.702223066158
2025-10-21 00:00:00+00:00,3511.216258002847,2791.888749752884,7,3008.1527188840964,6999.9259866794855
2025-10-22 00:00:00+00:00,3576.6308213409484,2741.676101599094,7,2987.8693336560423,6891.872888227304
2025-10-23 00:00:00+00:00,3530.618581436471,3559.5373093503217,9,3057.609424623937,7136.163688153319
2025-10-24 00:00:00+00:00,3463.9631753125204,2861.2345901803037,7,3083.3503773712773,7202.766939214471
2025-10-25 00:00:00+00:00,3449.531410081827,2883.4643364605213,7,3101.165802124533,7222.515069969394
2025-10-26 00:00:00+00:00,3374.4757316837095,2980.980688998623,7,3182.082962484149,7483.7780570444365
2025-10-27 00:00:00+00:00,3416.323777097194,2523.146881816393,6,3169.5348348027696,7389.094349514489
2025-10-28 00:00:00+00:00,3458.376959192956,2444.354009749271,6,3135.947239911073,7171.81441047403
2025-10-29 00:00:00+00:00,3452.9222616125458,2454.2158109813404,6,3056.0292077256663,7143.007325265698
2025-10-30 00:00:00+00:00,3562.1646852201307,2315.264323933748,6,3008.8529696839805,6832.382269296812
2025-10-31 00:00:00+00:00,3523.0899419082434,3432.540803029877,9,3044.5496499876244,6930.754415700632
2025-11-01 00:00:00+00:00,3505.41636178303,3095.3536898925404,8,3058.162736640347,6961.621798016304
2025-11-02 00:00:00+00:00,3484.4284617922826,3104.644618309002,8,3070.4561519125655,6958.935275596666
2025-11-03 00:00:00+00:00,3679.309124476753,2454.388489399254,7,2960.52594264431,6291.879861023627
2025-11-04 00:00:00+00:00,3830.4813103862484,2890.7106993149996,9,2819.2586073382495,5964.037499947675
2025-11-05 00:00:00+00:00,3707.1925443603386,3013.999465340909,9,2885.5877186065904,6175.6969288941655
2025-11-06 00:00:00+00:00,3797.136276202328,2924.0557334989194,9,2815.0593246755575,5996.957400824117
2025-11-07 00:00:00+00:00,3564.367953051755,3156.8240566494924,9,2870.4194140924837,6389.264582779853
2025-11-08 00:00:00+00:00,3604.3656299035624,3116.826379797685,9,2841.9166233033957,6311.053173624407
2025-11-09 00:00:00+00:00,3527.616649180064,3193.575360521184,9,2908.859044276673,6457.363937095694
2025-11-10 00:00:00+00:00,3461.4182532143486,3259.773756486899,9,2944.640165771576,6535.744180420558
2025-11-11 00:00:00+00:00,3646.0034968501127,3075.188512851135,9,2862.6394360464906,6191.359567427281
2025-11-12 00:00:00+00:00,3686.084132849621,3035.107876851627,9,2823.623716945618,6138.528347211184
2025-11-13 00:00:00+00:00,3797.5411826316335,2923.650827069614,9,2769.116094686504,5902.325496068997
2025-11-14 00:00:00+00:00,3919.9949610729777,2801.19704862827,9,2627.5098835471,5691.574946614465
2025-11-15 00:00:00+00:00,3880.0771203739396,2841.1148893273075,9,2655.348811023327,5803.01359494231
2025-11-16 00:00:00+00:00,3942.5433023400037,2778.648707361244,9,2618.272461650654,5689.108973288615
2025-11-17 00:00:00+00:00,4035.0187787979385,2686.1732309033096,9,2561.4329847842305,5501.801063174155
2025-11-18 00:00:00+00:00,3947.8287579861344,2773.3632517151127,9,2582.145797912571,5736.592168744077
2025-11-19 00:00:00+00:00,4025.780602230629,2695.411407470618,9,2543.095357927135,5541.700776140916
2025-11-20 00:00:00+00:00,4155.347724316581,2565.8442853846664,9,2406.4970094101454,5322.871440088697
2025-11-21 00:00:00+00:00,4275.711448434818,2638.1081245950463,10,2364.6152896138333,5092.072605971572
2025-11-22 00:00:00+00:00,4285.156415408364,2628.6631576214986,10,2353.790984409281,5085.057395462432
2025-11-23 00:00:00+00:00,4238.091347071505,2675.7282259583594,10,2411.851525344046,5195.099267228405
2025-11-24 00:00:00+00:00,4113.990777745459,2799.8287952844053,10,2452.6835633582227,5426.816247245493
2025-11-25 00:00:00+00:00,4118.287181382266,2795.5323916475977,10,2426.849836407328,5438.905443374366
2025-11-26 00:00:00+00:00,4042.8123990011163,2871.0071740287476,10,2513.3481706352777,5579.468193930591
2025-11-27 00:00:00+00:00,4056.888182423702,2658.4107251062796,9,2536.9564277691675,5546.061360084459
2025-11-28 00:00:00+00:00,4094.4634255935903,2620.835481936392,9,2524.6444021028224,5468.37616204098
2025-11-29 00:00:00+00:00,4122.435302673262,2592.8636048567196,9,2522.1928298855373,5396.346737223531
2025-11-30 00:00:00+00:00,4156.825859622953,2745.2133992214726,10,2509.9033033523897,5339.673035281355
2025-12-01 00:00:00+00:00,4328.772556467287,2573.2667023771382,10,2396.7412741489297,5011.072986710616
2025-12-02 00:00:00+00:00,4116.420650011947,2785.6186088324794,10,2535.398987771171,5394.773723813214
2025-12-03 00:00:00+00:00,3978.146265936283,2923.892992908143,10,2595.17640700585,5651.506416846518
2025-12-04 00:00:00+00:00,4056.9930908348733,2647.7889738769613,9,2557.625353699419,5495.859560247686
2025-12-05 00:00:00+00:00,4182.930633621477,2521.851431090358,9,2481.294405540074,5271.436969504566
2025-12-06 00:00:00+00:00,4174.281856193096,2530.500208518739,9,2478.7042275516096,5284.5004798340115
2025-12-07 00:00:00+00:00,4174.577306385178,2530.2047583266585,9,2510.8840988995494,5288.781571043033
2025-12-08 00:00:00+00:00,4134.739165044572,2570.042899667264,9,2517.523565329389,5366.852632202357
2025-12-09 00:00:00+00:00,4008.8883926085286,2695.8936721033065,9,2574.3119330537343,5546.10441195297
2025-12-10 00:00:00+00:00,4070.401166153822,2634.380898558013,9,2555.8840318967723,5449.571897995072
2025-12-11 00:00:00+00:00,4129.0418115474995,2575.740253164337,9,2569.717110074091,5362.29523994875
2025-12-12 00:00:00+00:00,4203.65499490063,2501.1270698112066,9,2507.3595124657027,5237.520047522961
2025-12-13 00:00:00+00:00,4177.888479022062,2703.1276057730956,10,2506.570376201335,5301.776527441222
2025-12-14 00:00:00+00:00,4252.393957710483,2449.0923920172354,9,2449.1325890521075,5153.30062855549
2025-12-15 00:00:00+00:00,4325.7822327603635,2548.645716134513,10,2400.7986178355245,5020.583435834237
2025-12-16 00:00:00+00:00,4306.081096726411,2568.346852168465,10,2440.556530564834,5081.601602387907
2025-12-17 00:00:00+00:00,4408.7435296899985,2465.6844192048775,10,2395.55270882854,4876.505402264933
2025-12-18 00:00:00+00:00,4470.295215030912,2404.1327338639635,10,2375.364319940652,4756.8799478722185
2025-12-19 00:00:00+00:00,4337.293339531046,2537.1346093638304,10,2448.15401564156,5026.022728679274
2025-12-20 00:00:00+00:00,4339.823024173142,2534.604924721733,10,2454.3748870870977,5016.6377799040565
2025-12-21 00:00:00+00:00,4349.75331769769,2524.6746311971856,10,2462.6512348988163,5012.523042960579
2025-12-22 00:00:00+00:00,4340.42281381553,2534.0051350793465,10,2461.5937756385392,5036.5023368479715
2025-12-23 00:00:00+00:00,4382.567734395505,2491.860214499371,10,2430.07304556316,4943.101135636917
2025-12-24 00:00:00+00:00,4400.302417439594,2474.125531455281,10,2435.1686825817524,4918.438791220915
2025-12-25 00:00:00+00:00,4448.0881492433255,2426.3397996515505,10,2422.830824577292,4805.454542900265
2025-12-26 00:00:00+00:00,4425.189521385685,2449.2384275091913,10,2426.838725724267,4829.640762493618
2025-12-27 00:00:00+00:00,4356.4119802339565,2518.015968660918,10,2440.934016021812,4918.14945372027
2025-12-28 00:00:00+00:00,4363.348929998391,2511.0790188964843,10,2443.036712791,4935.538142902063
2025-12-29 00:00:00+00:00,4398.530306731889,2475.897642162986,10,2423.160256330034,4877.527612821556
2025-12-30 00:00:00+00:00,4376.506406199634,2497.921542695242,10,2457.835587093347,4924.4377043980185
2025-12-31 00:00:00+00:00,4415.378402054251,1849.6087488473515,8,2434.5789830783197,4841.423820263277
2026-01-01 00:00:00+00:00,4324.039750462251,1504.9814011014166,6,2467.6560420833894,5012.749318090433
2026-01-02 00:00:00+00:00,4220.928959911271,1362.0733258562198,5,2499.7684160317367,5297.572537136353
2026-01-03 00:00:00+00:00,4224.968741859022,1064.730056331448,4,2517.3477387699577,5316.865599641794
2026-01-04 00:00:00+00:00,4193.174072886667,1096.524725303803,4,2542.3945515930977,5438.1634355432025
2026-01-05 00:00:00+00:00,4131.366574150633,1158.332224039837,4,2607.113724885982,5576.569514948274
2026-01-06 00:00:00+00:00,4130.990464547429,815.5714858164413,3,2604.009955573049,5608.424540354244
2026-01-07 00:00:00+00:00,4160.236272785289,786.325677578581,3,2537.795562107307,5439.081405204143
2026-01-08 00:00:00+00:00,4177.0490565358505,769.5128938280192,3,2530.457789247119,5369.928123642491
2026-01-09 00:00:00+00:00,4185.375234156278,761.1867162075916,3,2517.7163356804876,5334.6888257063565
2026-01-10 00:00:00+00:00,4187.8163360523795,758.7456143114908,3,2513.922592949502,5335.3222236934
2026-01-11 00:00:00+00:00,4187.285138247799,0.0,0,2528.0595483085235,5347.475374841302
2026-01-12 00:00:00+00:00,4199.000231129889,1243.7544638278484,3,2535.907857055339,5318.283640921885
2026-01-13 00:00:00+00:00,3986.2531708669194,2715.553332291005,6,2650.2867838209927,5655.612047189311
2026-01-14 00:00:00+00:00,3990.87868342691,896.8508797365488,2,2693.001249312684,5657.8850158358855
2026-01-15 00:00:00+00:00,4012.7338958718715,421.597217247627,1,2655.58657964082,5480.669193752677
2026-01-16 00:00:00+00:00,4010.6987467032473,423.6323664162512,1,2654.0905261667326,5479.522712849029
2026-01-17 00:00:00+00:00,4008.7707106487615,425.5604024707373,1,2642.8917909430434,5488.152315729126
2026-01-18 00:00:00+00:00,4031.8000301884563,402.53108293104225,1,2601.931424539518,5311.13534524966
2026-01-19 00:00:00+00:00,4072.646894462597,2376.3477247643355,6,2572.9842064280124,5210.079351484853
2026-01-20 00:00:00+00:00,4199.640122896929,2249.3544963300037,6,2456.2292600898845,4944.212453426234
2026-01-21 00:00:00+00:00,4112.800932518353,3175.5941909642324,8,2484.757883217088,5036.887610784417
2026-01-22 00:00:00+00:00,4155.308031287052,3133.087092195534,8,2487.6727709179936,4997.056444500284
2026-01-23 00:00:00+00:00,4160.860481995657,3127.534641486929,8,2488.8002274815512,4997.475310096842
2026-01-24 00:00:00+00:00,4169.1233186394165,3119.27180484317,8,2478.386184249005,4978.764757576938
2026-01-25 00:00:00+00:00,4289.373947036499,2234.2772213085473,6,2407.417251734626,4771.968627557099
2026-01-26 00:00:00+00:00,4212.160717018693,2311.490451326354,6,2453.9910129873597,4906.149940724039
2026-01-27 00:00:00+00:00,4175.053170356099,1514.6286264032592,4,2479.0711578596806,5027.187713064799
2026-01-28 00:00:00+00:00,4174.06931091924,0.0,0,2480.459715475159,5000.908259000038
2026-01-29 00:00:00+00:00,4224.633839269273,783.8027213576618,2,2351.3027469378962,4720.967675898943
2026-01-30 00:00:00+00:00,4309.885679927645,3231.60042077841,8,2340.4789972674967,4647.216983842647
2026-01-31 00:00:00+00:00,4576.347876983456,2965.1382237225976,8,2187.1682370580766,4226.958175027289
2026-02-01 00:00:00+00:00,4704.727068274905,3639.239570244316,10,2137.9234675976145,4104.447864970868
2026-02-02 00:00:00+00:00,4592.273195669927,3751.693442849293,10,2187.0993508231018,4227.88142713026
2026-02-03 00:00:00+00:00,4713.807578474477,3630.159060044744,10,2104.64697183161,4090.9360649798373
2026-02-04 00:00:00+00:00,4843.513125736617,3500.453512782604,10,2032.305869959267,3906.275592682213
2026-02-05 00:00:00+00:00,5364.579049178756,2979.387589340465,10,1747.4287895909292,3343.8910459203694
2026-02-06 00:00:00+00:00,4998.7743608224,3345.1922776968204,10,1960.487247957841,3715.808899835211
2026-02-07 00:00:00+00:00,5023.587764766085,3320.3788737531368,10,1924.6308515852036,3691.3109773601705
2026-02-08 00:00:00+00:00,5045.5603379936065,3298.406300525615,10,1953.546404249987,3659.038850928176
2026-02-09 00:00:00+00:00,5052.187622700165,3291.779015819056,10,1948.2027212320706,3648.8945907542284
2026-02-10 00:00:00+00:00,5152.358792059704,3191.607846459517,10,1912.184386653827,3529.7915786695003
2026-02-11 00:00:00+00:00,5233.468969588844,3110.497668930377,10,1863.3315465383216,3440.0668653573584
2026-02-12 00:00:00+00:00,5202.517551715451,3141.4490868037697,10,1840.8226914932616,3472.180984275671
2026-02-13 00:00:00+00:00,5082.6121561684795,3261.354482350742,10,1912.5363175397665,3599.600525967002
2026-02-14 00:00:00+00:00,4901.251215745159,3442.7154227740616,10,1939.451669486595,3836.2681850207455
2026-02-15 00:00:00+00:00,5029.712452235126,3314.2541862840944,10,1911.9424515301862,3670.4623997251338
2026-02-16 00:00:00+00:00,5007.147857554414,3336.8187809648066,10,1913.6048874831035,3683.409519338114
2026-02-17 00:00:00+00:00,5051.4310661674945,3292.535572351726,10,1875.02554045943,3642.875622538515
2026-02-18 00:00:00+00:00,5137.119645393544,3206.8469931256777,10,1846.0677671990168,3550.8464288894356
2026-02-19 00:00:00+00:00,5139.975699256775,3203.990939262445,10,1861.1430197424922,3558.9569845393503
2026-02-20 00:00:00+00:00,5053.007454663419,3290.9591838558017,10,1889.3719321941408,3644.111685188421
2026-02-21 00:00:00+00:00,5062.628178893812,3281.338459625409,10,1888.1475349208806,3626.1215217190424
2026-02-22 00:00:00+00:00,5136.169665316118,3207.796973203103,10,1878.910946325664,3544.9961644402965
2026-02-23 00:00:00+00:00,5272.033921233781,3071.9327172854387,10,1795.9313654229543,3403.596580028785
2026-02-24 00:00:00+00:00,5299.325872108428,3044.6407664107937,10,1779.324505219598,3372.17629130407
2026-02-25 00:00:00+00:00,4904.278063709958,3439.6885748092627,10,1888.4839108505353,3717.5584914672277
2026-02-26 00:00:00+00:00,4981.336768184929,3362.629870334292,10,1874.5161156411089,3635.372300530042
2026-02-27 00:00:00+00:00,5089.581260892277,3254.3853776269434,10,1829.7100640632907,3510.694395945009
2026-02-28 00:00:00+00:00,5028.1155871502315,3315.851051368989,10,1860.2966634603633,3559.1946951532864
2026-03-01 00:00:00+00:00,5105.404898001813,3238.561740517407,10,1827.053777510617,3513.518317437393
2026-03-02 00:00:00+00:00,5026.889177353248,3317.0774611659735,10,1911.8724542269053,3614.434486666733
2026-03-03 00:00:00+00:00,5073.7914358163,3270.17520270292,10,1898.2046474601107,3553.4285552130555
2026-03-04 00:00:00+00:00,4904.971243887818,3438.9953946314026,10,2018.4436262389147,3769.0384557837283
2026-03-05 00:00:00+00:00,4980.454366640875,3363.512271878345,10,1969.1108046151983,3661.6097039596075
2026-03-06 00:00:00+00:00,5103.47152246334,3240.4951160558817,10,1891.9832204804197,3533.9572710600874
2026-03-07 00:00:00+00:00,5147.178686229634,3196.7879522895864,10,1868.3421868315015,3488.6893540341107
2026-03-08 00:00:00+00:00,5190.814150982861,3153.15248753636,10,1832.4627357915133,3439.889860793083
2026-03-09 00:00:00+00:00,5089.333679162654,3254.632959356566,10,1900.8201022525373,3546.011791650303
2026-03-10 00:00:00+00:00,5027.244196820407,3316.7224416988156,10,1942.942646104184,3628.366770630305
2026-03-11 00:00:00+00:00,5012.520054101572,3331.44658441765,10,1949.6987747061582,3634.8031053203927
2026-03-12 00:00:00+00:00,4992.998805991637,3350.967832527584,10,1959.4061784960606,3663.9309805760186
2026-03-13 00:00:00+00:00,4981.6249229138475,3362.341715605374,10,1970.201873691733,3698.8513073891095
2026-03-14 00:00:00+00:00,4988.458308946996,3355.508329572224,10,1978.0335164139574,3703.059767485981
2026-03-15 00:00:00+00:00,4894.845982538933,3449.1206559802877,10,2022.5676340238717,3804.5769273015267
2026-03-16 00:00:00+00:00,4725.076650441167,2903.2758074166995,8,2080.0495861382647,3970.9471699507326
2026-03-17 00:00:00+00:00,4737.868676208398,629.9775610519805,2,2052.958685399081,3894.952724777076
2026-03-18 00:00:00+00:00,4737.423206092492,0.0,0,1978.9943127316085,3732.2766701988176
2026-03-19 00:00:00+00:00,4737.423206092492,0.0,0,1942.425166040644,3660.5703531112467
2026-03-20 00:00:00+00:00,4737.423206092492,0.0,0,1958.5559334748607,3682.0987177847715
2026-03-21 00:00:00+00:00,4737.423206092492,0.0,0,1914.3184711026602,3586.6725079788416
2026-03-22 00:00:00+00:00,4737.423206092492,0.0,0,1884.899604495239,3538.2931872964173
2026-03-23 00:00:00+00:00,4737.423206092492,0.0,0,1969.5477322265497,3685.8426906274535
2026-03-24 00:00:00+00:00,4737.423206092492,0.0,0,1959.8339397938876,3693.385587571506
2026-03-25 00:00:00+00:00,4737.423206092492,0.0,0,1981.49393865313,3732.9435191350995
2026-03-26 00:00:00+00:00,4737.423206092492,0.0,0,1911.6016313273071,3570.337140083207
2026-03-27 00:00:00+00:00,4800.50714388716,2304.1118598950416,5,1844.5756024640002,3467.671595065592
2026-03-28 00:00:00+00:00,4807.382504632611,2297.2364991495906,5,1843.735357057555,3463.395294412121
2026-03-29 00:00:00+00:00,4834.457292224625,3231.0672569569588,7,1833.566304386491,3435.4511381712277
2026-03-30 00:00:00+00:00,4804.731875233123,3260.792673948461,7,1855.4110183516134,3469.1021767505745
2026-03-31 00:00:00+00:00,4784.050756351042,2305.111080948789,5,1896.718038066624,3521.761757403008
2026-04-01 00:00:00+00:00,4757.940259469351,2331.2215778304803,5,1891.9804428096545,3513.3000226117592
2026-04-02 00:00:00+00:00,4819.811630736633,2269.3502065631974,5,1858.3170175060707,3402.853733932868
2026-04-03 00:00:00+00:00,4779.030016958219,3273.5784415864446,7,1860.04778415981,3439.2811979845583
2026-04-04 00:00:00+00:00,4762.006194733448,2826.463659563042,6,1869.3840911354937,3460.5886025123177
2026-04-05 00:00:00+00:00,4747.282530640474,2347.2236104666817,5,1917.5422357926454,3500.6188369067963
2026-04-06 00:00:00+00:00,4756.756374373995,917.7895967624114,2,1912.527984527471,3459.948291999425
2026-04-07 00:00:00+00:00,4592.246125981268,2983.9396401878876,6,1997.8180319725984,3634.1313419923576
2026-04-08 00:00:00+00:00,4674.802285006111,2397.009868156969,5,1974.0886683933495,3525.1414372977365
2026-04-09 00:00:00+00:00,4655.086121432737,1925.6169757886496,4,1994.0334555551376,3548.2689298381024
2026-04-10 00:00:00+00:00,4643.097583107769,1937.6055141136173,4,2026.663587334101,3588.3309480860325
2026-04-11 00:00:00+00:00,4658.4036565361375,957.573914452993,2,2028.898501231708,3588.0299828429725
2026-04-12 00:00:00+00:00,4706.736854139051,909.2407168500804,2,1964.951520411524,3475.568554589704
2026-04-13 00:00:00+00:00,4634.697310123027,1922.0868404839975,4,2067.0867522116546,3648.344245814602
2026-04-14 00:00:00+00:00,4692.098460361845,1864.6856902451786,4,2059.1303920720766,3588.411162378584
2026-04-15 00:00:00+00:00,4660.598234369798,1896.1859162372261,4,2077.9752216108814,3648.9466206449515
2026-04-16 00:00:00+00:00,4569.004273848992,1497.3237728894346,3,2087.538742055151,3765.8266888864305
2026-04-17 00:00:00+00:00,4566.39448856359,511.86104994072696,1,2140.8064120847207,3794.9751677378867
2026-04-18 00:00:00+00:00,4590.184132563833,488.07140594048326,1,2102.4678891163817,3673.2773525114912
2026-04-19 00:00:00+00:00,4602.462658499443,475.7928800048736,1,2049.9707449570533,3579.381389763092
2026-04-20 00:00:00+00:00,4561.830208650641,1436.5021120492572,3,2106.6124516650007,3662.3427065750334
2026-04-21 00:00:00+00:00,4552.661202357273,1445.6711183426248,3,2120.3669217596666,3680.5268303789794
2026-04-22 00:00:00+00:00,4561.264958917698,1437.0673617822,3,2171.5338393895845,3707.7910875868633
2026-04-23 00:00:00+00:00,4567.753445776225,1430.5788749236729,3,2173.7351434709335,3715.7443905499044
2026-04-24 00:00:00+00:00,4560.982609330182,1437.3497113697165,3,2150.948521349363,3721.5706003581586
2026-04-25 00:00:00+00:00,4570.966164153687,2339.074667412643,5,2156.166931415773,3704.867356157074
2026-04-26 00:00:00+00:00,4539.016704437518,3284.719132731974,7,2184.847770900905,3749.0706760655753
2026-04-27 00:00:00+00:00,4600.719502644969,3223.0163345245223,7,2149.120536218845,3693.1029710192324
2026-04-28 00:00:00+00:00,4622.342107968278,2745.390028545837,6,2120.5508035643174,3677.0070575167124
2026-04-29 00:00:00+00:00,4650.178117428881,2717.5540190852334,6,2104.918905799514,3693.817041410153
2026-04-30 00:00:00+00:00,4652.731614816352,2715.0005216977634,6,2120.6563550533915,3717.683236878925
2026-05-01 00:00:00+00:00,4640.368907409452,2727.3632291046624,6,2173.0032272243275,3756.2683611510715
2026-05-02 00:00:00+00:00,4622.21118429318,1834.954340274405,4,2185.6616284350816,3773.4011436220667
2026-05-03 00:00:00+00:00,4632.655022877394,1824.5105016901903,4,2182.376199454111,3764.3739005933553
2026-05-04 00:00:00+00:00,4614.328757709807,2305.8699197607375,5,2218.275927490684,3804.5355524857996
2026-05-05 00:00:00+00:00,4543.374260138415,2376.824417332131,5,2247.288976399323,3902.9986193021628
2026-05-06 00:00:00+00:00,4512.030484606719,978.0694699746791,2,2262.329785825311,3936.845361902293
2026-05-07 00:00:00+00:00,4511.729710737403,0.0,0,2222.3032723330152,3846.1267198708197
2026-05-08 00:00:00+00:00,4511.729710737403,0.0,0,2227.50223870407,3934.5891980749066
2026-05-09 00:00:00+00:00,4511.729710737403,0.0,0,2240.9803305576074,3939.7550788258877
2026-05-10 00:00:00+00:00,4511.729710737403,0.0,0,2283.525080365551,4054.3640206661853
2026-05-11 00:00:00+00:00,4508.865657190343,448.5345040122171,1,2270.625021798232,4049.0483034209883
2026-05-12 00:00:00+00:00,4508.551782722107,0.0,0,2236.149127795854,3972.9920710381443
2026-05-13 00:00:00+00:00,4508.551782722107,0.0,0,2203.070957722478,3973.03567186452
2026-05-14 00:00:00+00:00,4508.551782722107,0.0,0,2252.4129456597193,4042.1883843531396
2026-05-15 00:00:00+00:00,4508.551782722107,0.0,0,2197.5045055092,3953.222698706464
2026-05-16 00:00:00+00:00,4508.551782722107,0.0,0,2170.695538352675,3845.2739181385314
2026-05-17 00:00:00+00:00,4508.551782722107,0.0,0,2151.5190549245162,3805.9218741644777
2026-05-18 00:00:00+00:00,4508.551782722107,0.0,0,2138.8584315771495,3754.732019029478
2026-05-19 00:00:00+00:00,4508.551782722107,0.0,0,2134.205555278516,3711.109224278468
2026-05-20 00:00:00+00:00,4499.401318046199,459.78021535898307,1,2154.145620400003,3757.798801768289
2026-05-21 00:00:00+00:00,4482.344262049705,926.5524330941938,2,2155.9036082272405,3806.802841588329
2026-05-22 00:00:00+00:00,4496.363205212074,436.5911977987743,1,2098.238607609427,3704.459884004712
2026-05-23 00:00:00+00:00,4485.409592034975,447.5448109758736,1,2131.9181434034485,3753.2401151655927
2026-05-24 00:00:00+00:00,4489.17773640981,443.7766666010389,1,2140.610864062857,3731.319195490835
2026-05-25 00:00:00+00:00,4486.396537308698,446.5578657021508,1,2147.7508667645693,3744.9598582871677
2026-05-26 00:00:00+00:00,4494.689413655782,438.2649893550666,1,2109.0856897142535,3695.177672772315
2026-05-27 00:00:00+00:00,4535.111490344569,2643.7494802372794,6,2067.95644092821,3648.6075129247192
2026-05-28 00:00:00+00:00,4559.596653414953,3072.559202259908,7,2044.8520532711107,3612.1648070143383
2026-05-29 00:00:00+00:00,4568.77143701214,3063.3844186627207,7,2040.4986098809557,3618.2511298363606
2026-05-30 00:00:00+00:00,4541.1357783041385,3091.0200773707215,7,2052.264823241957,3752.415041354391
2026-05-31 00:00:00+00:00,4550.187655871631,3081.9681998032293,7,2046.4319924023046,3732.8652301248612
2026-06-01 00:00:00+00:00,4594.450663502962,3037.7051921718985,7,1983.5041389858393,3690.8959278018247
2026-06-02 00:00:00+00:00,4855.589244709388,3235.776991612782,8,1854.3960574540429,3415.005756827427
2026-06-03 00:00:00+00:00,4922.969666577193,3168.3965697449785,8,1781.67441468688,3312.7725270521305
2026-06-04 00:00:00+00:00,5068.774549696626,3514.6474202393833,9,1774.5424672303864,3206.885852907455
2026-06-05 00:00:00+00:00,5373.776294970581,3209.645674965429,9,1695.9477173974776,2963.0766346135047
2026-06-06 00:00:00+00:00,5384.560281261438,3577.437202540923,10,1691.174290187638,2956.7814307608123
2026-06-07 00:00:00+00:00,5196.098071899434,3765.8994119029267,10,1759.1547267258363,3120.466009317359
2026-06-08 00:00:00+00:00,5182.143265056831,3779.854218745529,10,1752.3211011095152,3122.9369754790027
2026-06-09 00:00:00+00:00,5265.819564417955,3696.1779193844063,10,1714.6561633017154,3059.3338825288147
2026-06-10 00:00:00+00:00,5358.45801384245,3603.539469959911,10,1708.5727865590504,2998.5687826627504
2026-06-11 00:00:00+00:00,5208.142862514733,3753.8546212876286,10,1767.3205232411033,3118.9657712980375
2026-06-12 00:00:00+00:00,5220.313902540654,3741.683581261707,10,1766.0433502233063,3109.51584930493
2026-06-13 00:00:00+00:00,5154.478169204565,3807.5193145977955,10,1790.4312995409623,3164.6662776858393
2026-06-14 00:00:00+00:00,5061.526818884475,3900.4706649178866,10,1826.2199207469312,3226.477645871792
2026-06-15 00:00:00+00:00,5009.2870466412005,3952.710437161159,10,1842.394019845084,3257.4370914571236
2026-06-16 00:00:00+00:00,5047.546001605735,3914.4514821966254,10,1824.2355527523373,3218.202520029015
2026-06-17 00:00:00+00:00,5119.4098218723875,3842.5876619299725,10,1791.858744547152,3169.600984130265
2026-06-18 00:00:00+00:00,5234.825672692006,3727.171811110355,10,1748.7662380643292,3067.3149607726036
2026-06-19 00:00:00+00:00,5263.947066418354,3698.0504173840072,10,1765.040611077102,3061.080505321168
2026-06-20 00:00:00+00:00,5200.457352261,3761.540131541361,10,1785.9870263167882,3113.8669884295023
2026-06-21 00:00:00+00:00,5275.906627737421,3686.0908560649386,10,1758.5986370386613,3068.2731387079193
2026-06-22 00:00:00+00:00,5249.915876377565,3712.0816074247964,10,1778.2651015897854,3086.5039406360906
2026-06-23 00:00:00+00:00,5339.621024172517,3622.3764596298433,10,1742.5598105067697,3001.160574127502
2026-06-24 00:00:00+00:00,5431.957004860046,3530.040478942315,10,1696.545472146129,2921.71886057579
2026-06-25 00:00:00+00:00,5515.4157968898735,3446.581686912488,10,1660.8804572892075,2876.2596656838555
2026-06-26 00:00:00+00:00,5441.1074622846345,3520.890021517727,10,1669.304299418553,2941.1567525516175
2026-06-27 00:00:00+00:00,5495.891453721095,3466.106030081266,10,1667.4079835872133,2894.5752249129205
2026-06-28 00:00:00+00:00,5510.898582701198,3451.0989011011625,10,1654.8531894959976,2876.499791722696
2026-06-29 00:00:00+00:00,5440.6657781305385,3521.331705671822,10,1673.8302361632216,2935.1172082335474
2026-06-30 00:00:00+00:00,5510.074911348292,3451.922572454069,10,1628.4014307998657,2873.142670678236
2026-07-01 00:00:00+00:00,5430.68001992515,3531.3174638772116,10,1667.2691000489579,2928.49069230334
2026-07-02 00:00:00+00:00,5311.131801316629,3650.8656824857308,10,1709.9341230010302,3017.5713649315903
2026-07-03 00:00:00+00:00,5173.1085602152425,3788.888923587117,10,1738.3569168720835,3118.015418019339
2026-07-04 00:00:00+00:00,5131.15853060432,3830.83895319804,10,1753.9327056874315,3133.466477210551
2026-07-05 00:00:00+00:00,5123.133149363642,3838.8643344387187,10,1767.987441991806,3155.2956315951624
2026-07-06 00:00:00+00:00,5139.268237122366,3822.7292466799936,10,1778.8764669251857,3138.572548992373
2026-07-07 00:00:00+00:00,5237.83513860383,3724.16234519853,10,1760.043025836518,3067.7251074039436
2026-07-08 00:00:00+00:00,5331.168052562226,3630.829431240134,10,1730.2111195863251,2997.3794878391664
2026-07-09 00:00:00+00:00,5306.915021168922,3655.0824626334397,10,1756.3212247783488,3012.161317848628
2026-07-10 00:00:00+00:00,5241.441404115209,3720.5560796871523,10,1782.2013388310213,3051.162255003251
2026-07-11 00:00:00+00:00,5282.73449118841,3679.2629926139507,10,1772.68170558484,3022.633056307933
2026-07-12 00:00:00+00:00,5298.66229839551,3663.33518540685,10,1771.5984139864477,3014.4821473695183
2026-07-13 00:00:00+00:00,5342.96440414924,3205.864708049507,9,1731.4477386109515,2970.7456854094908
2026-07-14 00:00:00+00:00,5207.20061529372,3341.6284969050253,9,1806.707616923271,3082.5844904380865
2026-07-15 00:00:00+00:00,5211.786089316056,2103.351410613418,6,1798.7162581320526,3078.0150212110952
2026-07-16 00:00:00+00:00,5225.31605526118,1019.0924589566357,3,1772.992804710532,3012.6147492354257
2026-07-17 00:00:00+00:00,5224.047408669412,1020.3611055484027,3,1775.811307235888,3007.4970099135894
2026-07-18 00:00:00+00:00,5223.732145178816,2064.8648485916474,5,1800.8811747263785,3020.996733012062
2026-07-19 00:00:00+00:00,5233.735691441197,2054.8613023292664,5,1797.7790720159048,3025.7263917840696
2026-07-20 00:00:00+00:00,5219.708618979965,2068.888374790498,5,1812.5832238927057,3049.2158974240424
2026-07-21 00:00:00+00:00,5202.986779201663,1227.842937070209,3,1848.7109986990945,3080.811311754747
2026-07-22 00:00:00+00:00,5211.736795563096,1219.0929207087759,3,1836.442860230838,3072.215543999845
2026-07-23 00:00:00+00:00,5243.083283513815,1187.7464327580574,3,1808.2350580770042,2985.4962352199323
2026-07-24 00:00:00+00:00,5242.53628563191,1712.33421961911,4,1781.597750973763,2961.696551861567
2026-07-25 00:00:00+00:00,5179.429103023983,2823.3858857869054,6,1788.1255550388455,3008.3372840665625
2026-07-26 00:00:00+00:00,5150.9453170197785,2851.86967179111,6,1816.596402614135,3071.735143192847
2026-07-27 00:00:00+00:00,5284.333108952328,2718.4818798585598,6,1770.9278842637502,2971.8298762652016
2026-07-28 00:00:00+00:00,5240.263831433776,2762.5511573771114,6,1775.3482695193445,2995.545945053471
2026-07-29 00:00:00+00:00,5239.5366568196505,2212.5492818286148,5,1777.272639825412,2982.3936298797144
2026-07-30 00:00:00+00:00,5188.562352112455,2263.5235865358095,5,1799.3756771716894,3032.182216759286
2026-07-31 00:00:00+00:00,5206.347740503501,1157.9356845385162,3,1746.818257556758,2982.4517833261816
2026-08-01 00:00:00+00:00,5201.384074583406,1162.899350458611,3,1745.0338818572523,2949.1010377181046
2026-08-02 00:00:00+00:00,5173.548492474279,1190.7349325677387,3,1765.765305379719,3029.3892458308965
2026-08-03 00:00:00+00:00,5172.654738498773,1191.6286865432435,3,1764.3764699971643,3020.4077028442225
2026-08-04 00:00:00+00:00,5161.648848462935,685.6831186475756,2,1780.6691756369871,3030.6927379445597
2026-08-05 00:00:00+00:00,5161.594747730532,377.36865673069406,1,1796.187188900421,3038.0252827666577
2026-08-06 00:00:00+00:00,5166.713254639358,372.2501498218682,1,1786.698110032656,3013.7263153226227
2026-08-07 00:00:00+00:00,5163.696029514155,375.26737494707083,1,1803.3524684060958,3027.54113249282
2026-08-08 00:00:00+00:00,5159.493465946909,379.4699385143173,1,1804.4471484546252,3067.6123826582825
2026-08-09 00:00:00+00:00,5165.312400116943,373.65100434428365,1,1802.752491520832,3052.892153131916
2026-08-10 00:00:00+00:00,5163.42663441369,375.5367700475353,1,1776.876266207231,3039.3765735908282
2026-08-11 00:00:00+00:00,5151.573249993252,387.39015446797407,1,1766.5986066092516,3090.5865042085293
2026-08-12 00:00:00+00:00,5186.0366648499785,2412.3094647980342,5,1763.2651239240442,3048.1442698149745
2026-08-13 00:00:00+00:00,5166.479523030048,2431.8666066179653,5,1763.5670567362117,3065.0330368219443
2026-08-14 00:00:00+00:00,5187.5443097594325,2927.1917989040858,6,1751.1425354038797,3050.7037096639274
2026-08-15 00:00:00+00:00,5212.838583641276,2901.8975250222425,6,1752.3216566436683,3046.024207212379
2026-08-16 00:00:00+00:00,5229.256659115827,2885.47944954769,6,1747.1549112534894,3029.29577012434
2026-08-17 00:00:00+00:00,5206.541849201524,2412.343715933006,5,1792.4892758108315,3064.568840937135
2026-08-18 00:00:00+00:00,5208.938304093635,2409.9472610408952,5,1797.8590689339399,3068.2804960975163
2026-08-19 00:00:00+00:00,5014.200648901911,2604.6849162326184,5,1925.8921918796393,3313.824820760257
2026-08-20 00:00:00+00:00,4974.24142530138,553.0509014623843,1,2028.3982427269116,3483.3706925428432
2026-08-21 00:00:00+00:00,5074.278874338774,2763.572378695989,5,2175.9725572722286,3792.8752244614834
2026-08-22 00:00:00+00:00,5038.086587144573,3129.9997974899406,6,2140.8877978381383,3777.654575626447
2026-08-23 00:00:00+00:00,5080.916207531638,3172.8294178770066,6,2159.1945925497416,3830.971342472913
2026-08-24 00:00:00+00:00,5104.660151621789,3196.5733619671564,6,2194.15852330555,3824.0001663044527
2026-08-25 00:00:00+00:00,5040.4942278418985,3132.407438187266,6,2181.5587309479392,3719.978556094204
2026-08-26 00:00:00+00:00,5108.573889778827,3200.487100124195,6,2195.019601242733,3816.0403329283176
2026-08-27 00:00:00+00:00,5183.722537242786,3275.635747588153,6,2229.069122782668,3899.688183136826
2026-08-28 00:00:00+00:00,5063.427901468685,3155.341111814054,6,2162.3019728346685,3754.3957627511168
2026-08-29 00:00:00+00:00,5083.524301828973,3175.4375121743406,6,2172.9718395446816,3771.4254852642703
2026-08-30 00:00:00+00:00,5016.057265193027,3107.9704755383955,6,2157.750203751885,3674.438303356532
2026-08-31 00:00:00+00:00,5061.405905795193,3153.3191161405607,6,2182.7295191754324,3722.1647011214736
2026-09-01 00:00:00+00:00,5006.168479861193,3098.0816902065612,6,2151.0004637926704,3661.281680077772
2026-09-02 00:00:00+00:00,5000.967962005537,3092.8811723509048,6,2148.2508475022887,3670.0639375807164
2026-09-03 00:00:00+00:00,5131.969604450839,2752.8919407914755,5,2257.4233081858224,3875.03691530671
2026-09-04 00:00:00+00:00,5067.825864130698,3202.2023073933615,6,2212.71391955063,3795.8756364858295
2026-09-05 00:00:00+00:00,5139.590647186278,3273.9670904489412,6,2217.4631810248134,3938.977874064019
2026-09-06 00:00:00+00:00,5217.317709490039,3351.6941527527024,6,2231.631524063481,3987.451342940158
2026-09-07 00:00:00+00:00,5146.94261062889,3281.3190538915537,6,2197.4711734600182,3932.721360083103
2026-09-08 00:00:00+00:00,5144.715180779487,3279.09162404215,6,2179.2438201322975,3939.081808156578
2026-09-09 00:00:00+00:00,5015.869972300437,3664.975027118159,7,2175.0948133104544,3820.903086707127
2026-09-10 00:00:00+00:00,4933.019229466644,3119.269122068016,6,2126.826950658081,3714.9523290846937
2026-09-11 00:00:00+00:00,4992.582168263492,2707.293221226372,5,2145.075692050693,3800.275872161665
2026-09-12 00:00:00+00:00,4993.153716956222,3207.372834396166,6,2146.5486908574303,3802.948928448893
2026-09-13 00:00:00+00:00,4934.517211802112,3148.7363292420564,6,2134.4180470920464,3725.2956762591557
2026-09-14 00:00:00+00:00,4986.819553644891,2707.7460095245697,5,2171.838827639594,3797.637145259534
2026-09-15 00:00:00+00:00,4828.778099954765,3048.6413786959693,6,2101.154606378638,3647.9457037362654
2026-09-16 00:00:00+00:00,4864.626557338812,2635.196144818681,5,2116.752061025954,3703.361758532621
2026-09-17 00:00:00+00:00,4913.188704844028,2683.758292323897,5,2122.612946340334,3766.3478316438122
2026-09-18 00:00:00+00:00,5095.255812104853,2865.8253995847235,5,2246.6876106786767,4020.04934828738
2026-09-19 00:00:00+00:00,5107.375852135134,3387.7265365299213,6,2256.8572188838934,4066.1654991833243
2026-09-20 00:00:00+00:00,5184.353372588902,3975.6979845429905,7,2254.8575737000915,4109.866961027157
2026-09-21 00:00:00+00:00,5384.162189190963,4175.506801145051,7,2406.0184167373172,4392.993545552443
2026-09-22 00:00:00+00:00,5390.38842811091,5390.38842811091,10,2394.589968141353,4385.5937205131395
2026-09-23 00:00:00+00:00,5114.292122709011,5114.292122709011,10,2344.2874616535373,4186.868459965333
2026-09-24 00:00:00+00:00,5182.25137204045,4063.716238225294,7,2344.638559238247,4263.961383623029
2026-09-25 00:00:00+00:00,5316.421583120323,5234.803998219218,9,2336.020835689497,4360.959062174192
2026-09-26 00:00:00+00:00,5297.473864639889,5297.473864639889,10,2345.273534775151,4330.050542122804
2026-09-27 00:00:00+00:00,5301.779786703352,5301.779786703352,10,2346.354048702778,4342.363738977571
2026-09-28 00:00:00+00:00,5273.584950307643,5273.584950307643,10,2319.3553666329963,4268.7021585209495
2026-09-29 00:00:00+00:00,5259.793548338696,5184.001370004314,9,2322.274526512812,4265.40111478222
