coin,side,entry_time,exit_time,entry_ref,entry_fill,exit_ref,exit_fill,qty,notional,fees,slippage,pnl,ret_on_notional,days,exit_reason,signal_ret40
DOGE,long,2020-07-19 00:00:00+00:00,2020-08-18 00:00:00+00:00,0.0034488,0.00344948976,0.0035821,0.00358138358,5797.147302723638,19.99720025795681,0.020379504209386265,0.008151832594143643,0.7442283986495302,0.037216629780631644,30,ret40 < 0,0.33754750639882114
ADA,long,2020-07-19 00:00:00+00:00,2020-08-22 00:00:00+00:00,0.12267,0.122694534,0.12314,0.123115372,162.99503676328405,19.998600079984005,0.0200328973326247,0.008013161997355182,0.04856160794876333,0.0024282503652526747,34,ret40 < 0,0.4188251618871415
DOGE,long,2020-08-23 00:00:00+00:00,2020-08-28 00:00:00+00:00,0.003431,0.0034316862,0.0032017,0.00320105966,7188.416194503659,24.668388654534724,0.023839468877025552,0.009535721618655844,-1.6816790238953705,-0.06817141757600094,5,ret40 < 0,0.08378318653912942
BTC,long,2020-07-28 00:00:00+00:00,2020-09-06 00:00:00+00:00,11029.96,11032.165991999998,10166.69,10164.656662000001,0.0018959079174458845,20.915970850810027,0.020093611947207442,0.00803737931166305,-1.6648114191523766,-0.07959522563055696,40,ret40 < 0,0.16532454881808412
BNB,long,2020-07-22 00:00:00+00:00,2020-09-06 00:00:00+00:00,17.7268,17.73034536,19.4737,19.46980526,1.1139236036343363,19.750250197092534,0.020719062917185248,0.008287703003400017,1.916906377268237,0.0970573212055019,46,ret40 < 0,0.092342481114986
XRP,long,2020-07-23 00:00:00+00:00,2020-09-08 00:00:00+00:00,0.20351,0.203550702,0.24202,0.241971596,98.168693647365,19.982306506344088,0.02186817099271603,0.008747419616142643,3.749860801751169,0.18765905730455307,47,ret40 < 0,0.05391826798570465
ETH,long,2020-07-22 00:00:00+00:00,2020-09-11 00:00:00+00:00,245.53,245.579106,367.93,367.85641400000003,0.08041754072744262,19.748867758563946,0.02466548795662997,0.00986658890692916,9.808574908175418,0.4966651773705864,51,ret40 < 0,0.06542015530779577
LINK,long,2020-07-19 00:00:00+00:00,2020-09-18 00:00:00+00:00,7.9731,7.974694619999999,11.0139,11.01169722,2.507933024775813,20.0,0.023808299558435005,0.009523624868281042,7.592790817311576,0.3796395408655788,61,ret40 < 0,0.7825620389000671
BNB,long,2020-09-07 00:00:00+00:00,2020-09-24 00:00:00+00:00,23.1612,23.16583224,22.8448,22.84023104,0.9653951037803464,22.364181019492896,0.022207014117360393,0.008882793428903421,-0.33654081838236694,-0.015048206687695551,17,ret40 < 0,0.14716554636844914
XRP,long,2020-10-14 00:00:00+00:00,2020-10-15 00:00:00+00:00,0.25658,0.25663131599999994,0.24906,0.24901018800000002,87.92398644573208,22.56404834953438,0.02222900837204779,0.00889157690127963,-0.6923089633452302,-0.03068194823113452,1,ret40 < 0,0.05084190257691845
BNB,long,2020-09-25 00:00:00+00:00,2020-10-24 00:00:00+00:00,24.5749,24.57981498,30.6461,30.639970780000002,0.8957670829858894,22.017789164967464,0.024732033206670476,0.009893030817910127,5.403756050199352,0.24542682327057957,29,ret40 < 0,0.06437948553583883
XRP,long,2020-10-24 00:00:00+00:00,2020-10-29 00:00:00+00:00,0.25472,0.254770944,0.2454,0.24535092,90.05379781231952,22.943091079429777,0.02251893661108818,0.009007541072379818,-0.8708278732942855,-0.03795599600243268,5,ret40 < 0,0.051738376414237175
ADA,long,2020-10-14 00:00:00+00:00,2020-11-03 00:00:00+00:00,0.10927,0.10929185400000001,0.09222,0.092201556,206.48572278325145,22.567207467511594,0.020802756199956016,0.008320961656718263,-3.5497052913111133,-0.15729484015341164,20,close < EMA200,0.15657421130637306
XRP,long,2020-11-03 00:00:00+00:00,2020-11-05 00:00:00+00:00,0.23526,0.235307052,0.23759,0.237542482,93.74240334049281,22.058248577446314,0.022163025867796032,0.008865219083909307,0.1873915548316428,0.008495305244825432,2,ret40 < 0,0.06131564699512726
LINK,long,2020-10-26 00:00:00+00:00,2020-11-05 00:00:00+00:00,12.148,12.150429599999999,10.473,10.470905400000001,1.884301352328108,22.89507092664747,0.02131270606598358,0.008524956178200484,-3.1860424273937635,-0.13915844321257564,10,ret40 < 0,0.11130321825200795
ADA,long,2020-11-04 00:00:00+00:00,2020-11-05 00:00:00+00:00,0.0936,0.09361872,0.09553,0.09551089400000001,235.82328718261823,22.077474292229127,0.022300583638529867,0.00892025166096755,0.423918108962956,0.019201386143711537,1,ret40 < 0,0.13363217833777563
BNB,long,2020-10-26 00:00:00+00:00,2020-11-09 00:00:00+00:00,30.1342,30.14022684,28.4101,28.40441798,0.7595652310374111,22.89346836324458,0.022234238334353236,0.008893642951083807,-1.3406942961170376,-0.05856230584394629,14,ret40 < 0,0.11099228928280391
BNB,long,2020-11-25 00:00:00+00:00,2020-11-27 00:00:00+00:00,33.9451,33.951889019999996,28.2354,28.22975292,0.9395466419973446,31.899383318207512,0.029211276439304122,0.011684295994541878,-5.405425034246082,-0.16945233643939367,2,ret40 < 0,0.08348124217892061
BNB,long,2020-12-01 00:00:00+00:00,2020-12-02 00:00:00+00:00,31.4935,31.4997987,30.2003,30.19425994,0.967968728187106,30.490820085788854,0.029858959739230768,0.011943533824604651,-1.2935796528554033,-0.04242521681003635,1,ret40 < 0,0.05921386746667823
LINK,long,2020-11-06 00:00:00+00:00,2020-12-22 00:00:00+00:00,10.9822,10.984396440000001,12.3028,12.30033944,2.0625068334731567,22.65539271907822,0.0240124634340588,0.009605094323484307,2.6901289665271055,0.11874121980069384,46,ret40 < 0,0.0642150258314027
XRP,long,2020-11-07 00:00:00+00:00,2020-12-24 00:00:00+00:00,0.2586,0.25865172,0.2605,0.2604479,89.81641365033256,23.231169874889993,0.023311833097825224,0.009324740065175436,0.13801461277263236,0.005940923918851327,47,ret40 < 0 & close < EMA200,0.06283389496178193
XRP,long,2020-12-25 00:00:00+00:00,2020-12-26 00:00:00+00:00,0.33865,0.33871773,0.3179,0.31783642,82.26874982316329,27.865884190039772,0.027006944555854815,0.010802709539279209,-1.7448862129257714,-0.06261729220669962,1,close < EMA200,0.2624142558902476
LINK,long,2021-01-06 00:00:00+00:00,2021-01-13 00:00:00+00:00,14.5141,14.517002819999998,13.9609,13.95810782,2.775512029742194,40.29211596271135,0.03951650606477997,0.015806541009379962,-1.5907363019275378,-0.0394800884470723,7,ret40 < 0,0.15180512576370697
XRP,long,2021-02-01 00:00:00+00:00,2021-03-13 00:00:00+00:00,0.49516,0.495259032,0.43934,0.439252132,99.0585769989544,49.059654955799616,0.04628567304773825,0.01851404804110357,-5.594249489170474,-0.11402953188746687,40,ret40 < 0,0.10897809237937373
DOGE,long,2020-11-11 00:00:00+00:00,2021-03-19 00:00:00+00:00,0.0027601,0.00276065202,0.0573629,0.057351427420000003,8386.167952796468,23.151291498946833,0.25205499708784174,0.10084031516517829,457.555356180702,19.763707618709585,128,ret40 < 0,0.051969823973176954
ETH,long,2020-10-16 00:00:00+00:00,2021-03-23 00:00:00+00:00,377.63,377.70552599999996,1681.17,1680.8337660000002,0.059599240276657195,22.510962397895188,0.0613436889414239,0.02454058317630711,77.604109398116,3.447391898507729,158,ret40 < 0,0.12724993283782582
LINK,long,2021-01-14 00:00:00+00:00,2021-03-24 00:00:00+00:00,15.9396,15.94278792,26.7831,26.77774338,2.56376232795842,40.87351907192658,0.054762644388654275,0.021906169761735948,27.723487989066737,0.6782750450305179,69,ret40 < 0,0.2567507886435332
XRP,long,2021-03-19 00:00:00+00:00,2021-03-25 00:00:00+00:00,0.46899,0.469083798,0.48022,0.480123956,283.4468752256897,132.96033676209865,0.1345249859056476,0.053810121686578415,2.994773301192259,0.02252380953690501,6,ret40 < 0,0.05836549529419721
DOGE,long,2021-03-30 00:00:00+00:00,2021-03-31 00:00:00+00:00,0.054124,0.054134824799999995,0.0540014,0.05399059972,2471.3646248977298,133.78689098575632,0.13360867460538878,0.05344345772257604,-0.49004143534042766,-0.003662850909605188,1,ret40 < 0,0.09300122983842463
BNB,long,2020-12-14 00:00:00+00:00,2021-04-01 00:00:00+00:00,29.1599,29.16573198,302.4591,302.39860818,0.9548336354548452,27.848421897165043,0.15829439215107985,0.0633281950711624,260.73364611567865,9.362600404377716,108,ret40 < 0,0.08536766950319752
DOT,long,2021-03-19 00:00:00+00:00,2021-04-02 00:00:00+00:00,35.3399,35.34696798,37.4655,37.4580069,3.761840171995815,132.96964410541378,0.13694033961236513,0.05477645569164484,7.8044506742902895,0.058693476445670474,14,ret40 < 0,0.7346098343919032
ADA,long,2020-11-07 00:00:00+00:00,2021-04-08 00:00:00+00:00,0.10912,0.109141824,1.17356,1.173325288,212.8679476504152,23.23279607770283,0.1364980710302976,0.054608291818429536,226.39405183415923,9.744589117770289,152,ret40 < 0,0.07699901283316879
AVAX,long,2021-04-10 00:00:00+00:00,2021-04-19 00:00:00+00:00,31.5178,31.52410356,29.323,29.3171354,4.908256295944105,154.72837977236398,0.14931219708922988,0.05972444793004588,-10.981677563357403,-0.07097390652906481,9,ret40 < 0,0.31562074751842917
DOT,long,2021-04-04 00:00:00+00:00,2021-04-19 00:00:00+00:00,41.38,41.388276000000005,37.3623,37.354827539999995,3.262581162181371,135.03260961276337,0.12845288313065062,0.05138062892938193,-13.287905847356143,-0.09840516217128756,15,ret40 < 0,0.10011883778243913
BTC,long,2020-10-14 00:00:00+00:00,2021-04-20 00:00:00+00:00,11420.57,11422.854114,55633.14,55622.013372,0.0019754807010607723,22.565627853239647,0.06622292091188493,0.026492662007901603,87.24836319637868,3.8664274605527016,188,ret40 < 0,0.1261935636559064
ADA,long,2021-04-13 00:00:00+00:00,2021-04-26 00:00:00+00:00,1.31452,1.3147829039999999,1.091,1.0907818,133.882318823625,176.02618393717955,0.16103129032589358,0.06441131911530776,-30.150818512897857,-0.17128598620111038,13,ret40 < 0,0.08342194854547413
BTC,long,2021-05-02 00:00:00+00:00,2021-05-10 00:00:00+00:00,57797.35,57808.90947,58240.83,58229.181834,0.0014677309248379363,84.84792416027562,0.0851563475330244,0.03406256504958098,0.5316903979645273,0.006266392527885271,8,ret40 < 0,0.06872959742619034
DOT,long,2021-05-10 00:00:00+00:00,2021-05-11 00:00:00+00:00,40.309,40.3170618,36.488,36.4807024,2.1176976950710564,85.37934884589734,0.08131722411647524,0.032526565977677016,-8.205566682960654,-0.09610715932925447,1,ret40 < 0,0.18606855064188954
DOT,long,2021-05-15 00:00:00+00:00,2021-05-16 00:00:00+00:00,47.97,47.979594,43.638,43.6292724,1.6085563978701376,77.17788289591167,0.07367901407467534,0.02947132689921777,-7.07141665654733,-0.09162491106531666,1,ret40 < 0,0.08271745630564054
BNB,long,2021-04-02 00:00:00+00:00,2021-05-20 00:00:00+00:00,334.6706,334.73753411999996,334.8,334.73304,0.41055852422845995,137.42934801218095,0.13742842546254352,0.05497137231005989,-0.13927352473742738,-0.0010134190895316113,48,ret40 < 0,0.32331660079051394
LINK,long,2021-04-05 00:00:00+00:00,2021-05-20 00:00:00+00:00,30.7473,30.75344946,26.227,26.2217546,4.562477578642853,140.31192362717616,0.1299740455311756,0.05198879326177129,-20.80573023753223,-0.14828198274022164,45,ret40 < 0 & close < EMA200,0.18600650340020586
AVAX,long,2021-05-02 00:00:00+00:00,2021-05-20 00:00:00+00:00,31.815,31.821363,23.064,23.0593872,8.200930812541753,260.96479632377606,0.22503661766529348,0.09001177641230107,-72.08139393463048,-0.27621117848094695,18,ret40 < 0,0.09033253342475134
XRP,long,2021-03-30 00:00:00+00:00,2021-05-21 00:00:00+00:00,0.56528,0.565393056,1.1802,1.17996396,236.60977972539493,133.77752643842788,0.20648426954896631,0.08259952766298859,145.20700195152787,1.0854364392688969,52,ret40 < 0,0.05743729777245776
LINK,short,2021-05-20 00:00:00+00:00,2021-05-21 00:00:00+00:00,26.227,26.2217546,30.633,30.639126599999997,4.381390184700588,114.8877382300675,0.1245648533915531,0.049825169180406054,-19.478795176362745,-0.1695463369411594,1,close > EMA200,-0.16975051678891273
DOT,short,2021-05-20 00:00:00+00:00,2021-05-21 00:00:00+00:00,25.044,25.0389912,28.944,28.949788799999997,8.004707036111478,200.4297890357734,0.2160821835685373,0.08643162469308945,-31.52087124909638,-0.15726639937474776,1,close > EMA200,-0.3863043238540991
ETH,long,2021-04-03 00:00:00+00:00,2021-05-24 00:00:00+00:00,2133.69,2134.116738,2096.63,2096.2106740000004,0.06457483693403498,137.81024035454467,0.13658635140373915,0.05463444483574717,-2.584364253014819,-0.018753063969455537,51,ret40 < 0,0.10352050394873635
SOL,long,2021-03-13 00:00:00+00:00,2021-05-24 00:00:00+00:00,14.5532,14.55611064,24.53,24.525094000000003,2.986251085098258,43.468201193510296,0.058353144881573546,0.02334244968181627,29.71153423124491,0.6835234358784733,72,ret40 < 0,2.423797766019988
ADA,long,2021-04-28 00:00:00+00:00,2021-05-24 00:00:00+00:00,1.3063,1.30656126,1.3135,1.3132373,168.5513207060857,220.22262595640743,0.22078525363595075,0.08831414999715897,0.9044701054506861,0.004107071657703891,26,ret40 < 0,0.06268049623754335
BNB,short,2021-05-24 00:00:00+00:00,2021-05-25 00:00:00+00:00,260.72,260.66785600000003,345.64,345.70912799999996,0.7682250586433985,200.251578962049,0.23291699704670354,0.09316418931178401,-65.56375316635585,-0.32740692236330016,1,close > EMA200,-0.5273765227659422
LINK,short,2021-05-22 00:00:00+00:00,2021-05-26 00:00:00+00:00,25.548,25.542890399999997,27.505,27.510500999999998,4.835410954403527,123.51037204728868,0.12826747497190893,0.051306611472792585,-9.642473324212407,-0.0780701504204082,4,close > EMA200,-0.24601031253412675
DOGE,long,2021-04-02 00:00:00+00:00,2021-05-27 00:00:00+00:00,0.0621509,0.062163330180000004,0.35291,0.352839418,2210.623660436391,137.4197285074276,0.45870744713641676,0.18350868921237698,642.1167298108418,4.672667722350616,55,ret40 < 0,0.14731552792279246
LINK,short,2021-05-30 00:00:00+00:00,2021-06-01 00:00:00+00:00,25.377,25.3719246,32.098,32.1044196,7.806383900331777,198.06298371787176,0.22434120400640384,0.08973438293431404,-52.7807817810706,-0.2664848362390294,2,close > EMA200,-0.2902095651711585
DOT,short,2021-05-22 00:00:00+00:00,2021-06-03 00:00:00+00:00,24.386,24.3811228,25.913,25.918182599999998,8.473942312122253,206.60422811196855,0.21311670614970962,0.08524616487146164,-13.238072781631859,-0.06407454921231101,12,close > EMA200,-0.40950541631574366
LINK,short,2021-06-06 00:00:00+00:00,2021-06-07 00:00:00+00:00,27.127,27.1215746,27.53,27.535506,6.897227904589776,187.0636811475333,0.18849117074886626,0.07539635711623599,-3.0434703734147974,-0.016269702139639148,1,close > EMA200,-0.22775405636208368
DOT,short,2021-06-05 00:00:00+00:00,2021-06-15 00:00:00+00:00,24.991,24.9860018,25.858,25.8631716,7.384496993123995,184.50905516229074,0.18774778403757034,0.07509885752067164,-6.665205534596753,-0.03612400230836455,10,close > EMA200,-0.1623198122695273
DOGE,short,2021-06-22 00:00:00+00:00,2021-06-24 00:00:00+00:00,0.17873,0.178694254,0.23475,0.23479694999999998,1172.8871608335571,209.5881962313305,0.2424892621446046,0.09699307665228389,-66.04462108869274,-0.3151161290390455,2,close > EMA200,-0.5435903983656794
ETH,short,2021-06-22 00:00:00+00:00,2021-06-25 00:00:00+00:00,1885.27,1884.892946,1989.53,1989.927906,0.1111859029786373,209.57352421907382,0.21541272765503636,0.08616462737232082,-11.893819599580082,-0.05675249125050308,3,close > EMA200,-0.5068306475448641
BNB,short,2021-06-22 00:00:00+00:00,2021-06-25 00:00:00+00:00,270.76,270.705848,308.6,308.66172,0.7742827531038733,209.60286927075865,0.22429715780506776,0.08971769116762689,-29.612874226423287,-0.14128086285007038,3,close > EMA200,-0.5446733372572101
ETH,short,2021-06-26 00:00:00+00:00,2021-06-29 00:00:00+00:00,1808.97,1808.608206,2084.42,2084.836884,0.11114977104360885,201.02638800449216,0.21637776516218152,0.08654988141665884,-30.9191320805409,-0.15380633551377335,3,close > EMA200,-0.49503922280226687
BNB,short,2021-06-26 00:00:00+00:00,2021-06-30 00:00:00+00:00,280.89,280.833822,300.79,300.850158,0.7158698343717651,201.04046164112975,0.20820500720965457,0.08328143305146635,-14.53729614425927,-0.07231030025293757,4,close > EMA200,-0.5023922597108024
BNB,short,2021-07-04 00:00:00+00:00,2021-07-05 00:00:00+00:00,298.18,298.120364,307.63,307.691526,0.6371687678476243,189.95298500016526,0.19300220774937027,0.07720064224997084,-6.291447706159384,-0.03312107838765424,1,close > EMA200,-0.1374551556532808
SOL,short,2021-07-20 00:00:00+00:00,2021-07-22 00:00:00+00:00,24.524,24.519095200000002,26.706,26.7113412,8.380155071011982,205.47381997690556,0.21465950069380843,0.08586306885757741,-18.58602093449952,-0.09045444785417682,2,close > EMA200,-0.41689665017129796
ADA,short,2021-07-20 00:00:00+00:00,2021-07-22 00:00:00+00:00,1.1226,1.12237548,1.1711,1.17133422,65.62808082549779,73.65934871799688,0.07526588279091415,0.030106225797889713,-3.288334028625446,-0.0446424532100434,2,close > EMA200,-0.3104613305485594
ETH,short,2021-07-14 00:00:00+00:00,2021-07-23 00:00:00+00:00,1940.44,1940.0519120000001,2024.27,2024.6748539999999,0.0997971362983988,193.6116250878332,0.19783418872620595,0.07913334085070615,-8.642961465471677,-0.04464071546091687,9,close > EMA200,-0.32097296351386817
BNB,short,2021-07-22 00:00:00+00:00,2021-07-25 00:00:00+00:00,293.27,293.211346,301.53,301.59030599999994,0.6728916018970271,197.29945230432347,0.200118518212639,0.08004718496164254,-5.838250334843719,-0.029590808624438258,3,close > EMA200,-0.1518148951554592
DOGE,short,2021-07-14 00:00:00+00:00,2021-07-27 00:00:00+00:00,0.19995,0.19991001,0.20363,0.203670726,968.5617024633365,193.62517962506263,0.1954464223707832,0.07817842637601197,-3.8379319138118895,-0.019821450501653206,13,close > EMA200,-0.5010479564848546
BTC,short,2021-05-20 00:00:00+00:00,2021-07-28 00:00:00+00:00,36671.23,36663.895754000005,39456.61,39464.501322,0.0054662974031284214,200.41575814866138,0.2080702296204341,0.08322748281952448,-15.517013173165786,-0.07742411732741998,69,ret40 > 0 & close > EMA200,-0.3689630690368877
XRP,short,2021-06-19 00:00:00+00:00,2021-07-30 00:00:00+00:00,0.7971,0.79694058,0.7488,0.74894976,242.11980386492314,192.95509692159808,0.1871453329587397,0.07485860095896178,11.43238259275809,0.05924892773059692,41,close > EMA200,-0.4804822417725644
LINK,short,2021-06-08 00:00:00+00:00,2021-07-31 00:00:00+00:00,24.574,24.569085200000004,22.269,22.2734538,7.773189112924559,190.98014559115595,0.18205795708827205,0.07282389952333254,17.662319048679528,0.09248248813513026,53,ret40 > 0,-0.32150249772307005
AVAX,short,2021-05-22 00:00:00+00:00,2021-08-01 00:00:00+00:00,21.825,21.820635,13.535,13.537707,9.467633045024515,206.58976498941848,0.1673799035682391,0.06695510089440465,78.25234293879059,0.37878131543834553,71,ret40 > 0,-0.3092196875712079
DOT,short,2021-06-16 00:00:00+00:00,2021-08-01 00:00:00+00:00,23.942,23.9372116,16.779,16.7823558,7.733547106268279,185.1195535013115,0.15745334631738309,0.0629835543428722,55.17496102153943,0.29805042189208036,46,ret40 > 0,-0.42430508800615563
DOGE,long,2021-08-01 00:00:00+00:00,2021-08-03 00:00:00+00:00,0.20764,0.20768152799999998,0.20325,0.20320934999999998,850.9353417422609,176.7235520022349,0.1748207848448538,0.06992816451368558,-3.980355099607069,-0.022523059629068188,2,ret40 < 0,0.16180831421697528
BTC,long,2021-07-29 00:00:00+00:00,2021-08-04 00:00:00+00:00,40019.57,40027.573914,38207.04,38199.398592000005,0.004516075298197428,180.76753779978716,0.176639449093558,0.07065545221652975,-8.432816861551867,-0.04665006208632331,6,close < EMA200,0.11724563817147149
DOGE,short,2021-08-04 00:00:00+00:00,2021-08-07 00:00:00+00:00,0.19626,0.196220748,0.20482,0.204860964,884.6523660727985,173.58714899077435,0.1774089427546644,0.07096327419689036,-7.820996470534721,-0.04505515826491501,3,close > EMA200,-0.2559426773325246
LINK,long,2021-08-05 00:00:00+00:00,2021-08-09 00:00:00+00:00,24.188,24.192837599999997,23.026,23.0213948,7.284460248099195,176.2317637859195,0.17196509953115852,0.06878570123074118,-8.705293609053157,-0.04939684777613677,4,close < EMA200,0.4340841730883225
DOGE,long,2021-08-11 00:00:00+00:00,2021-09-17 00:00:00+00:00,0.25734,0.257391468,0.2419,0.24185162000000002,745.5021311112395,191.88588792385042,0.18609339302327804,0.0744368967871844,-11.771083194168007,-0.06134418388724522,37,ret40 < 0,0.05541200114843514
BTC,long,2021-08-05 00:00:00+00:00,2021-09-21 00:00:00+00:00,39723.17,39731.114634,43016.64,43008.036672,0.00443530039090422,176.21942826724057,0.1834864950652926,0.0733951823272545,14.350647101038778,0.08143623686757008,47,ret40 < 0,0.25768154899008855
ETH,long,2021-07-30 00:00:00+00:00,2021-09-21 00:00:00+00:00,2382.93,2383.4065859999996,2977.32,2976.724536,0.07531020254964073,179.49483274980767,0.2018362802452265,0.08073630264332449,44.48105871059243,0.247812474761283,53,ret40 < 0,0.10082368213168746
XRP,long,2021-08-07 00:00:00+00:00,2021-09-21 00:00:00+00:00,0.7474,0.74754948,0.9216,0.92141568,241.96198958165385,180.87855949153075,0.2019130653280316,0.08076691212236833,41.867098607673704,0.2314652368161636,45,ret40 < 0,0.15268352868599622
BNB,long,2021-08-01 00:00:00+00:00,2021-09-21 00:00:00+00:00,332.38,332.44647599999996,364.1,364.02718000000004,0.531622187536827,176.73592281002925,0.18513042428224577,0.0740528442351005,16.60387252015082,0.09394735521876936,51,ret40 < 0,0.2275816221007534
LINK,long,2021-08-10 00:00:00+00:00,2021-09-21 00:00:00+00:00,24.198,24.2028396,23.57,23.565286,7.711084248391318,186.63013520590164,0.18417202044466904,0.07366861447543341,-5.10040154290985,-0.02732892808164544,42,ret40 < 0 & close < EMA200,0.2398544783767167
BTC,short,2021-09-22 00:00:00+00:00,2021-09-23 00:00:00+00:00,40734.09,40725.943181999995,43546.37,43555.079274,0.0014817562305273865,60.34592005403283,0.06244196506969829,0.024976619343345517,-4.254531996400612,-0.07050239672526606,1,close > EMA200,-0.08253834545823113
XRP,short,2021-09-22 00:00:00+00:00,2021-09-23 00:00:00+00:00,0.874,0.8738252,1.0033,1.00350066,323.6742163714865,282.8346868556575,0.3038209883047135,0.12152672127883643,-42.27642388641678,-0.14947397137322208,1,close > EMA200,-0.0949275362318841
BNB,short,2021-09-22 00:00:00+00:00,2021-09-23 00:00:00+00:00,344.4,344.33112,378.9,378.97578,0.8214607143305778,282.8544878014479,0.2970841013771179,0.11883250693505118,-28.756311252717104,-0.1016646809327022,1,close > EMA200,-0.10698542757869633
LINK,short,2021-09-22 00:00:00+00:00,2021-09-24 00:00:00+00:00,21.42,21.415716000000003,25.42,25.425084000000002,13.208724384161647,282.87429013348077,0.3093536085668195,0.12373933003080634,-53.26799047524421,-0.1883097627928946,2,close > EMA200,-0.14127645926876198
ADA,long,2021-08-01 00:00:00+00:00,2021-09-29 00:00:00+00:00,1.3193,1.31956386,2.037,2.0365926,133.9163548025236,176.7111820603476,0.22472211963507083,0.08989269232472061,95.7971530298114,0.5421114380701515,59,ret40 < 0,0.12376490630323689
DOT,long,2021-08-14 00:00:00+00:00,2021-09-29 00:00:00+00:00,22.723,22.727544599999998,26.31,26.304738,2.6413445733178267,60.03127659404887,0.06475557678144804,0.02590260969269185,9.383844798016902,0.15631592946912543,46,ret40 < 0,0.42241001564945213
BNB,short,2021-09-29 00:00:00+00:00,2021-09-30 00:00:00+00:00,332.9,332.83342,367.7,367.77353999999997,0.8353932649563073,278.0467974203739,0.29264116788275646,0.11705530428565072,-29.48138209264791,-0.10603028830458186,1,close > EMA200,-0.2278618962598835
BTC,short,2021-09-29 00:00:00+00:00,2021-10-01 00:00:00+00:00,41025.01,41016.804998,43820.01,43828.774002,0.006777901643486287,278.00787000650075,0.2875374946733228,0.1150142400999164,-19.34678682831741,-0.06959078830345708,2,close > EMA200,-0.12262626115735853
LINK,short,2021-09-29 00:00:00+00:00,2021-10-02 00:00:00+00:00,22.09,22.085582,26.32,26.325264,12.588635111908976,278.02733303214484,0.3047132378764091,0.12188316515352188,-53.6765229264049,-0.1930620358114177,3,close > EMA200,-0.18438145851786236
DOGE,short,2021-09-22 00:00:00+00:00,2021-10-05 00:00:00+00:00,0.2008,0.20075984000000002,0.2415,0.2415483,1409.1169521347151,282.8940938518531,0.31163194907058744,0.12465048558581529,-57.78734238653929,-0.2042720001669655,13,close > EMA200,-0.23904397560698465
LINK,long,2021-10-04 00:00:00+00:00,2021-10-05 00:00:00+00:00,27.56,27.565512,26.62,26.614676000000003,10.611343802784269,292.50712493177537,0.2874623010837433,0.11498452144694514,-10.377109997147876,-0.035476434974253165,1,ret40 < 0,0.07159514925373123
ETH,long,2021-10-04 00:00:00+00:00,2021-10-11 00:00:00+00:00,3417.73,3418.4135459999998,3414.22,3413.537156,0.0855740818825867,292.52760069394753,0.2923189543953718,0.1169275697435205,-0.7096115515467902,-0.0024257934973090293,7,ret40 < 0,0.07793743810358866
XRP,long,2021-10-10 00:00:00+00:00,2021-10-11 00:00:00+00:00,1.1604,1.16063208,1.1352,1.13497296,83.54223563172219,96.96179870909585,0.09588998858452454,0.03835591122322995,-2.239510237727163,-0.023096830582177284,1,ret40 < 0,0.05471732412288688
LINK,long,2021-10-06 00:00:00+00:00,2021-10-11 00:00:00+00:00,27.23,27.235446,25.55,25.544890000000002,10.280157503635275,279.9846745617533,0.2712950835873955,0.10851734260834894,-17.650477032303005,-0.06304086843299711,5,ret40 < 0,0.1164411644116441
SOL,long,2021-08-01 00:00:00+00:00,2021-10-17 00:00:00+00:00,36.742,36.749348399999995,157.54,157.508492,4.809562677410393,176.74829448379134,0.4671476294910924,0.18688229121853034,580.3315223851109,3.2833783436497606,77,ret40 < 0,0.38187288454306123
XRP,long,2021-10-21 00:00:00+00:00,2021-10-23 00:00:00+00:00,1.1451,1.14532902,1.0885,1.0882823000000001,254.3435524718421,291.30705169589345,0.2840523189850602,0.11362035176016776,-14.793517740651485,-0.050783246250059894,2,ret40 < 0,0.08557619408642925
DOGE,long,2021-10-21 00:00:00+00:00,2021-10-23 00:00:00+00:00,0.2548,0.25485096,0.2446,0.24455108,1142.9686643804282,291.28666136726997,0.28540044132383063,0.11415971019831334,-12.057840528202528,-0.041395100179336224,2,ret40 < 0,0.06299541093032968
LINK,long,2021-10-24 00:00:00+00:00,2021-10-25 00:00:00+00:00,31.37,31.376274,29.71,29.704058,9.324509564201236,292.5683670019986,0.2847720699592934,0.11390820883626993,-15.877366155369616,-0.05426890924014747,1,ret40 < 0,0.16320474777448069
DOGE,long,2021-10-24 00:00:00+00:00,2021-10-28 00:00:00+00:00,0.2511,0.25115022,0.2379,0.23785242,1047.9282349900407,263.1874067619604,0.2562198367203351,0.10248738138200632,-14.191359919970868,-0.05392112067431186,4,ret40 < 0,0.06488549618320594
AVAX,long,2021-08-14 00:00:00+00:00,2021-10-28 00:00:00+00:00,18.044,18.0476088,61.58,61.567684,11.908939877199792,214.92788812642186,0.47406686763042877,0.1896474857563951,517.8038921403833,2.409198250884073,75,ret40 < 0,0.46059133252328865
AVAX,long,2021-10-31 00:00:00+00:00,2021-11-02 00:00:00+00:00,62.33,62.342465999999995,64.94,64.927012,4.530013953967828,282.4122409047648,0.28826625562710073,0.1153069751842482,11.419763189044678,0.04043650215889776,2,ret40 < 0,0.08756323042037328
ADA,long,2021-11-10 00:00:00+00:00,2021-11-11 00:00:00+00:00,2.269,2.2694538,2.097,2.0965806000000002,53.557030092672164,121.54520546052919,0.11691591787322093,0.04676599867689853,-9.375491092489739,-0.07713583647307547,1,ret40 < 0,0.07328605200945626
DOGE,long,2021-10-29 00:00:00+00:00,2021-11-17 00:00:00+00:00,0.2997,0.29975994,0.2364,0.23635272000000002,939.7964911578855,281.7133398016983,0.25191839836666025,0.10076497978191414,-59.84180126844275,-0.21242090030442357,19,ret40 < 0 & close < EMA200,0.24202237878159982
XRP,long,2021-10-31 00:00:00+00:00,2021-11-19 00:00:00+00:00,1.0845,1.0847169,1.0406,1.04039188,260.37393721436786,282.4320100159638,0.276661470028711,0.11066413079485016,-11.817741444534322,-0.04184278348571875,19,ret40 < 0,0.17686631944444442
LINK,long,2021-10-26 00:00:00+00:00,2021-11-19 00:00:00+00:00,32.38,32.386476,26.55,26.544690000000003,8.543656789406443,276.6989355623488,0.25174382825176905,0.10069553891992031,-50.161958449411266,-0.1812871392058833,24,ret40 < 0 & close < EMA200,0.05575480925986298
BTC,long,2021-10-06 00:00:00+00:00,2021-11-23 00:00:00+00:00,51471.99,51482.284397999996,56243.83,56232.581234000005,0.005438085742075675,279.96507675424874,0.29288133750148815,0.11715357298757163,25.539640156977345,0.09122437860132052,48,ret40 < 0,0.09879883963472702
LINK,long,2021-11-20 00:00:00+00:00,2021-11-23 00:00:00+00:00,28.27,28.275654,26.77,26.764646,10.27830642767439,290.6258362548971,0.2828605346355634,0.1131435971558433,-15.813463773302994,-0.05441176179337887,3,close < EMA200,0.10602503912363082
DOT,long,2021-10-02 00:00:00+00:00,2021-11-23 00:00:00+00:00,31.94,31.946388,39.48,39.472103999999995,8.939434570400564,285.5826452866297,0.31922046817533806,0.12769088340360132,66.95642530924127,0.23445551196585968,52,ret40 < 0,0.15369333574137634
ETH,long,2021-10-18 00:00:00+00:00,2021-12-05 00:00:00+00:00,3847.0,3847.7694,4117.25,4116.42655,0.0723907442753583,278.54289066594885,0.28826703618764715,0.11530759701900437,19.160024007208932,0.06878662011943856,48,ret40 < 0,0.12003831629578077
SOL,long,2021-10-22 00:00:00+00:00,2021-12-05 00:00:00+00:00,190.46,190.498092,200.68,200.63986400000002,1.3962112190873341,265.9755732651312,0.27305560118904404,0.10922281124675803,13.88700024663675,0.05221156242341787,44,ret40 < 0,0.06400804289544237
BTC,short,2021-12-05 00:00:00+00:00,2021-12-07 00:00:00+00:00,49152.46,49142.629508,50441.91,50451.998382000005,0.005594023408698766,274.9050198327627,0.2785673398986515,0.11142664743093626,-7.603207471676236,-0.027657579611684118,2,close > EMA200,-0.22077646397092643
ETH,long,2021-12-07 00:00:00+00:00,2021-12-10 00:00:00+00:00,4347.57,4348.439514,4105.64,4104.818872000001,0.0639928776289263,278.2691576961897,0.27047416473049657,0.10818904662029574,-15.860460096116892,-0.05699683079298754,3,ret40 < 0,0.10851351351351357
BTC,short,2021-12-10 00:00:00+00:00,2021-12-13 00:00:00+00:00,47535.9,47526.39282,50053.9,50063.91078,0.005808277602452753,276.04648294177736,0.28341578730822214,0.11336572991355365,-15.022024520197808,-0.05441846010900343,3,close > EMA200,-0.23139003275018644
BNB,long,2021-10-18 00:00:00+00:00,2021-12-14 00:00:00+00:00,471.0,471.0942,521.0,520.8958,0.5913093154599364,278.5623889191464,0.29328646392155117,0.11731576818724686,29.15486354088802,0.1046618807873245,57,ret40 < 0,0.12467160257941234
BTC,short,2021-12-14 00:00:00+00:00,2021-12-24 00:00:00+00:00,46702.76,46693.419448,50838.82,50848.987764,0.005972110213795303,278.858247202429,0.2912670031944829,0.11650581323754314,-25.108778987302212,-0.09004137133902024,10,close > EMA200,-0.25746639557571427
XRP,short,2021-12-05 00:00:00+00:00,2021-12-24 00:00:00+00:00,0.8452,0.84503096,0.9941,0.9942988199999999,325.3422402787159,274.92426563127395,0.29920583561827885,0.11968039650889155,-48.862345809627975,-0.1777302039797452,19,close > EMA200,-0.22847228563601496
AVAX,long,2021-11-05 00:00:00+00:00,2021-12-30 00:00:00+00:00,78.96,78.975792,103.1,103.07938,3.8897950851277354,307.1996475656703,0.35407865663384225,0.1416352186396655,93.40393947971002,0.3040496309805921,55,ret40 < 0,0.15656121851200933
LINK,short,2021-12-05 00:00:00+00:00,2022-01-06 00:00:00+00:00,20.65,20.64587,25.24,25.245047999999997,13.31991639490292,275.00126230003434,0.3056315955226727,0.12225019267240003,-61.56629804079948,-0.22387641978758943,32,ret40 > 0 & close > EMA200,-0.3625694873378629
SOL,short,2022-01-08 00:00:00+00:00,2022-01-13 00:00:00+00:00,136.43,136.402714,151.5,151.53029999999998,2.0394958916975168,278.19277481939133,0.2936190995685418,0.1174464104192654,-31.14626859786937,-0.11195930094909974,5,close > EMA200,-0.3200956699387115
BNB,short,2022-01-08 00:00:00+00:00,2022-01-13 00:00:00+00:00,448.1,448.01038000000005,487.8,487.89756,0.6209081588961403,278.1733002121602,0.29055643796083963,0.11622158918215177,-25.05683193531975,-0.09007633700362018,5,close > EMA200,-0.2669720268280712
DOGE,short,2021-12-05 00:00:00+00:00,2022-01-15 00:00:00+00:00,0.1781,0.17806438000000002,0.1832,0.18323664,1544.0680094309841,274.94351277716237,0.2789366733783921,0.11157435436146851,-8.26525787583787,-0.03006165809242693,41,ret40 > 0,-0.3281780460203696
ADA,short,2021-12-05 00:00:00+00:00,2022-01-17 00:00:00+00:00,1.419,1.4187162,1.411,1.4112822,193.8109688678556,274.9627612705224,0.27424236589924056,0.10969700837921914,1.1665483766643865,0.004242568598286212,43,ret40 > 0,-0.3376865671641792
AVAX,short,2022-01-22 00:00:00+00:00,2022-01-30 00:00:00+00:00,66.03,66.016794,71.91,71.924382,4.485357597497412,296.1089285303216,0.30935775088966383,0.12374204539973346,-26.807002469574158,-0.09053088200556951,8,close > EMA200,-0.24931818181818177
AVAX,short,2022-01-31 00:00:00+00:00,2022-02-02 00:00:00+00:00,67.94,67.926412,73.32,73.33466399999999,3.964810078053008,269.3153228635808,0.2800366688807059,0.1120138143251331,-21.722728703131008,-0.08065908939809734,2,close > EMA200,-0.44855566374553724
AVAX,short,2022-02-03 00:00:00+00:00,2022-02-05 00:00:00+00:00,67.79,67.776442,77.8,77.81555999999999,3.653237655892783,247.60345009683317,0.2659410920516087,0.10637497406427462,-36.941225001602604,-0.14919511415190526,2,close > EMA200,-0.4102140247085435
XRP,short,2021-12-29 00:00:00+00:00,2022-02-08 00:00:00+00:00,0.8516,0.8514296800000001,0.8314,0.83156628,316.10263324172206,269.1391638681568,0.26599972734558996,0.10640014634913494,6.01287331778806,0.022341131002151682,41,ret40 > 0,-0.18172208341341523
XRP,short,2022-02-12 00:00:00+00:00,2022-02-15 00:00:00+00:00,0.759,0.7588482,0.8012,0.8013602400000001,367.2652380335759,278.6985648043506,0.2865051620492971,0.11460144487602233,-15.899699651942226,-0.05704980814344698,3,ret40 > 0,-0.11588632657815057
BTC,short,2021-12-29 00:00:00+00:00,2022-02-16 00:00:00+00:00,47543.74,47534.231252,44544.85,44553.758969999995,0.0056616109267274796,269.120323049914,0.2606831858306242,0.10427395347416821,16.61359125274898,0.06173294927885338,49,ret40 > 0,-0.1643103149462083
AVAX,short,2022-02-22 00:00:00+00:00,2022-02-23 00:00:00+00:00,70.03,70.015994,74.42,74.434884,4.229463695973658,296.1301047605095,0.30547487217626,0.12218920617663613,-18.99500970367726,-0.06414413596699049,1,close > EMA200,-0.26996039191161136
AVAX,short,2022-02-24 00:00:00+00:00,2022-02-25 00:00:00+00:00,73.46,73.445308,76.39,76.405278,3.773482545887135,277.14458781530476,0.2827292853809795,0.11309127190020579,-11.452124416730516,-0.04132184036861822,1,close > EMA200,-0.18718884832392968
BTC,short,2022-02-21 00:00:00+00:00,2022-03-01 00:00:00+00:00,38386.89,38379.212622,43160.0,43168.632,0.007494646658852491,287.63863764686164,0.3055861406164472,0.12223302533564812,-36.20059207978751,-0.12585441363490094,8,ret40 > 0,-0.10162584026086086
XRP,short,2022-02-22 00:00:00+00:00,2022-03-01 00:00:00+00:00,0.7018,0.70165964,0.7809,0.78105618,244.98321466049612,171.89483420472644,0.18162024400578675,0.0726473224753992,-19.632439846126445,-0.11421192461632818,7,ret40 > 0,-0.1213221484912983
ETH,short,2022-01-07 00:00:00+00:00,2022-03-03 00:00:00+00:00,3406.81,3406.128638,2947.31,2947.899462,0.07967553697826751,271.38512824970496,0.2531303004212504,0.10125358460484757,36.25652535648783,0.13359805524467697,55,ret40 > 0,-0.16811507854144636
BNB,short,2022-01-20 00:00:00+00:00,2022-03-03 00:00:00+00:00,461.9,461.80762,409.3,409.38186,0.5793975558447305,267.5702062984721,0.2523825276948209,0.1009542301303844,30.1229746796076,0.11257970420669969,42,ret40 > 0,-0.1638305575669805
SOL,short,2022-01-18 00:00:00+00:00,2022-03-04 00:00:00+00:00,139.81,139.782038,95.63,95.649126,1.8825724425985024,263.1498127090567,0.2216081107376443,0.0886465711770825,82.86179583208713,0.3148844948018286,45,ret40 > 0,-0.28164020348389085
BNB,short,2022-03-14 00:00:00+00:00,2022-03-15 00:00:00+00:00,361.4,361.32772,373.4,373.47468,0.78805597117929,284.7464672985986,0.28953270947843657,0.11581270552449165,-9.86201706915441,-0.03463437900640443,1,ret40 > 0,-0.05934409161894849
AVAX,short,2022-03-14 00:00:00+00:00,2022-03-15 00:00:00+00:00,67.92,67.90641600000001,68.97,68.983794,4.1935124670110415,284.7664020860381,0.2870254011233798,0.11480998432182324,-4.8050234758067845,-0.016873561770657956,1,ret40 > 0,-0.07350334106095735
XRP,short,2022-03-21 00:00:00+00:00,2022-03-23 00:00:00+00:00,0.8057,0.80553886,0.8366,0.83676732,336.3505305554208,270.94342294400883,0.2761952774887232,0.11047769526622506,-10.779904366917464,-0.039786551191335465,2,ret40 > 0,-0.08056601620449622
BTC,short,2022-03-21 00:00:00+00:00,2022-03-24 00:00:00+00:00,41262.11,41253.857578,42882.76,42891.336552,0.006567251445714297,270.9244558204122,0.27630132390007633,0.11052010383136454,-11.030037483228325,-0.04071259440136999,3,ret40 > 0,-0.06314012740733532
ETH,short,2022-03-14 00:00:00+00:00,2022-03-24 00:00:00+00:00,2515.66,2515.156868,3035.99,3036.597198,0.11322806219062842,284.7863382690902,0.3143071773260611,0.12572051429211778,-59.35598529126785,-0.20842286765590312,10,ret40 > 0,-0.09743724055782976
BNB,short,2022-03-18 00:00:00+00:00,2022-03-24 00:00:00+00:00,391.9,391.82162,408.4,408.48168,0.6969953445037511,273.09784501591787,0.27890383714549444,0.11156107484126149,-11.89088809629865,-0.04354076135461843,6,ret40 > 0,-0.052936910804931014
ADA,short,2022-01-21 00:00:00+00:00,2022-03-24 00:00:00+00:00,1.259,1.2587481999999999,1.108,1.1082216,216.8881454377644,273.0075626711241,0.2566838451145981,0.10267484805022838,32.39075126793755,0.11864415385062704,62,ret40 > 0,-0.0701624815361892
DOT,short,2021-12-05 00:00:00+00:00,2022-03-24 00:00:00+00:00,29.38,29.374124,21.02,21.024203999999997,9.361368907935717,274.9820111114483,0.235898670375573,0.0943625985919783,77.93078280137503,0.28340320330914387,109,ret40 > 0,-0.34051627384960714
SOL,short,2022-03-05 00:00:00+00:00,2022-03-25 00:00:00+00:00,88.33,88.312334,102.32,102.340464,3.154588794634486,278.58909926441817,0.3007155901182561,0.12028447073939824,-44.5536972977941,-0.15992620463411136,20,ret40 > 0,-0.11485267588695136
LINK,short,2022-01-22 00:00:00+00:00,2022-03-25 00:00:00+00:00,17.41,17.406518000000002,16.16,16.163232,3.7090988350192955,64.5624956355424,0.0622567603084445,0.02490288957831501,4.54921389388736,0.07046217543336358,62,ret40 > 0,-0.14649681528662417
DOGE,short,2022-01-21 00:00:00+00:00,2022-03-30 00:00:00+00:00,0.1553,0.15526894,0.1444,0.14442888,1758.4114094598924,273.02667563074345,0.26349603303912855,0.10539917988304058,18.797789150190646,0.06884964301295536,68,ret40 > 0,-0.08052101835405567
XRP,long,2022-03-30 00:00:00+00:00,2022-04-01 00:00:00+00:00,0.8576,0.85777152,0.8149,0.8147370199999999,291.08628727174687,249.68552708424295,0.24342215066944495,0.09736836309240379,-12.770174980265459,-0.05114503483398479,2,ret40 < 0 & close < EMA200,0.11534460338101438
BNB,long,2022-03-30 00:00:00+00:00,2022-04-01 00:00:00+00:00,434.2,434.28684,428.9,428.81422,0.57489204622431,249.6680500958895,0.24809496724088548,0.09923786501923745,-3.3942606772489725,-0.013595094269953027,2,close < EMA200,0.07902584493041753
XRP,long,2022-04-04 00:00:00+00:00,2022-04-05 00:00:00+00:00,0.8432,0.8433686399999999,0.8261,0.82593478,300.3242864930983,253.28408505865465,0.25066617927599444,0.10026626628855823,-5.4864777445965345,-0.02166135998369576,1,close < EMA200,0.16964904979886253
BTC,long,2022-03-28 00:00:00+00:00,2022-04-07 00:00:00+00:00,46827.76,46837.125552,43170.47,43161.835906,0.0053132455704149395,248.85714987013236,0.23909329165433169,0.09563653937851878,-19.766809723255708,-0.07943034682174549,10,close < EMA200,0.051249459533602826
SOL,long,2022-03-31 00:00:00+00:00,2022-04-07 00:00:00+00:00,120.82,120.84416399999999,112.94,112.917412,2.0741958612166176,250.65446482098216,0.24243364672533688,0.09697280490359497,-16.68406983801587,-0.06656202932563623,7,close < EMA200,0.34453594480302696
BNB,long,2022-04-02 00:00:00+00:00,2022-04-07 00:00:00+00:00,447.8,447.88956,420.1,420.01598,0.5621328727486531,251.7734450369302,0.24393911723733552,0.09757502405171986,-15.912594716426739,-0.06320203750674609,5,close < EMA200,0.17630057803468202
DOGE,long,2022-04-06 00:00:00+00:00,2022-04-07 00:00:00+00:00,0.1727,0.17273454,0.1432,0.14317136,1430.6514495990261,247.12292004682095,0.22597561688594248,0.09038855858566078,-42.52058193864287,-0.1720624777765929,1,close < EMA200,0.39161966156325545
AVAX,long,2022-03-30 00:00:00+00:00,2022-04-11 00:00:00+00:00,92.73,92.748546,81.0,80.9838,2.6916925935513345,249.65057433085528,0.23381703449424893,0.09352555085553033,-31.900896707706945,-0.1277821883374862,12,ret40 < 0,0.05099728014505889
ETH,long,2022-03-29 00:00:00+00:00,2022-04-12 00:00:00+00:00,3332.91,3333.5765819999997,2979.75,2979.15405,0.07481472462685655,249.40061400486766,0.23614260193830106,0.0944559839125748,-26.752166735071526,-0.10726584151292183,14,close < EMA200,0.06745668257374371
BTC,short,2022-04-11 00:00:00+00:00,2022-04-14 00:00:00+00:00,42158.85,42150.41823,41147.78,41156.009556,0.005529232518455631,233.05946314382106,0.23031030475536346,0.09212434551975714,5.268006472159813,0.022603701223275045,3,ret40 > 0,-0.0509295111343232
XRP,short,2022-04-12 00:00:00+00:00,2022-04-14 00:00:00+00:00,0.6949,0.69476102,0.7232,0.72334464,335.04717429235035,232.7777165594711,0.23756614711549426,0.09502607957280979,-9.814427259161816,-0.04216222843072001,2,ret40 > 0,-0.0961363340705087
LINK,short,2022-04-12 00:00:00+00:00,2022-04-14 00:00:00+00:00,13.76,13.757248,14.2,14.202839999999998,16.92155386540596,232.79401307174845,0.23656406758674542,0.09462532921532077,-7.776673097580681,-0.03340581226710442,2,ret40 > 0,-0.09947643979057585
AVAX,short,2022-04-12 00:00:00+00:00,2022-04-14 00:00:00+00:00,74.35,74.33512999999999,80.2,80.21604,3.1319015750013044,232.8103107249267,0.24201952637064716,0.09680707768330837,-18.660450817811615,-0.08015302569592621,2,ret40 > 0 & close > EMA200,-0.10808541266794636
DOT,short,2022-04-12 00:00:00+00:00,2022-04-14 00:00:00+00:00,17.2,17.196559999999998,18.2,18.20364,13.535347836312312,232.76142118801482,0.23957701023751155,0.09583026268111788,-13.870755109230942,-0.05959215680345384,2,ret40 > 0,-0.07576571735626003
DOGE,short,2022-05-04 00:00:00+00:00,2022-05-05 00:00:00+00:00,0.1294,0.12937411999999998,0.136,0.13602720000000001,1211.180269426117,156.6953815183668,0.16072442113182356,0.0642894487011515,-8.218803648045377,-0.05245083529843554,1,ret40 > 0,-0.05336257309941517
LINK,short,2022-04-26 00:00:00+00:00,2022-06-21 00:00:00+00:00,13.44,13.437312,6.98,6.981396,17.015390035379173,228.641104707081,0.17371614031925853,0.06949085290446926,109.6762126353257,0.47968720574472024,56,ret40 > 0,-0.08321964529331516
ADA,short,2022-04-29 00:00:00+00:00,2022-06-22 00:00:00+00:00,0.8432,0.84303136,0.4813,0.48139626,273.40063825027056,230.4853118889936,0.18104967831214341,0.07242382907248487,98.69021747538827,0.4281844108266625,54,ret40 > 0,-0.06622369878183842
LINK,short,2022-06-23 00:00:00+00:00,2022-07-07 00:00:00+00:00,6.62,6.618676000000001,6.34,6.3412679999999995,48.00556897177698,317.733307219845,0.31107474278118363,0.12443043477479983,13.006054134541584,0.040933870762068,14,ret40 > 0,-0.07272727272727275
ADA,short,2022-06-23 00:00:00+00:00,2022-07-07 00:00:00+00:00,0.4594,0.45930812,0.4623,0.46239246,761.2654623599143,349.655408337463,0.3508294090955506,0.14033167533143043,-2.6988309252707428,-0.007718544775563774,14,ret40 > 0,-0.13156899810964096
SOL,short,2022-05-03 00:00:00+00:00,2022-07-19 00:00:00+00:00,87.49,87.47250199999999,43.52,43.528704000000005,2.7468202844042864,240.2712428211945,0.17991838496111226,0.0719721850919747,120.52579733520336,0.5016238977250244,77,ret40 > 0,-0.07787965012119291
AVAX,short,2022-04-27 00:00:00+00:00,2022-07-20 00:00:00+00:00,68.7,68.68626,24.71,24.714942,3.377756139036116,232.00543638243084,0.1577432417244262,0.06310324018946702,148.36664607428486,0.6394964203757781,84,ret40 > 0,-0.13476070528967254
ETH,short,2022-05-01 00:00:00+00:00,2022-07-22 00:00:00+00:00,2726.67,2726.124666,1575.45,1575.76509,0.09014298216530534,245.74100714763696,0.19389258577610885,0.07756118528659764,103.5029501572801,0.421187132577744,82,ret40 > 0,-0.056528824960294655
XRP,short,2022-04-21 00:00:00+00:00,2022-07-22 00:00:00+00:00,0.7517,0.75154966,0.3668,0.36687336,301.8934136214735,226.88789236345775,0.16882227169031874,0.06753355662712161,115.96241907458771,0.5111000761945659,92,ret40 > 0,-0.0637688379623862
DOGE,short,2022-05-06 00:00:00+00:00,2022-07-22 00:00:00+00:00,0.1281,0.12807438,0.06997,0.06998399400000001,1159.3316728800203,148.4806852184714,0.11480767302865835,0.04592576488947753,67.23121670659744,0.4527943591294371,77,ret40 > 0,-0.057352941176470607
BNB,short,2022-05-04 00:00:00+00:00,2022-07-23 00:00:00+00:00,383.9,383.82322,262.5,262.5525,0.6332486197794539,243.05552430430566,0.20465826627447536,0.08186638156508419,76.58985779338613,0.3151125982946003,80,ret40 > 0,-0.07315306615161765
LINK,short,2022-07-09 00:00:00+00:00,2022-07-23 00:00:00+00:00,6.35,6.34873,6.783,6.784356600000001,54.08114579275584,343.3465927288428,0.3551261855617441,0.14204953753926036,-23.91431185136432,-0.06965064560943698,14,ret40 > 0,-0.05216095380029806
ADA,short,2022-07-10 00:00:00+00:00,2022-07-24 00:00:00+00:00,0.4781,0.47800438000000006,0.5171,0.51720342,699.4584338362116,334.3441950016494,0.3480532445647909,0.13922020667070933,-27.76615237084774,-0.0830466112046921,14,ret40 > 0,-0.16110916110916107
DOT,short,2022-04-27 00:00:00+00:00,2022-07-24 00:00:00+00:00,16.68,16.676664,7.32,7.321464,13.911007325786303,231.98919507367668,0.16691906720657868,0.06677283516377926,129.97333666698944,0.5602559922056354,88,ret40 > 0,-0.11040000000000005
BTC,short,2022-04-27 00:00:00+00:00,2022-07-25 00:00:00+00:00,38112.64,38105.017472,22577.13,22581.645426,0.006087727293979999,231.97295490187912,0.18472192705235896,0.07389255385886147,94.31733377198798,0.4065876291996311,89,ret40 > 0,-0.06855801495189151
BTC,short,2022-07-26 00:00:00+00:00,2022-07-27 00:00:00+00:00,21310.9,21306.637820000004,21254.67,21258.920933999998,0.015410376979535397,328.3433209726263,0.3279756533718515,0.13119029600972332,0.4073595481777499,0.001240651239595981,1,ret40 > 0,-0.05636006822613815
LINK,short,2022-07-26 00:00:00+00:00,2022-07-28 00:00:00+00:00,6.431,6.4297138,6.86,6.861372,51.0737035437695,328.38929649248365,0.33941248796200224,0.13576411876004524,-22.385795426999174,-0.06816846854054377,2,ret40 > 0,-0.12264665757162352
ADA,short,2022-07-26 00:00:00+00:00,2022-07-28 00:00:00+00:00,0.4752,0.47510496,0.5112,0.51130224,691.1447692061755,328.36630792790925,0.3408750882936549,0.13634904006900944,-25.358435819784965,-0.07722605884813326,2,ret40 > 0,-0.11144353029169785
DOT,short,2022-07-26 00:00:00+00:00,2022-07-28 00:00:00+00:00,6.76,6.758648,7.69,7.691538,48.591417494514026,328.41228666646225,0.3510775103996909,0.1404291965591376,-45.6815249768569,-0.13909809964951575,2,ret40 > 0,-0.2037691401648999
SOL,short,2022-08-04 00:00:00+00:00,2022-08-06 00:00:00+00:00,38.54,38.532292,40.55,40.55811,8.28163678918752,319.1104469989159,0.32749899143741507,0.13099893073139302,-17.104587868435704,-0.053600839550369886,2,ret40 > 0,-0.08041040324504889
ETH,short,2022-08-28 00:00:00+00:00,2022-08-30 00:00:00+00:00,1491.06,1490.761788,1551.79,1552.100358,0.21484737309524077,320.28625406256424,0.3268754693795235,0.13074966584454326,-13.505306103298043,-0.042166361909056316,2,ret40 > 0,-0.05691190608713248
LINK,short,2022-08-28 00:00:00+00:00,2022-09-02 00:00:00+00:00,6.531,6.5296937999999995,6.924,6.9253848,49.05759921087285,320.33110141012133,0.3300369266547961,0.132013999476437,-19.741687416004297,-0.06162900614114558,5,ret40 > 0,-0.07218985363080854
DOGE,short,2022-08-28 00:00:00+00:00,2022-09-04 00:00:00+00:00,0.06353,0.063517294,0.06272,0.062732544,5042.857728659566,320.3086769514419,0.31832998565015913,0.12733215764867642,3.639052616915439,0.011361080353958415,7,ret40 > 0,-0.059946714031971604
ADA,short,2022-08-28 00:00:00+00:00,2022-09-04 00:00:00+00:00,0.4498,0.44971004,0.4803,0.48039606,712.4056092617484,320.37595503732524,0.33130640142428436,0.1325216914348768,-22.19219917534251,-0.06926924079791512,7,ret40 > 0,-0.08258564437194127
DOT,short,2022-08-28 00:00:00+00:00,2022-09-04 00:00:00+00:00,7.05,7.04859,7.29,7.2914579999999996,45.44930651927726,320.3535274387125,0.3258726185265744,0.13034861109726112,-11.364054794250388,-0.03547348107919451,7,ret40 > 0,-0.08093994778067881
ETH,short,2022-09-07 00:00:00+00:00,2022-09-10 00:00:00+00:00,1559.01,1558.698198,1718.24,1718.583648,0.20705169912786334,322.73111032343877,0.3392833873676003,0.13571203619335254,-33.443837475690636,-0.10362755992805733,3,ret40 > 0,-0.0959745320436991
BNB,short,2022-09-07 00:00:00+00:00,2022-09-10 00:00:00+00:00,262.5,262.4475,293.4,293.45867999999996,0.8560863046838034,224.6777104485025,0.2379518336935446,0.09517967535473695,-26.786198323777786,-0.11922054159403296,3,ret40 > 0,-0.05303030303030298
LINK,short,2022-09-07 00:00:00+00:00,2022-09-10 00:00:00+00:00,6.656,6.6546688,7.746,7.7475492,48.49355055123607,322.70851785453345,0.349207343316461,0.13968082300775908,-53.34685826717158,-0.1653097309666261,3,ret40 > 0,-0.07731744492171255
ADA,short,2022-09-07 00:00:00+00:00,2022-09-12 00:00:00+00:00,0.4625,0.4624075,0.5098,0.50990196,697.985444384051,322.75370437401807,0.33932892525845837,0.135730249514889,-33.48977069413897,-0.10376262221092859,5,ret40 > 0,-0.09844054580896688
XRP,short,2022-08-28 00:00:00+00:00,2022-09-20 00:00:00+00:00,0.3346,0.33453308000000004,0.3847,0.38477693999999996,957.7479877507765,320.3983842060696,0.3444588621119854,0.13778162551776937,-48.465414673943634,-0.15126610202494745,23,ret40 > 0,-0.08404051464549689
LINK,short,2022-09-15 00:00:00+00:00,2022-09-28 00:00:00+00:00,7.454,7.4525092,8.056,8.057611199999998,17.770797105999115,132.4370289237918,0.1378136013590089,0.055125012622796316,-10.890958471793263,-0.08223499545629527,13,ret40 > 0,-0.053566895151053506
BNB,short,2022-09-14 00:00:00+00:00,2022-09-29 00:00:00+00:00,277.5,277.4445,281.6,281.65632,1.0832003599514963,300.52798226656296,0.3028091047365884,0.12112346424973955,-4.865054044787487,-0.01618835626584772,15,ret40 > 0,-0.11032713277742157
SOL,short,2022-08-25 00:00:00+00:00,2022-10-06 00:00:00+00:00,34.9,34.89302,34.04,34.046808,9.096374811124754,317.3999882120723,0.3135512574512365,0.12542081589577114,7.383910264220275,0.02326373830640057,42,ret40 > 0,-0.0661134903640257
BNB,short,2022-10-01 00:00:00+00:00,2022-10-06 00:00:00+00:00,284.9,284.84301999999997,294.2,294.25883999999996,1.0791520024036345,307.3889154036985,0.3124694659073346,0.12498738491837294,-10.473570473179521,-0.03407270057030008,5,ret40 > 0,-0.05664127194435231
DOGE,short,2022-09-06 00:00:00+00:00,2022-10-06 00:00:00+00:00,0.06275,0.06273745,0.06479,0.064802958,5020.466549101307,314.9712691009158,0.3201561760113663,0.12806206073444368,-10.689969996912476,-0.03393950828412684,30,ret40 > 0,-0.06635917274215153
BTC,short,2022-08-28 00:00:00+00:00,2022-10-17 00:00:00+00:00,20037.6,20033.59248,19262.98,19266.832596,0.015994176544468445,320.4208149450554,0.3142889684690993,0.12571608296399847,11.949403983443032,0.03729284561457742,50,ret40 > 0,-0.10676346635117329
DOGE,short,2022-10-15 00:00:00+00:00,2022-10-17 00:00:00+00:00,0.05865,0.05863827,0.0589,0.05891178,5340.799799074779,313.17526063409264,0.3139056417106151,0.1255622032762343,-1.7746677947555454,-0.005666692161961764,2,ret40 > 0,-0.07227581844061359
LINK,short,2022-10-16 00:00:00+00:00,2022-10-17 00:00:00+00:00,6.886,6.884622800000001,7.167,7.1684334,45.71476040668578,314.7288817924062,0.32121604858234504,0.12848590559899536,-13.29554962846003,-0.04224445355234261,1,ret40 > 0,-0.06630508474576269
DOGE,short,2022-10-20 00:00:00+00:00,2022-10-24 00:00:00+00:00,0.05868,0.058668264000000005,0.06038,0.060392076,5362.995805692539,314.6376537592626,0.3192600520221638,0.1277036561251403,-9.564056577824621,-0.030397050268949462,4,ret40 > 0,-0.08097102584181681
LINK,short,2022-10-20 00:00:00+00:00,2022-10-24 00:00:00+00:00,6.773,6.7716454,7.067,7.0684134,46.47049447901209,314.6817101745276,0.32157718802730134,0.12863032871788965,-14.112532893574768,-0.044847007109970666,4,ret40 > 0,-0.12529062257814516
BTC,short,2022-10-20 00:00:00+00:00,2022-10-26 00:00:00+00:00,19123.35,19119.52533,20079.02,20083.035804,0.016457504868183714,314.6596811958368,0.3225881703540373,0.12903463902381684,-16.179566486755014,-0.05141925532138714,6,ret40 > 0,-0.10468766312533029
BNB,short,2022-10-20 00:00:00+00:00,2022-10-26 00:00:00+00:00,271.9,271.84562,284.2,284.25683999999995,1.1573319734366039,314.6156278646971,0.321797578732375,0.12871846208555676,-14.685699314088172,-0.046678225788592646,6,ret40 > 0,-0.07293796864349
ETH,short,2022-09-15 00:00:00+00:00,2022-10-27 00:00:00+00:00,1638.4,1638.0723200000002,1566.11,1566.423222,0.1803357865701828,295.4030602860442,0.2889426120636071,0.11557756628437968,12.631953832810561,0.04276175683684119,42,ret40 > 0,-0.05666710808896758
SOL,short,2022-10-15 00:00:00+00:00,2022-10-29 00:00:00+00:00,30.0,29.994,32.06,32.066412,10.440532676965281,313.1533371128966,0.3239718797159641,0.1295878915864685,-21.961057085850936,-0.07012876595319063,14,ret40 > 0,-0.06716417910447747
AVAX,short,2022-08-28 00:00:00+00:00,2022-10-29 00:00:00+00:00,20.04,20.035992,18.33,18.333665999999997,15.993380674857157,320.4432472543926,0.3068302733790391,0.1227332032988212,26.919117477327887,0.0840058815655348,62,ret40 > 0,-0.16367432150313144
DOT,short,2022-09-07 00:00:00+00:00,2022-10-29 00:00:00+00:00,6.88,6.878624,6.51,6.511302,46.924544793607254,322.7763000063819,0.31415809118504323,0.12566393095725742,16.922259551492388,0.05242720593537321,52,ret40 > 0,-0.12595419847328249
LINK,short,2022-10-25 00:00:00+00:00,2022-10-30 00:00:00+00:00,6.908,6.9066184,7.637,7.638527399999999,44.96031574746261,310.523744011235,0.3269771738804398,0.13078955850936103,-33.23383691229,-0.10702510694669318,5,ret40 > 0,-0.073766094420601
SOL,short,2022-11-03 00:00:00+00:00,2022-11-05 00:00:00+00:00,30.81,30.803838,33.73,33.736746,9.347821506424511,287.9487793368166,0.30165692957619883,0.12066168000492268,-27.717957408340673,-0.09626002746800569,2,ret40 > 0,-0.08496732026143783
XRP,short,2022-11-03 00:00:00+00:00,2022-11-05 00:00:00+00:00,0.4498,0.44971004,0.5063,0.50640126,640.3435829776109,287.9689383146047,0.3061198677836907,0.12244649993697361,-36.60797880595568,-0.12712474831560353,2,ret40 > 0 & close > EMA200,-0.11284276977707641
BNB,short,2022-11-10 00:00:00+00:00,2022-11-11 00:00:00+00:00,267.1,267.04658,304.1,304.16082,1.1806806777286052,315.2967370595062,0.33720677007779726,0.13488096062371024,-44.157272806659904,-0.14004988830038564,1,ret40 > 0,-0.061446629213483095
ETH,short,2022-11-10 00:00:00+00:00,2022-11-12 00:00:00+00:00,1102.73,1102.509454,1289.35,1289.6078699999998,0.28602102650214334,315.3408857613976,0.34209792626202007,0.13683703541502787,-53.85617892750701,-0.17078717463950183,2,ret40 > 0,-0.17008098019146245
BNB,short,2022-11-14 00:00:00+00:00,2022-11-20 00:00:00+00:00,276.4,276.34472,272.6,272.65452,1.0462851974636795,289.1353899332452,0.287204889115405,0.11488211468145987,3.5737967465650695,0.012360288193673482,6,ret40 > 0,-0.06684672518568535
BNB,short,2022-11-22 00:00:00+00:00,2022-11-24 00:00:00+00:00,254.0,253.94920000000002,298.9,298.95977999999997,1.1526218656110736,292.70740067443967,0.31864749002035786,0.12745692589923835,-52.19882618185678,-0.17833107759347125,2,ret40 > 0,-0.06275378368401618
LINK,short,2022-11-10 00:00:00+00:00,2022-11-29 00:00:00+00:00,6.232,6.230753600000001,7.194,7.1954388,50.61393575738124,315.36296243047195,0.3397762197999202,0.13590854029568353,-49.166290958696344,-0.15590382136119119,19,ret40 > 0,-0.17851021753460783
BTC,short,2022-11-09 00:00:00+00:00,2022-12-20 00:00:00+00:00,18545.38,18541.670924000002,16438.88,16442.167776000002,0.01549549666391685,287.31239994628606,0.2710459779334276,0.1084196968239233,32.26179804778349,0.11228822025716584,41,ret40 > 0,-0.05330268059991283
ETH,short,2022-11-14 00:00:00+00:00,2022-12-20 00:00:00+00:00,1221.5,1221.2557,1167.82,1168.0535639999998,0.24814351559577605,303.04668283938037,0.2964458003072581,0.11857885293664855,12.905319263937368,0.04258525169462883,36,ret40 > 0,-0.10282851875518728
XRP,short,2022-11-09 00:00:00+00:00,2022-12-20 00:00:00+00:00,0.4059,0.40581881999999997,0.3389,0.33896778,708.0810845726842,287.3526302056069,0.26368465175160094,0.10547575835796918,47.07227225626028,0.163813611946336,41,ret40 > 0,-0.16772606110313726
XRP,short,2022-12-21 00:00:00+00:00,2022-12-24 00:00:00+00:00,0.3482,0.34813036,0.3542,0.35427084000000003,903.3454768874504,314.48198607319983,0.31725547349015876,0.12690197259314756,-5.864230307408015,-0.01864726937346115,3,ret40 > 0,-0.11669203450025367
ETH,short,2022-12-21 00:00:00+00:00,2022-12-27 00:00:00+00:00,1216.95,1216.7066100000002,1228.12,1228.3656239999998,0.2584517651925924,314.45997107599516,0.31596661745034765,0.12638653150383095,-3.3292593661553957,-0.01058722785848892,6,ret40 > 0,-0.0633735607413336
SOL,short,2022-11-08 00:00:00+00:00,2023-01-09 00:00:00+00:00,29.62,29.614076,14.46,14.462892,9.466550807789217,280.3431550797313,0.20862842851264973,0.0834571119214649,143.22082470565041,0.510876838298112,62,ret40 > 0,-0.10836845273931361
ADA,short,2022-09-14 00:00:00+00:00,2023-01-11 00:00:00+00:00,0.4635,0.4634073,0.3222,0.32226444,648.4726160020612,300.50694410545196,0.25474330427834563,0.10190098687856393,91.27253634993436,0.3037285431843651,119,ret40 > 0,-0.07244346607964769
AVAX,short,2022-11-09 00:00:00+00:00,2023-01-12 00:00:00+00:00,16.02,16.016796,15.86,15.863171999999999,17.939450210382404,287.332514371852,0.28595454932229214,0.11438193454138912,2.469975549797506,0.0085962271105907,64,ret40 > 0,-0.07665706051873211
BNB,short,2022-12-10 00:00:00+00:00,2023-01-14 00:00:00+00:00,286.1,286.04278000000005,293.7,293.75874,0.7660533068564315,219.12401752140676,0.22207943585819273,0.08883154146305092,-6.132916109430097,-0.027988333633171714,35,ret40 > 0 & close > EMA200,-0.08771929824561409
XRP,short,2022-12-25 00:00:00+00:00,2023-01-15 00:00:00+00:00,0.3518,0.35172964,0.3953,0.39537905999999995,897.5804496365229,315.70564842169233,0.3352950814366791,0.1341164707846495,-39.51416111141006,-0.12516140052911076,21,ret40 > 0,-0.06859110169491522
DOGE,short,2022-12-21 00:00:00+00:00,2023-01-15 00:00:00+00:00,0.07483,0.07481503399999999,0.08729,0.087307458,4203.754055791118,314.5040026116503,0.3407615416399815,0.1363025215049843,-52.85583959830235,-0.16806094408778882,25,close > EMA200,-0.16651815549120075
DOT,short,2022-11-10 00:00:00+00:00,2023-01-15 00:00:00+00:00,5.42,5.418916,6.026,6.0272052,58.188540039701365,315.31881063777837,0.33301654087273735,0.1332052058588774,-35.728477010790634,-0.1133090567560006,66,ret40 > 0,-0.1439873417721519
BTC,long,2023-01-17 00:00:00+00:00,2023-01-19 00:00:00+00:00,21185.65,21189.887130000003,20677.47,20673.334506000003,0.013063955340775913,276.8237391424023,0.273449628936854,0.10937958602110379,-7.021670040033465,-0.025365129673439648,2,close < EMA200,0.2583062891408263
BNB,long,2023-01-17 00:00:00+00:00,2023-01-19 00:00:00+00:00,299.0,299.0598,286.7,286.64266,0.9255819825591267,276.8043625877359,0.2710578220582788,0.10842267343698188,-11.76413888097253,-0.04249983190652845,2,close < EMA200,0.0520760028149192
DOGE,short,2023-01-19 00:00:00+00:00,2023-01-21 00:00:00+00:00,0.08,0.079984,0.08616,0.08617723199999999,3440.4419633741713,275.1803099985197,0.28583403762937554,0.11433276732683036,-21.593289299341098,-0.07846960162032399,2,close > EMA200,-0.17269906928645284
LINK,short,2022-12-09 00:00:00+00:00,2023-01-21 00:00:00+00:00,7.001,6.9995998,6.942,6.9433884,41.092618705559005,287.63188567290706,0.2864769488593542,0.11459087652230938,2.0233966782463244,0.007034674453816698,43,ret40 > 0,-0.08328968046097429
XRP,long,2023-01-24 00:00:00+00:00,2023-01-25 00:00:00+00:00,0.4233,0.42338466,0.4079,0.40781842,649.2681203656832,274.89016238986386,0.2698368306968833,0.10793433232958091,-10.376500216658002,-0.03774780489212814,1,close < EMA200,0.09888398650402297
AVAX,long,2023-01-28 00:00:00+00:00,2023-01-31 00:00:00+00:00,21.19,21.194238000000002,19.73,19.726054,12.928111082241951,274.0014631674735,0.2645110402468884,0.10580366109706774,-19.245356881417216,-0.07023815369063992,3,close < EMA200,0.777032690695725
AVAX,long,2023-02-02 00:00:00+00:00,2023-02-06 00:00:00+00:00,20.95,20.95419,20.09,20.085982,13.203990733626117,276.6789305906411,0.27094702539721105,0.10837835594160014,-11.734757412257265,-0.0424129057720675,4,close < EMA200,0.7769296013570823
AVAX,long,2023-02-08 00:00:00+00:00,2023-02-09 00:00:00+00:00,20.83,20.834165999999996,20.11,20.105978,13.264194427009995,276.3484285486011,0.2715190149428933,0.10860722396831773,-9.930346226358392,-0.03593415123984305,1,close < EMA200,0.8970856102003641
DOGE,long,2023-01-26 00:00:00+00:00,2023-02-10 00:00:00+00:00,0.08655,0.08656731,0.08144,0.081423712,3164.4748155835114,273.94007234781066,0.2658016791815678,0.10632002485396153,-16.542588011667284,-0.060387616422411645,15,close < EMA200,0.1433478662967369
ETH,long,2023-01-17 00:00:00+00:00,2023-02-11 00:00:00+00:00,1576.94,1577.255388,1513.05,1512.74739,0.17552206139836943,276.843117053445,0.271181828660624,0.10847228290005954,-11.593758614302525,-0.04187844269960424,25,close < EMA200,0.28083627089458885
ETH,long,2023-02-12 00:00:00+00:00,2023-02-13 00:00:00+00:00,1538.5,1538.8077,1514.82,1514.517036,0.17234345780377042,265.20343991306703,0.26311027140001225,0.10524394531628897,-4.449447297509597,-0.016777487120710477,1,close < EMA200,0.26730642504118607
DOGE,long,2023-02-16 00:00:00+00:00,2023-02-17 00:00:00+00:00,0.08927,0.089287854,0.08489,0.08487302199999999,3030.641442794625,270.59947067059585,0.2639095842595079,0.10556330273541793,-13.643682406435412,-0.050420210995327626,1,close < EMA200,0.23297887032177877
DOGE,long,2023-02-18 00:00:00+00:00,2023-02-24 00:00:00+00:00,0.08771,0.08772754199999999,0.08424,0.084223152,3071.233139445426,269.43173423249044,0.26405033488171986,0.10561970766551362,-11.026849036422863,-0.040926318749475464,6,ret40 < 0 & close < EMA200,0.19122640228167853
AVAX,long,2023-02-21 00:00:00+00:00,2023-02-24 00:00:00+00:00,20.82,20.824164,19.72,19.716056,13.091843784927178,272.6267020397043,0.26537311362329025,0.10614866940818962,-14.772549946451395,-0.054185998054952,3,close < EMA200,0.312736443883985
DOT,long,2023-02-18 00:00:00+00:00,2023-02-24 00:00:00+00:00,7.284,7.2854567999999995,7.095,7.0935809999999995,36.98731100578672,269.4694564808237,0.26592097153628164,0.10636810899044086,-7.362890860620415,-0.02732365647957724,6,close < EMA200,0.5093244923331952
LINK,long,2023-02-18 00:00:00+00:00,2023-02-25 00:00:00+00:00,7.649,7.6505298,7.466,7.4645068000000006,35.2198608123234,269.45059469653233,0.2661747426125869,0.10646963923564573,-6.817878910503408,-0.025302890565827168,7,close < EMA200,0.2829112862653027
BNB,long,2023-01-21 00:00:00+00:00,2023-03-02 00:00:00+00:00,305.1,305.16102,302.6,302.53948,0.9016170457550013,275.1383773319829,0.27395656475691865,0.10958253574104643,-2.6375817148854686,-0.00958638246129857,40,ret40 < 0,0.07278481012658244
LINK,long,2023-03-02 00:00:00+00:00,2023-03-03 00:00:00+00:00,7.536,7.537507199999999,7.275,7.273545,34.866589762871975,262.80717137709377,0.2582054405069412,0.10328181219557253,-9.461667180812073,-0.036002317331119645,1,close < EMA200,0.08572251836911104
BTC,long,2023-01-20 00:00:00+00:00,2023-03-04 00:00:00+00:00,21071.59,21075.804318,22354.34,22349.869132,0.013029114074617607,274.5990586735403,0.2828990265735716,0.11316027915325608,16.31703677348891,0.05942131357736216,43,ret40 < 0,0.2302789258671294
ETH,long,2023-02-15 00:00:00+00:00,2023-03-04 00:00:00+00:00,1555.7,1556.01114,1569.45,1569.1361100000001,0.16960632578733023,263.90933233955514,0.26502237130843964,0.10600904180684217,1.961055566460509,0.007430792799465481,17,ret40 < 0,0.24333461206483165
BTC,short,2023-03-09 00:00:00+00:00,2023-03-13 00:00:00+00:00,21704.37,21700.029126,21998.05,22002.44961,0.011908236422854534,258.40907721523746,0.2602097245265305,0.10408374992215472,-3.861504347112608,-0.014943377333050237,4,close > EMA200,-0.05931830237807145
ETH,short,2023-03-10 00:00:00+00:00,2023-03-13 00:00:00+00:00,1437.32,1437.032536,1580.33,1580.6460659999998,0.17946368095852966,257.89514856773076,0.27078185493235485,0.10831171536887704,-26.04419458418056,-0.10098753206030395,3,close > EMA200,-0.08573245976719035
BNB,short,2023-03-09 00:00:00+00:00,2023-03-14 00:00:00+00:00,287.1,287.04258000000004,307.9,307.96157999999997,0.9003095225486178,258.4271681509235,0.2678439556020207,0.10713683318325973,-19.101418857796492,-0.07391412828020123,5,close > EMA200,-0.06785714285714284
LINK,short,2023-03-09 00:00:00+00:00,2023-03-18 00:00:00+00:00,6.578,6.5766844,7.206,7.2074412,39.29719667757449,258.445260353136,0.2708387473657947,0.10833451180071133,-25.057812772683288,-0.0969559772094278,9,ret40 > 0,-0.10929035752979421
SOL,short,2023-03-09 00:00:00+00:00,2023-03-22 00:00:00+00:00,18.41,18.406318,22.52,22.524504,14.045049196098054,258.51764182902514,0.2874377043133663,0.11497277271928712,-58.12756267299565,-0.22484950064428974,13,ret40 > 0,-0.24641833810888247
XRP,short,2023-03-09 00:00:00+00:00,2023-03-22 00:00:00+00:00,0.3889,0.38882222000000005,0.4696,0.46969392,664.5478942689781,258.3909875459894,0.28526254651646565,0.11410287344594455,-54.028380487468944,-0.20909545259527587,13,ret40 > 0 & close > EMA200,-0.05789728682170536
ADA,short,2023-03-09 00:00:00+00:00,2023-03-22 00:00:00+00:00,0.3175,0.3174365,0.3695,0.3695739,814.33466082136,258.49954455981964,0.2797281905323734,0.11188958239686278,-42.73702013563995,-0.1653272550573107,13,ret40 > 0,-0.185479733196511
DOT,short,2023-03-09 00:00:00+00:00,2023-03-22 00:00:00+00:00,5.6,5.598879999999999,6.363,6.3642726000000005,46.16340300595188,258.46335382196384,0.2761299173477505,0.11045055803205431,-35.60925696892112,-0.13777294321364292,13,ret40 > 0,-0.1494305239179955
LINK,long,2023-03-24 00:00:00+00:00,2023-03-25 00:00:00+00:00,7.608,7.6095216,7.191,7.1895618,29.934101649313583,227.78419307704732,0.22149863340613463,0.0885989540616437,-12.792617975231535,-0.05616113129897679,1,close < EMA200,0.08667713836927038
BNB,long,2023-03-22 00:00:00+00:00,2023-03-28 00:00:00+00:00,334.5,334.5669,310.6,310.53788000000003,0.6860471104863726,229.52865500938316,0.22128613513997353,0.08851379819493024,-16.70632587395919,-0.07278536038681634,6,ret40 < 0,0.09209666884389289
DOGE,short,2023-03-09 00:00:00+00:00,2023-04-04 00:00:00+00:00,0.07112,0.07110577600000001,0.09601,0.096029202,3635.1680988263934,258.4814485574954,0.30378187011182556,0.12150912887133172,-90.90462497877206,-0.35168723127358853,26,ret40 > 0 & close > EMA200,-0.18468416829072565
AVAX,short,2023-03-09 00:00:00+00:00,2023-04-07 00:00:00+00:00,15.11,15.106978,17.98,17.983596,17.113663656967034,258.5357403652005,0.28315047682598915,0.11325822608177005,-49.512623398403164,-0.19151171643991266,29,ret40 > 0,-0.2867924528301887
DOGE,long,2023-04-04 00:00:00+00:00,2023-04-08 00:00:00+00:00,0.09601,0.096029202,0.08222,0.082203556,2303.1576477306717,221.1703909917735,0.20524906983191504,0.08209835751100819,-32.04789138954888,-0.14490136426417455,4,close < EMA200,0.12280701754385959
DOT,long,2023-04-16 00:00:00+00:00,2023-04-18 00:00:00+00:00,6.803,6.8043606,6.698,6.696660400000001,33.889467366227464,230.59615650174393,0.22877120529512585,0.09150833978227375,-3.8786736185312676,-0.016820200637220655,2,close < EMA200,0.1493243243243243
AVAX,long,2023-04-15 00:00:00+00:00,2023-04-20 00:00:00+00:00,19.22,19.223844,18.98,18.976204,11.92922382264186,229.3255378075508,0.2278484613138313,0.09113927000500874,-3.1820014487528683,-0.013875477974124247,5,close < EMA200,0.19083023543990074
DOT,long,2023-04-19 00:00:00+00:00,2023-04-20 00:00:00+00:00,6.916,6.917383200000001,6.309,6.3077382,34.258772156927925,236.981054970961,0.22653821039515584,0.09061445235508225,-21.112227362005495,-0.08908824954211014,1,close < EMA200,0.2839368616527391
DOGE,long,2023-04-13 00:00:00+00:00,2023-04-22 00:00:00+00:00,0.08346,0.083476692,0.07842,0.078404316,2645.120553919338,220.805913782394,0.2140973907749904,0.08563842305369415,-13.631143405582154,-0.061733597493297925,9,close < EMA200,0.0861530452889121
LINK,long,2023-04-14 00:00:00+00:00,2023-04-22 00:00:00+00:00,7.458,7.4594916,7.113,7.111577400000001,30.209797888163152,225.34973358445077,0.22009452475223978,0.08803739300566427,-10.730512189174183,-0.04761715054414687,8,close < EMA200,0.08764765932623586
ADA,long,2023-04-11 00:00:00+00:00,2023-04-22 00:00:00+00:00,0.3971,0.39717942,0.3823,0.38222354,555.4330396657348,220.60657254327353,0.21645307759863555,0.08658090222309314,-8.523442966874624,-0.03863639631680824,11,close < EMA200,0.10274923632324362
BNB,long,2023-04-11 00:00:00+00:00,2023-04-27 00:00:00+00:00,318.6,318.66372,330.6,330.53388,0.6922379835566012,220.59113096544536,0.22469961877689248,0.08988017978499013,7.992276004117331,0.03623117561045229,16,ret40 < 0,0.05219689461513055
ADA,long,2023-04-27 00:00:00+00:00,2023-05-01 00:00:00+00:00,0.4014,0.40148027999999997,0.3957,0.39562086,525.0592420763045,210.80093152538248,0.20926266021327913,0.08370494437178645,-3.285805284419992,-0.01558724271588121,4,close < EMA200,0.1488265598168288
XRP,long,2023-03-22 00:00:00+00:00,2023-05-07 00:00:00+00:00,0.4696,0.46969392,0.4582,0.45810836,488.71129143409695,229.5447222219434,0.2267137252271498,0.0906852672384981,-5.888707714814363,-0.02565385802737237,46,ret40 < 0,0.22964126734747325
BTC,long,2023-03-15 00:00:00+00:00,2023-05-09 00:00:00+00:00,24670.41,24675.344082,27668.8,27663.26624,0.00972622792540907,239.9980206794258,0.2545286266454699,0.10181261717915241,28.806683305442675,0.1200288370041219,55,ret40 < 0,0.05029899178081254
ETH,long,2023-03-18 00:00:00+00:00,2023-05-12 00:00:00+00:00,1789.26,1789.6178519999999,1794.31,1793.951138,0.1320036432479444,236.23607648556055,0.2365220812551782,0.09460885916679544,0.3354874579801395,0.0014201364286569732,55,ret40 < 0,0.0983720273538693
BTC,short,2023-06-15 00:00:00+00:00,2023-06-16 00:00:00+00:00,25128.6,25123.57428,25598.49,25603.609698,0.00823241861870718,206.82778067114484,0.20880370692753586,0.08352132803773753,-4.160656219709615,-0.020116524995861355,1,close > EMA200,-0.14834500964392883
ETH,short,2023-06-15 00:00:00+00:00,2023-06-18 00:00:00+00:00,1650.95,1650.6198100000001,1727.75,1728.09555,0.12531187327559784,206.8422604569114,0.21169657551331797,0.0846782452472406,-9.920326688326467,-0.047960830955978806,3,close > EMA200,-0.17175036371845676
XRP,long,2023-05-31 00:00:00+00:00,2023-06-29 00:00:00+00:00,0.5205,0.5206040999999999,0.4648,0.46470704,400.6361267586401,208.5728101986677,0.19737561939087006,0.07894935513902382,-22.591757234986133,-0.10831592676661574,29,ret40 < 0,0.09532828282828265
DOT,short,2023-06-15 00:00:00+00:00,2023-07-02 00:00:00+00:00,4.568,4.5670864,5.351,5.3520702,45.292933642856376,206.8567412563918,0.22463385083845044,0.08985212176068248,-35.77885301495569,-0.17296440424249473,17,ret40 > 0,-0.21857362750128273
LINK,short,2023-06-15 00:00:00+00:00,2023-07-03 00:00:00+00:00,5.25,5.24895,6.541,6.5423082,39.41744343874989,206.90018973782622,0.2323906265850979,0.09295421511725033,-51.21326432112847,-0.24752642511359418,18,ret40 > 0,-0.27345696097425964
SOL,short,2023-06-15 00:00:00+00:00,2023-07-04 00:00:00+00:00,14.49,14.487102,19.25,19.25385,14.284682150042215,206.9436473452409,0.2409893873799156,0.09639303514848453,-68.33246945672934,-0.33019843968793755,19,ret40 > 0,-0.36546888694127955
XRP,long,2023-07-04 00:00:00+00:00,2023-07-07 00:00:00+00:00,0.489,0.48909779999999997,0.4622,0.46210756000000003,368.85985979752195,180.4085459352764,0.1754307378641257,0.07017189972786311,-10.131046880165574,-0.05615613621651937,3,ret40 < 0,0.07947019867549665
ETH,long,2023-07-01 00:00:00+00:00,2023-07-08 00:00:00+00:00,1933.8,1934.1867599999998,1870.92,1870.545816,0.026029213718685062,50.345360547891005,0.04951709868157358,0.019806774003947994,-1.7060408313164352,-0.033886753670053955,7,ret40 < 0,0.0714052224210624
SOL,long,2023-07-12 00:00:00+00:00,2023-07-13 00:00:00+00:00,22.06,22.064411999999997,21.93,21.925614,8.162759238327896,180.10648289127286,0.17953999556289216,0.07181595577879862,-1.3125146523243092,-0.007287437027553591,1,close < EMA200,0.07711078574914598
DOGE,short,2023-06-15 00:00:00+00:00,2023-07-16 00:00:00+00:00,0.06038,0.060367924,0.07196,0.071974392,3426.8401058425848,206.87122306965713,0.22675797808444642,0.0907016039214474,-40.000268007662996,-0.19335829998063198,31,ret40 > 0,-0.2468504428090308
AVAX,short,2023-06-15 00:00:00+00:00,2023-07-16 00:00:00+00:00,11.39,11.387722,14.84,14.842967999999999,18.17125149893776,206.92916046198653,0.23832223249033585,0.09532638536342095,-63.024466289189014,-0.30457025074900834,31,ret40 > 0,-0.34522439585730713
LINK,long,2023-07-14 00:00:00+00:00,2023-07-17 00:00:00+00:00,7.125,7.126425,6.608,6.6066784,24.044938164198744,171.35444845680004,0.16510581102777377,0.06604182716178932,-12.662380669080322,-0.07389583861473324,3,close < EMA200,0.1094845039713439
ADA,short,2023-06-15 00:00:00+00:00,2023-07-20 00:00:00+00:00,0.2634,0.26334732000000005,0.3226,0.32266452,785.7101966819785,206.91467459287196,0.23021773903218407,0.0920852350511153,-46.8363466176564,-0.22635584793496263,35,ret40 > 0,-0.3320649416539828
BNB,short,2023-06-15 00:00:00+00:00,2023-07-21 00:00:00+00:00,237.9,237.85242000000002,242.8,242.84856,0.8698070252839061,206.88570589677826,0.2090585447324292,0.08362324741076238,-4.554736216034336,-0.02201571247414665,36,ret40 > 0,-0.2713629402756508
BTC,long,2023-06-22 00:00:00+00:00,2023-08-01 00:00:00+00:00,29993.89,29999.888778,29232.26,29226.413548,0.004750841233066362,142.52470859392724,0.1406873795862075,0.05627480709914987,-3.8153453950256955,-0.02676971195146342,40,ret40 < 0,0.11938342251038536
ETH,long,2023-07-14 00:00:00+00:00,2023-08-01 00:00:00+00:00,2004.49,2004.8908979999999,1856.13,1855.7587740000001,0.02452608906505137,49.17213273005882,0.04734331885221668,0.018937181993260017,-3.704971074536495,-0.07534696725227975,18,ret40 < 0,0.059422005644641285
DOGE,long,2023-07-26 00:00:00+00:00,2023-08-03 00:00:00+00:00,0.08185,0.08186637000000001,0.07422,0.074205156,2040.348551639889,167.03592945751527,0.15922015601316364,0.06368743969089082,-15.790767044716432,-0.09453515238308494,8,close < EMA200,0.33024540874370234
DOGE,long,2023-08-06 00:00:00+00:00,2023-08-07 00:00:00+00:00,0.07572,0.07573514399999999,0.07427,0.07425514600000001,2151.804565288865,162.96722861200956,0.1613748953855004,0.06454983334951261,-3.346041348403852,-0.02053198901952286,1,close < EMA200,0.1694470188446091
DOGE,long,2023-08-10 00:00:00+00:00,2023-08-14 00:00:00+00:00,0.07542,0.075435084,0.07479,0.074775042,2189.1860602971888,165.1414343501475,0.16441895697734216,0.06576752762343505,-1.6093737025880184,-0.009745426451702495,4,close < EMA200,0.13466746915437855
LINK,long,2023-07-18 00:00:00+00:00,2023-08-17 00:00:00+00:00,7.186,7.1874372,6.763,6.7616474,23.765549097763788,170.8133916636939,0.16575382746508038,0.06630112887292974,-10.284882224692094,-0.06021121719157415,30,close < EMA200,0.2144667906033464
SOL,long,2023-07-14 00:00:00+00:00,2023-08-18 00:00:00+00:00,26.01,26.015202000000002,21.67,21.665666,6.5871655896621855,171.36644342251088,0.15704088648741243,0.06281521106302292,-28.80815475668432,-0.16810849417967233,35,ret40 < 0 & close < EMA200,0.22746578574799425
XRP,long,2023-07-14 00:00:00+00:00,2023-08-18 00:00:00+00:00,0.8151,0.8152630200000001,0.5064,0.50629872,210.21245294295352,171.3784392278802,0.1389043675404789,0.05555915131282159,-65.08704774234307,-0.379785508816529,35,close < EMA200,0.5715111796453354
XRP,short,2023-08-23 00:00:00+00:00,2023-08-24 00:00:00+00:00,0.5211,0.52099578,0.5302,0.53030604,305.87605836306153,159.36013561018876,0.1607840284257564,0.06431350003142272,-3.008569659561038,-0.01887906061350442,1,close > EMA200,-0.36097142156261497
XRP,short,2023-08-25 00:00:00+00:00,2023-08-26 00:00:00+00:00,0.5187,0.51859626,0.5258,0.52590516,286.28709075571993,148.46741455219694,0.14951363641100918,0.059805373258857396,-2.241957354035477,-0.015100669468769312,1,close > EMA200,-0.2740377886634009
BTC,short,2023-08-18 00:00:00+00:00,2023-08-30 00:00:00+00:00,26623.41,26618.085318,27716.34,27721.883267999998,0.005938535229483321,158.07243740233577,0.161349908908489,0.06453970394724069,-6.716292921214937,-0.04248870348041899,12,close > EMA200,-0.12089366784405164
XRP,short,2023-08-27 00:00:00+00:00,2023-08-30 00:00:00+00:00,0.5231,0.52299538,0.5398,0.53990796,294.67226373610276,154.11223254812327,0.15660406666523224,0.06264142982502596,-5.140272300883156,-0.033354083682345256,3,close > EMA200,-0.2906156767019257
BTC,short,2023-09-01 00:00:00+00:00,2023-09-20 00:00:00+00:00,25940.77,25935.581846,27210.25,27215.692049999998,0.005459595695857785,141.59779101598892,0.14509223309597993,0.05803661600447557,-7.133976393077994,-0.05038197518400863,19,close > EMA200,-0.12932872390414185
LINK,short,2023-08-23 00:00:00+00:00,2023-09-20 00:00:00+00:00,6.116,6.1147768,6.846,6.8473692,25.35661979252491,155.05007043375213,0.16433810390859882,0.06573450115014567,-18.74040505360194,-0.1208667948435993,28,close > EMA200,-0.142055025266704
XRP,short,2023-09-01 00:00:00+00:00,2023-09-21 00:00:00+00:00,0.511,0.5108978000000001,0.5213,0.52140426,310.7005726631101,158.7362390323231,0.16036842060165413,0.06414724023199725,-3.424731559263678,-0.021574982374165406,20,close > EMA200,-0.30296003273768923
LINK,short,2023-09-22 00:00:00+00:00,2023-09-23 00:00:00+00:00,6.665,6.663667,6.959,6.960391799999999,24.06840230173419,160.38381816079016,0.16395466409044096,0.0655815825917486,-7.305646523392031,-0.04555102009149,1,close > EMA200,-0.10454178984144058
BTC,short,2023-09-22 00:00:00+00:00,2023-09-28 00:00:00+00:00,26568.08,26562.766384000002,26373.0,26378.2746,0.0039649772758007865,105.32076509496504,0.10495501222939907,0.041982035831270706,0.6265507189025545,0.0059489761429060055,6,ret40 > 0,-0.0972502027681117
XRP,short,2023-09-22 00:00:00+00:00,2023-09-30 00:00:00+00:00,0.5072,0.50709856,0.5215,0.5216042999999999,316.2995502407867,160.3950464557506,0.16268912597470547,0.065075469466525,-4.7508481638844735,-0.029619668866738516,8,close > EMA200,-0.19200127469725947
ETH,short,2023-08-18 00:00:00+00:00,2023-10-01 00:00:00+00:00,1681.49,1681.153702,1670.89,1671.2241780000002,0.09401958399833532,158.0613716993014,0.15759458684141064,0.06303787460086861,0.7759751289400667,0.004909328070468064,44,ret40 > 0,-0.09851279191953854
SOL,short,2023-08-23 00:00:00+00:00,2023-10-01 00:00:00+00:00,20.59,20.585882,21.37,21.374274,7.740692371749142,159.34897976312797,0.16240032973330198,0.0649598903836961,-6.265100270081337,-0.03931685210281484,39,ret40 > 0,-0.20838139177239523
BNB,short,2023-08-18 00:00:00+00:00,2023-10-01 00:00:00+00:00,218.1,218.05638,214.6,214.64292,0.724813953028618,158.05030677091045,0.15681324505285793,0.06272539949510646,2.317310191052199,0.014661851902705105,44,ret40 > 0,-0.07702073635209483
DOGE,short,2023-08-18 00:00:00+00:00,2023-10-02 00:00:00+00:00,0.06102,0.061007795999999996,0.0632,0.06321264,2590.4761846684123,158.0392426171088,0.16089504055356335,0.06435779033189191,-5.872490913462616,-0.0371584349318242,45,ret40 > 0,-0.07165677772706525
ADA,short,2023-08-18 00:00:00+00:00,2023-10-02 00:00:00+00:00,0.2552,0.25514896,0.2659,0.26595318,619.5733812909443,158.0835038800679,0.16143050743887352,0.06457193779813492,-6.855437625050139,-0.043365926594409916,45,ret40 > 0,-0.1217750257997936
AVAX,short,2023-08-18 00:00:00+00:00,2023-10-05 00:00:00+00:00,10.58,10.577884000000001,10.1,10.10202,14.946811589146014,158.1056391598422,0.1545493143848135,0.061820012732693407,6.958100235672586,0.044009184445584895,48,ret40 > 0,-0.22507331378299122
BTC,long,2023-10-02 00:00:00+00:00,2023-10-12 00:00:00+00:00,27992.58,27998.178516,26875.52,26870.144896,0.005464873122391586,153.00649324800995,0.1499242129424639,0.059969440993322506,-6.314484824034538,-0.04126939118720484,10,close < EMA200,0.07432338041142161
SOL,long,2023-10-02 00:00:00+00:00,2023-10-13 00:00:00+00:00,23.88,23.884776,21.29,21.285742,6.406474309842066,153.01720384033234,0.1446918815646293,0.057876088915111715,-16.79533643297069,-0.10976109882713572,11,close < EMA200,0.1593006313744536
ETH,short,2023-10-13 00:00:00+00:00,2023-10-22 00:00:00+00:00,1539.61,1539.302078,1628.94,1629.265788,0.09810714608186576,151.0165338304655,0.1554295752499838,0.062171479543523187,-8.98151241428659,-0.05947370255742615,9,ret40 > 0,-0.05951021056425365
DOGE,short,2023-10-12 00:00:00+00:00,2023-10-22 00:00:00+00:00,0.05851,0.058498298000000004,0.06119,0.061202238,2584.427184667651,151.1845916079893,0.15467865962884442,0.06187118680092582,-7.14281470133908,-0.04724565265129585,10,ret40 > 0,-0.08406386975579216
AVAX,short,2023-10-12 00:00:00+00:00,2023-10-22 00:00:00+00:00,9.31,9.308138000000001,9.64,9.641928,16.24105788737956,151.17400808171743,0.15388455943783164,0.06155360939314625,-5.5749872716662345,-0.03687794841460222,10,ret40 > 0,-0.06249999999999989
DOT,short,2023-08-18 00:00:00+00:00,2023-10-24 00:00:00+00:00,4.429,4.4281142000000004,4.358,4.3588716,35.70246023297049,158.09457113255195,0.15685850554608818,0.06274350361341513,2.3152726673814232,0.014644858775322643,67,ret40 > 0,-0.1363104524180967
DOGE,long,2023-10-27 00:00:00+00:00,2023-10-28 00:00:00+00:00,0.07184,0.071854368,0.06776,0.067746448,2310.961970419444,166.05271185652384,0.16130608840776112,0.06452205821411254,-9.654552985933204,-0.05814149542029234,1,close < EMA200,0.15626005793369813
DOGE,long,2023-10-29 00:00:00+00:00,2023-11-01 00:00:00+00:00,0.069,0.0690138,0.06827,0.068256346,2372.365335471545,163.72594678916613,0.162827467982759,0.06513091792002679,-1.9597850807970338,-0.011969911423512466,3,close < EMA200,0.11326234269119073
ADA,long,2023-10-31 00:00:00+00:00,2023-11-01 00:00:00+00:00,0.3031,0.30316062,0.2929,0.29284142,555.0204816916813,168.26035334234874,0.16539666966501237,0.06615844141764063,-5.8927640243377954,-0.03502170242295973,1,close < EMA200,0.20421136273341278
DOGE,long,2023-11-02 00:00:00+00:00,2023-11-03 00:00:00+00:00,0.06893,0.068943786,0.0679,0.06788642,2527.331241064687,174.24378423507824,0.17290762717255842,0.06916294674297849,-2.845221752212173,-0.016328971301344024,1,close < EMA200,0.12061118335500653
BNB,long,2023-11-06 00:00:00+00:00,2023-11-14 00:00:00+00:00,244.0,244.0488,241.1,241.05178,0.5817922850382574,141.98570901284467,0.141113887455792,0.056445487494403784,-1.8847570015611455,-0.01327427256352005,8,close < EMA200,0.14769520225776112
DOT,long,2023-11-14 00:00:00+00:00,2023-11-22 00:00:00+00:00,5.349,5.3500698,4.857,4.8560286,26.18692823761487,140.10189391883054,0.133633183193418,0.05345275791861566,-13.071054634018552,-0.09329677328695785,8,close < EMA200,0.32310737258782773
XRP,long,2023-10-22 00:00:00+00:00,2023-12-16 00:00:00+00:00,0.5208,0.5209041600000001,0.6156,0.61547688,302.52321080383507,157.58559900427466,0.1718908204587007,0.06875747535151133,28.43855208839335,0.1804641557863541,55,ret40 < 0,0.09780775716694778
LINK,long,2023-09-29 00:00:00+00:00,2023-12-19 00:00:00+00:00,7.81,7.8115619999999995,14.669,14.666066200000001,20.10730486977457,157.06945864314596,0.22598226148342113,0.09039842123351342,137.59962341906686,0.8760431506400388,81,ret40 < 0,0.2630642290891443
LINK,long,2023-12-24 00:00:00+00:00,2024-01-04 00:00:00+00:00,15.682,15.6851364,14.148,14.1451704,11.182043452162649,175.391876777898,0.16678189341447147,0.06671207123559149,-17.386748620267575,-0.09913086591966136,11,ret40 < 0,0.09221340019501323
DOGE,long,2023-11-05 00:00:00+00:00,2024-01-08 00:00:00+00:00,0.06908,0.069093816,0.07822,0.078204356,2543.99794350425,175.77452581286104,0.18736312332496766,0.0749461794156226,22.989831900888245,0.1307916024496317,64,ret40 < 0,0.13357400722021673
BTC,long,2023-10-16 00:00:00+00:00,2024-01-15 00:00:00+00:00,27154.14,27159.570828,41732.35,41724.00353,0.005541861070978952,150.51456827618878,0.1908715995822421,0.0763518714494609,80.52319101252436,0.5349860278293276,91,ret40 < 0,0.0528088057971241
ADA,long,2023-11-02 00:00:00+00:00,2024-01-18 00:00:00+00:00,0.3072,0.30726143999999994,0.5282,0.52809436,567.1260977521154,174.2559814568957,0.23687603754429826,0.09475542841241558,125.0032361372608,0.7173540620651914,77,ret40 < 0,0.25398121682319297
DOT,long,2023-11-23 00:00:00+00:00,2024-01-19 00:00:00+00:00,5.174,5.175034800000001,7.018,7.0165964,24.54811927950676,127.03737154599843,0.1496408084546781,0.05985813405114809,45.057233008904625,0.35467699355374366,57,ret40 < 0,0.390486428379468
AVAX,long,2023-11-06 00:00:00+00:00,2024-01-20 00:00:00+00:00,12.34,12.342468,32.74,32.733452,14.533609412470609,179.3806090979173,0.32755790759388614,0.13103502246287246,296.02703908434364,1.6502733521367035,75,ret40 < 0,0.3661504424778761
LINK,long,2024-01-21 00:00:00+00:00,2024-01-23 00:00:00+00:00,15.781,15.7841562,14.597,14.5940806,17.46909111796452,275.7348628779846,0.2653400933311515,0.106135209996289,-21.05487918699745,-0.07635914794102203,2,ret40 < 0,0.06859425785482132
ETH,long,2023-10-24 00:00:00+00:00,2024-01-24 00:00:00+00:00,1765.47,1765.823094,2242.6,2242.15148,0.09265679195508617,163.61550305024457,0.18568303313219658,0.07427498162628188,43.94937713077178,0.2686137701589036,92,ret40 < 0,0.09818240629004382
ETH,long,2024-01-30 00:00:00+00:00,2024-02-01 00:00:00+00:00,2317.61,2318.073522,2283.15,2282.69337,0.11939297559791612,276.7616954463215,0.27464962463412823,0.10985968528239087,-4.498791249020713,-0.01625510799738999,2,ret40 < 0,0.052416480108256724
SOL,long,2023-10-16 00:00:00+00:00,2024-02-01 00:00:00+00:00,21.93,21.934386,96.96,96.940608,6.86251734748896,150.52510443151897,0.40789085425382304,0.16317693748856865,514.3236087903541,3.4168626604364483,108,ret40 < 0,0.08242843040473824
LINK,long,2024-01-30 00:00:00+00:00,2024-02-01 00:00:00+00:00,15.004,15.007000799999998,15.427,15.4239146,18.44346333440921,276.7810690142496,0.2806257362062043,0.11225060654585547,7.408708647703037,0.0267673966073222,2,ret40 < 0,0.05269066161509861
BNB,long,2023-12-22 00:00:00+00:00,2024-02-06 00:00:00+00:00,272.1,272.15442,301.2,301.13975999999997,1.1214896997742259,305.2183787780286,0.3214717589052555,0.1285900089761294,32.18528849554855,0.10545003424893834,46,ret40 < 0,0.08190854870775355
SOL,long,2024-02-10 00:00:00+00:00,2024-02-11 00:00:00+00:00,106.94,106.961388,109.01,108.98819800000001,2.5906287796726377,277.0972500665315,0.2797226062249957,0.11188925699404989,4.970989710703333,0.017939512967053227,1,ret40 < 0,0.05131734172237512
AVAX,long,2024-02-13 00:00:00+00:00,2024-02-21 00:00:00+00:00,40.96,40.968192,38.5,38.4923,6.942859402004562,284.4363970103281,0.27584151198505413,0.11033592161666278,-17.46561156253295,-0.06140427788465749,8,ret40 < 0,0.11331521739130435
DOT,long,2024-02-16 00:00:00+00:00,2024-02-21 00:00:00+00:00,7.781,7.782556199999999,7.731,7.7294538,37.367974820910234,290.8183641239188,0.28982619955085387,0.11593040508437344,-2.2741553456807324,-0.007819847802705148,5,ret40 < 0,0.09084536660591613
LINK,long,2024-02-02 00:00:00+00:00,2024-03-17 00:00:00+00:00,17.192,17.1954384,18.114,18.110377200000002,15.853953469127228,272.61568027484356,0.27986837885599314,0.11194793623618518,14.225528783443137,0.05218162348219058,44,ret40 < 0,0.09616120392807037
ADA,long,2024-02-15 00:00:00+00:00,2024-04-03 00:00:00+00:00,0.5769,0.57701538,0.5807,0.58058386,500.44005983759547,288.7616112944129,0.28965451646677753,0.11586188265362041,1.4961558282624778,0.005181283694725754,48,ret40 < 0,0.0653860362024381
XRP,long,2024-02-28 00:00:00+00:00,2024-04-04 00:00:00+00:00,0.5862,0.5863172400000001,0.5741,0.5739851800000001,266.0139781801618,155.96858148801272,0.1543283313181345,0.0617312037764826,-3.434828671074575,-0.022022567867866168,36,close < EMA200,0.0617753623188404
DOT,long,2024-02-26 00:00:00+00:00,2024-04-11 00:00:00+00:00,7.924,7.9255848,8.408,8.4063184,36.53292976436776,289.5448328399407,0.29832613626202653,0.1193311617823066,17.264280707909627,0.05962558730051058,45,ret40 < 0,0.05738689443480571
XRP,long,2024-04-05 00:00:00+00:00,2024-04-12 00:00:00+00:00,0.5934,0.5935186800000001,0.6085,0.6083783,638.623967284574,379.0352540791036,0.38378010881747415,0.15351242925589142,9.105929367923702,0.02402396418255944,7,ret40 < 0,0.08899082568807337
ETH,long,2024-02-08 00:00:00+00:00,2024-04-13 00:00:00+00:00,2425.09,2425.575018,3237.42,3236.772516,0.11348358880591974,275.2629579606234,0.3212917596123348,0.12852039128987391,91.73631154381057,0.33326791306563497,65,ret40 < 0,0.054758176757133015
AVAX,long,2024-02-26 00:00:00+00:00,2024-04-13 00:00:00+00:00,37.46,37.467492,39.34,39.332132,7.727353778032158,289.52456585958964,0.2967289323339246,0.11869215403058284,14.112004016335968,0.048741991804522204,47,ret40 < 0,0.05313466404273259
BTC,long,2024-02-08 00:00:00+00:00,2024-04-14 00:00:00+00:00,44349.6,44358.469919999996,63924.52,63911.735096,0.006204986131189754,275.2436906543979,0.3359075602726757,0.1343678825933393,120.99183167628293,0.4395807634631777,66,ret40 < 0,0.054262312813265545
DOGE,long,2024-02-16 00:00:00+00:00,2024-04-14 00:00:00+00:00,0.08527,0.085287054,0.15254,0.15250949200000002,3409.6383256651243,290.79800800147103,0.4054001084761949,0.1621692180452407,228.79880084097152,0.7867963140924065,58,ret40 < 0,0.05832712831968223
SOL,long,2024-02-13 00:00:00+00:00,2024-04-17 00:00:00+00:00,111.65,111.67233,136.21,136.182758,2.547240733799298,284.4563078142774,0.31567328811650486,0.12627181765589301,62.11828731633837,0.2183754960248434,64,ret40 < 0,0.13317092976045486
DOGE,long,2024-04-15 00:00:00+00:00,2024-04-17 00:00:00+00:00,0.1621,0.16213242,0.156,0.1559688,2163.712369825584,350.80792270375696,0.3441397722853048,0.13765538096833443,-13.680440609189692,-0.03899695452642975,2,ret40 < 0,0.05933089388395185
BNB,long,2024-02-15 00:00:00+00:00,2024-04-23 00:00:00+00:00,333.9,333.96677999999997,604.4,604.27912,0.8645811991732765,288.7413991364378,0.40559488267070504,0.1622473078368027,233.30137218586378,0.8079941874757726,68,ret40 < 0,0.0516535433070866
DOGE,long,2024-04-26 00:00:00+00:00,2024-04-27 00:00:00+00:00,0.15126,0.15129025200000001,0.14802,0.14799039600000002,2305.5445498868567,348.8064159496091,0.34500243344150344,0.13800067457802084,-7.952967449652923,-0.02280051938838723,1,ret40 < 0,0.06132042377043434
DOGE,long,2024-04-29 00:00:00+00:00,2024-04-30 00:00:00+00:00,0.14671,0.146739342,0.14343,0.143401314,2366.551231645417,347.26617054093805,0.3433163634036046,0.13732623486989126,-8.242930638070476,-0.023736635864156957,1,ret40 < 0,0.13888673239655303
BNB,long,2024-04-26 00:00:00+00:00,2024-05-05 00:00:00+00:00,613.3,613.42266,585.7,585.5828600000001,0.5686631020654743,348.8308327128547,0.34091509919841356,0.1363654118752698,-16.172382128080724,-0.046361676238044186,9,ret40 < 0,0.06384455239417086
BNB,long,2024-05-13 00:00:00+00:00,2024-05-15 00:00:00+00:00,594.8,594.91896,567.1,566.98658,0.5809093808193208,345.5940046912742,0.33748091390596924,0.1349917219148139,-16.563662484515927,-0.04792809556783997,2,ret40 < 0,0.07870874138556405
DOT,long,2024-05-26 00:00:00+00:00,2024-05-30 00:00:00+00:00,7.426,7.4274852,7.178,7.1765644,46.1725086094619,342.9456243436508,0.33715280294450434,0.13486066314647793,-11.922795601237544,-0.03476584844625465,4,close < EMA200,0.10688729874776381
DOGE,long,2024-05-26 00:00:00+00:00,2024-05-31 00:00:00+00:00,0.17402,0.174054804,0.15945,0.15941811,1970.1933623242876,342.9216195214549,0.32850306083886904,0.1314000761068679,-29.165620426010605,-0.08505039859169876,5,ret40 < 0,0.07932766854803686
AVAX,long,2024-05-24 00:00:00+00:00,2024-05-31 00:00:00+00:00,38.52,38.527704,35.98,35.972804,8.886588904943151,342.3798668993339,0.33102769390271425,0.1324101746836285,-23.035373687142005,-0.0672801642682887,7,ret40 < 0,0.13661847152552387
BNB,long,2024-05-24 00:00:00+00:00,2024-06-02 00:00:00+00:00,599.4,599.51988,601.9,601.77962,0.5710501237722035,342.35590167789655,0.3430011140812431,0.13720050273746456,0.9474236926118011,0.0027673648620293945,9,ret40 < 0,0.08352919905984435
AVAX,long,2024-06-06 00:00:00+00:00,2024-06-08 00:00:00+00:00,36.58,36.587315999999994,33.51,33.503298,9.32785855950775,341.28130872001475,0.32689766687052685,0.13075792128711416,-29.094181365846435,-0.08524985289984087,2,ret40 < 0 & close < EMA200,0.06246368390470658
LINK,long,2024-05-23 00:00:00+00:00,2024-06-12 00:00:00+00:00,16.352,16.3552704,14.987,14.9840026,20.88800222180412,341.6289244534071,0.3273074020268629,0.13092182032578306,-28.970352255115273,-0.0848006423972054,20,close < EMA200,0.07904460279757175
DOGE,long,2024-06-05 00:00:00+00:00,2024-06-14 00:00:00+00:00,0.16136,0.161392272,0.1411,0.14107178,2100.9853418355383,339.0827977575342,0.317736269842091,0.12709280529830558,-43.0107921007284,-0.12684451227007942,9,ret40 < 0,0.066701923712567
LINK,long,2024-06-13 00:00:00+00:00,2024-06-14 00:00:00+00:00,16.007,16.0102014,15.139,15.1359722,19.831749577989747,317.5103048579808,0.3088415575738977,0.1235359344711772,-17.64633612574022,-0.05557720759215437,1,close < EMA200,0.1357411480877031
SOL,long,2024-05-21 00:00:00+00:00,2024-06-15 00:00:00+00:00,186.69,186.727338,143.04,143.011392,1.8419243916111663,343.9376384428226,0.3036769048229443,0.12146754592918395,-80.82514414457954,-0.23499941591305712,25,ret40 < 0,0.07726040043852045
BNB,long,2024-06-05 00:00:00+00:00,2024-06-19 00:00:00+00:00,685.7,685.83714,588.6,588.4822800000001,0.4944417764525692,339.1065338587494,0.31503837889640385,0.12601343114664948,-48.45134830358754,-0.1428794301078532,14,ret40 < 0,0.11823222439660785
BTC,long,2024-05-24 00:00:00+00:00,2024-06-25 00:00:00+00:00,67969.66,67983.253932,60293.3,60281.24134000001,0.005035533287011316,342.33193813392893,0.3229400677419308,0.12917448091411288,-39.106680851738226,-0.11423614479242279,32,ret40 < 0,0.06327995318227697
ETH,long,2024-05-22 00:00:00+00:00,2024-06-30 00:00:00+00:00,3789.59,3790.347918,3378.8,3378.12424,0.09031903354502857,342.3405607531712,0.32372473865250273,0.12948841137475797,-37.55536893998954,-0.10970178017283526,39,ret40 < 0,0.08196384317577055
SOL,short,2024-07-05 00:00:00+00:00,2024-07-06 00:00:00+00:00,127.85,127.82442999999999,134.32,134.34686399999998,2.3866215746536468,305.0685424058048,0.3128518332576321,0.1251401156453678,-15.879433536912092,-0.05205201890593207,1,close > EMA200,-0.24051084051084048
BNB,short,2024-07-06 00:00:00+00:00,2024-07-07 00:00:00+00:00,497.8,497.70044,526.0,526.1052,0.6124151570917727,304.79929314724444,0.31349704592602146,0.12539812756608978,-17.709002603480098,-0.05810053698164292,1,close > EMA200,-0.17077640786404535
BNB,short,2024-07-08 00:00:00+00:00,2024-07-09 00:00:00+00:00,490.7,490.60186,510.5,510.6021,0.6174265889993475,302.91063297653545,0.30908497295771964,0.12363350018123426,-12.65776493532604,-0.0417871264898996,1,close > EMA200,-0.1844773142762175
ETH,short,2024-07-05 00:00:00+00:00,2024-07-11 00:00:00+00:00,3059.7,3059.08806,3101.06,3101.6802119999998,0.09970438014630423,305.00447883526033,0.3071277908923889,0.12285095140598788,-4.553751905149531,-0.01493011487090035,6,close > EMA200,-0.18391896000810837
BTC,short,2024-07-05 00:00:00+00:00,2024-07-14 00:00:00+00:00,57050.02,57038.609996,59204.01,59215.850802,0.005346959319711117,304.9831273014799,0.3108039363109284,0.12432111383247577,-11.95242195520798,-0.03919043673321918,9,close > EMA200,-0.17665549583442597
XRP,short,2024-07-05 00:00:00+00:00,2024-07-14 00:00:00+00:00,0.433,0.4329134,0.5257,0.5258051399999999,704.5885663595494,305.02583186383816,0.33775106082046014,0.13509781171373794,-65.7882089740644,-0.21568077881165126,9,ret40 > 0,-0.2007016248153618
DOGE,short,2024-07-05 00:00:00+00:00,2024-07-21 00:00:00+00:00,0.10503,0.105008994,0.13423,0.13425684599999999,2905.9794766904665,305.1539814319123,0.3476508102565524,0.13905692991859514,-85.34130845953675,-0.27966637714860876,16,close > EMA200,-0.39650614871853807
ADA,short,2024-07-05 00:00:00+00:00,2024-07-22 00:00:00+00:00,0.3622,0.36212756,0.447,0.4470894,842.3749531444613,305.0471863873181,0.34083204938185174,0.13632996241692,-71.91055803844908,-0.23573585086978746,17,ret40 > 0,-0.21630975556997611
AVAX,short,2024-07-05 00:00:00+00:00,2024-07-22 00:00:00+00:00,24.43,24.425114,32.64,32.646527999999996,12.492577084076329,305.13261943235193,0.35648594349990403,0.14259027483758385,-103.06313407860416,-0.33776504875268937,17,ret40 > 0,-0.3615464994775339
DOT,short,2024-07-05 00:00:00+00:00,2024-07-22 00:00:00+00:00,5.556,5.5548888000000005,6.43,6.431285999999999,54.92277359708855,305.0898999194029,0.3291569824177641,0.13166087286688516,-48.46332197914003,-0.1588493161915318,17,ret40 > 0,-0.2517171717171717
DOGE,long,2024-07-29 00:00:00+00:00,2024-07-30 00:00:00+00:00,0.13005,0.13007601,0.12844,0.128414312,2016.0856168896087,262.2443728633889,0.2605693101446818,0.10422759422193664,-3.610694747558889,-0.013768435555487821,1,close < EMA200,0.06372188139059287
SOL,long,2024-07-21 00:00:00+00:00,2024-08-05 00:00:00+00:00,173.6,173.63472,138.32,138.292336,1.5190419312455925,263.7584204000877,0.23691513877699605,0.09476391183879501,-53.9234783849603,-0.20444268017364262,15,close < EMA200,0.09148066645708886
XRP,long,2024-07-17 00:00:00+00:00,2024-08-05 00:00:00+00:00,0.5792,0.57931584,0.5229,0.52279542,461.3104907161214,267.2444744300221,0.2542077430871814,0.101682058363647,-26.327670428768474,-0.09851530320662391,19,close < EMA200,0.11083413231064254
SOL,short,2024-08-06 00:00:00+00:00,2024-08-07 00:00:00+00:00,129.79,129.764042,144.4,144.42888,2.126197815035752,275.90402257060754,0.29149419582733416,0.11659643578090825,-31.47184070928061,-0.11406807489088545,1,close > EMA200,-0.05138513266574085
BTC,short,2024-08-05 00:00:00+00:00,2024-08-09 00:00:00+00:00,58161.0,58149.3678,61686.0,61698.3372,0.004418693739148973,256.94424743333093,0.26478515186743656,0.10591343771116522,-15.946594020078734,-0.06206246755618213,4,ret40 > 0 & close > EMA200,-0.05897500906465247
BNB,short,2024-08-05 00:00:00+00:00,2024-08-09 00:00:00+00:00,496.9,496.80062,517.2,517.30344,0.517270339682349,256.9802254618016,0.26228297579472465,0.10491277029436072,-10.867783641640807,-0.04229034985906428,4,close > EMA200,-0.14060878588723635
SOL,long,2024-08-09 00:00:00+00:00,2024-08-12 00:00:00+00:00,163.12,163.152624,141.56,141.531688,1.5153096383889633,247.2267436756505,0.23084553731975505,0.09233690812486699,-32.993258249110674,-0.1334534353305896,3,ret40 < 0,0.16288850869689186
BNB,short,2024-08-12 00:00:00+00:00,2024-08-13 00:00:00+00:00,503.5,503.39930000000004,518.3,518.40366,0.5021827237875601,252.79843162675112,0.2565658968134957,0.10262606143320141,-7.791496270302564,-0.030820983422106277,1,close > EMA200,-0.13221858300293066
BTC,short,2024-08-12 00:00:00+00:00,2024-08-14 00:00:00+00:00,58712.59,58700.847482,60587.16,60599.277432,0.004306253581818453,252.7807347251412,0.2568682951111507,0.10274699514950147,-8.4319890671301,-0.033356929183304046,2,ret40 > 0 & close > EMA200,-0.055087376018882694
DOGE,short,2024-08-05 00:00:00+00:00,2024-08-14 00:00:00+00:00,0.10375,0.10372925,0.10637,0.10639127400000001,2477.76021255348,257.01620852801307,0.2603141371040443,0.10412539517235145,-6.85617128916654,-0.026676026887305294,9,ret40 > 0,-0.17756638921918366
BTC,long,2024-08-14 00:00:00+00:00,2024-08-15 00:00:00+00:00,60587.16,60599.277432,58683.39,58671.653322,0.004050712830749032,245.47027062792264,0.24156614477030355,0.09662614944309966,-8.049817860008504,-0.032793453314801636,1,close < EMA200,0.0620006902715704
SOL,long,2024-08-14 00:00:00+00:00,2024-08-16 00:00:00+00:00,146.65,146.67933,142.58,142.55148400000002,1.6736335908265532,245.48745376793295,0.24203320290625346,0.0968130086949254,-7.150534926265238,-0.029127903754400684,2,ret40 < 0,0.14695760988581275
AVAX,short,2024-08-05 00:00:00+00:00,2024-08-24 00:00:00+00:00,21.26,21.255748,26.5,26.5053,12.09076323096913,256.99821636514565,0.28873376151547586,0.11549097038220915,-63.75982406217591,-0.24809442245928007,19,ret40 > 0,-0.16338582677165348
BTC,long,2024-08-22 00:00:00+00:00,2024-08-25 00:00:00+00:00,61156.03,61168.261205999996,64157.02,64144.188596,0.003897778350839018,238.42032428721296,0.2442200769644184,0.09768849867349647,11.355285277446463,0.04762716983711222,3,ret40 < 0,0.05643428555634822
BNB,long,2024-08-18 00:00:00+00:00,2024-08-25 00:00:00+00:00,541.7,541.80834,580.5,580.3839,0.4553942966880855,246.7364279340391,0.25551997294181367,0.10220869594865509,17.31157004260723,0.07016219772475263,7,ret40 < 0,0.06071288679984321
XRP,long,2024-08-09 00:00:00+00:00,2024-08-27 00:00:00+00:00,0.6166,0.6167233200000001,0.5873,0.58718254,400.8994661825922,247.244049770356,0.24132260830404734,0.09652857346746521,-12.084205540921461,-0.04887561723788885,18,ret40 < 0,0.3044214089274382
XRP,short,2024-09-02 00:00:00+00:00,2024-09-03 00:00:00+00:00,0.5471,0.54699058,0.5677,0.56781354,81.00805089536455,44.31064074392497,0.045154054445661035,0.018061555027630016,-1.7319814579177968,-0.03908725824857888,1,close > EMA200,-0.08418410041841007
BNB,short,2024-09-02 00:00:00+00:00,2024-09-03 00:00:00+00:00,512.3,512.19754,526.4,526.50528,0.49632987701013803,254.21894203309526,0.25776962145034177,0.10310756865005843,-7.359128455943358,-0.028947994185993097,1,close > EMA200,-0.11943632926619696
BNB,short,2024-09-04 00:00:00+00:00,2024-09-12 00:00:00+00:00,518.8,518.69624,530.2,530.30604,0.4899041326099625,254.11143154524893,0.2569552760446365,0.10278188702155686,-5.944644274819811,-0.02339384827620895,8,close > EMA200,-0.09095688748685593
XRP,short,2024-09-06 00:00:00+00:00,2024-09-13 00:00:00+00:00,0.5445,0.5443911,0.5625,0.5626125,64.90110621063684,35.33158460122542,0.03592287910957867,0.014369104915030271,-1.2185118958160732,-0.03448789261984618,7,ret40 > 0 & close > EMA200,-0.08596373404969782
AVAX,short,2024-08-28 00:00:00+00:00,2024-09-13 00:00:00+00:00,24.08,24.075184,24.02,24.024804,10.069921848292504,242.43522136326212,0.24218156003190364,0.0968726481805556,0.26514110268507807,0.0010936575188792133,16,ret40 > 0,-0.11238025055268974
BTC,short,2024-08-28 00:00:00+00:00,2024-09-14 00:00:00+00:00,59415.0,59403.117,60497.99,60510.089598,0.004080901174391771,242.41824992783177,0.2446769728154306,0.09787061234317522,-4.762122748013142,-0.019644241922507206,17,ret40 > 0 & close > EMA200,-0.0714653640874715
SOL,short,2024-08-30 00:00:00+00:00,2024-09-14 00:00:00+00:00,140.01,139.981998,139.02,139.047804,1.737535315465804,243.22366505446354,0.2424120675212154,0.09696489581486695,1.38078299897503,0.005677009260862178,15,ret40 > 0,-0.19354838709677413
DOGE,short,2024-08-16 00:00:00+00:00,2024-09-14 00:00:00+00:00,0.10021,0.100189958,0.10695,0.10697139,2492.0618135566465,249.67956843364425,0.2581294422978598,0.1032511050592641,-17.157877170728945,-0.068719588384297,29,ret40 > 0,-0.11654765053336869
LINK,short,2024-07-05 00:00:00+00:00,2024-09-14 00:00:00+00:00,12.539,12.5364922,11.45,11.45229,24.337849380883195,305.111258928217,0.2919176840072059,0.11676813375961131,26.095232158014994,0.08552693941771049,71,ret40 > 0,-0.2812016281602936
ADA,short,2024-08-05 00:00:00+00:00,2024-09-14 00:00:00+00:00,0.3442,0.34413116,0.3606,0.36067212,746.6985431307434,256.96223581789275,0.2631377911848847,0.10525462663972698,-12.61424852516878,-0.049089892470068654,40,ret40 > 0,-0.12149055640632966
DOT,short,2024-08-05 00:00:00+00:00,2024-09-15 00:00:00+00:00,4.688,4.687062399999999,4.437,4.4378874,54.83908256704501,257.0342019504921,0.2502019377511704,0.10008132568486744,13.414326460892228,0.05218887742992269,41,ret40 > 0,-0.1975350907223553
BTC,long,2024-09-15 00:00:00+00:00,2024-09-16 00:00:00+00:00,59993.02,60005.018604,59132.0,59120.1736,0.003962323080753397,237.7592701756662,0.23600624928454694,0.09440236324823584,-3.74204803152306,-0.015738810220767768,1,close < EMA200,0.11059517971610267
XRP,long,2024-09-14 00:00:00+00:00,2024-09-17 00:00:00+00:00,0.5727,0.57281454,0.5865,0.5863827,413.5061820729091,236.86235347124966,0.23966761249092688,0.09586727325177628,5.370850426863457,0.022674985484830837,3,ret40 < 0,0.09563886763580709
SOL,short,2024-09-16 00:00:00+00:00,2024-09-20 00:00:00+00:00,131.38,131.353724,142.88,142.90857599999998,1.8067535966839952,237.32381327483682,0.24776219847991243,0.09910404828527904,-21.124532608631135,-0.08901143259554622,4,close > EMA200,-0.09023545706371194
ETH,short,2024-08-05 00:00:00+00:00,2024-09-21 00:00:00+00:00,2688.91,2688.372218,2561.4,2561.91228,0.09561629707061303,257.05219663267087,0.2510063811330012,0.10040304013454274,11.840624618206302,0.04606311392517149,47,ret40 > 0,-0.2079554391721724
DOT,short,2024-09-17 00:00:00+00:00,2024-09-24 00:00:00+00:00,4.195,4.194161,4.458,4.4588916,56.57583434201682,237.2881579397476,0.24477683522517898,0.0979101389123021,-15.222131406087898,-0.06415040488431417,7,ret40 > 0,-0.08364271675038215
BNB,long,2024-09-14 00:00:00+00:00,2024-10-01 00:00:00+00:00,556.4,556.5112799999999,567.4,567.28652,0.42564983417641933,236.87893404930685,0.2391721736089124,0.09566905672946927,4.347306945602231,0.018352442200273197,17,ret40 < 0,0.11974240289796745
DOGE,long,2024-09-27 00:00:00+00:00,2024-10-01 00:00:00+00:00,0.11817,0.11819363399999999,0.11421,0.11418715800000001,1989.1195991914979,235.1012738890666,0.23111659392142142,0.09244632249200366,-8.20047652921174,-0.03488061291016724,4,close < EMA200,0.1501703163017032
AVAX,long,2024-09-27 00:00:00+00:00,2024-10-01 00:00:00+00:00,29.15,29.155829999999998,27.71,27.704458000000002,8.064175541905925,235.11773118996703,0.2292656718976635,0.09170580426253756,-11.933384256504715,-0.050754931140701384,4,close < EMA200,0.4086956521739131
XRP,long,2024-09-21 00:00:00+00:00,2024-10-02 00:00:00+00:00,0.5851,0.58521702,0.5968,0.59668064,398.6722504047582,233.30978633856637,0.23559489993015886,0.0942381465506911,4.334632283254838,0.018578870399223877,11,ret40 < 0,0.05842981186685958
BTC,long,2024-09-21 00:00:00+00:00,2024-10-03 00:00:00+00:00,63201.05,63213.69021,60649.27,60637.140146,0.0036910694101008855,233.32611823372483,0.2285710056713129,0.09142802551662876,-9.738796130495201,-0.04173898834908728,12,ret40 < 0,0.07644799863198015
SOL,long,2024-09-25 00:00:00+00:00,2024-10-03 00:00:00+00:00,152.74,152.77054800000002,140.18,140.15196400000002,1.5369437107012758,234.7997329289874,0.22510270627060952,0.0900403103477177,-19.619156023026353,-0.08355697759230396,8,ret40 < 0 & close < EMA200,0.07118810492355143
AVAX,long,2024-10-13 00:00:00+00:00,2024-10-16 00:00:00+00:00,28.63,28.635726,28.21,28.204358000000003,7.979774870806593,228.506646742103,0.22678553697886794,0.09071408073130843,-3.669005063448931,-0.016056447879128175,3,close < EMA200,0.28028609745194455
AVAX,long,2024-10-21 00:00:00+00:00,2024-10-22 00:00:00+00:00,28.97,28.975793999999997,27.75,27.74445,8.267601255435192,239.5603108516315,0.2344701802514952,0.09378766864163679,-10.414731380524055,-0.04347436077161496,1,close < EMA200,0.18883415435139583
BNB,long,2024-10-07 00:00:00+00:00,2024-11-01 00:00:00+00:00,570.4,570.5140799999999,576.5,576.3847000000001,0.39969254772056534,228.0302261456544,0.22920344767790407,0.09168147659609462,2.117239616821459,0.009284907762487027,25,ret40 < 0,0.06937933620851311
DOT,long,2024-11-11 00:00:00+00:00,2024-11-14 00:00:00+00:00,5.242,5.2430484,5.072,5.0709856,53.267118859868326,279.28208231084244,0.2746994375013616,0.10987941278413804,-9.43998905646311,-0.03380091188935047,3,close < EMA200,0.2616754935002408
SOL,long,2024-10-12 00:00:00+00:00,2024-12-20 00:00:00+00:00,145.52,145.549104,193.82,193.781236,1.5666782981964478,228.0286225587378,0.265810739798811,0.10632732274195866,75.29842374034763,0.33021479012333876,69,ret40 < 0,0.13252918287937754
ETH,long,2024-11-08 00:00:00+00:00,2024-12-22 00:00:00+00:00,2895.47,2896.0490939999995,3338.92,3338.2522160000003,0.08784880798968749,254.41446078751437,0.27383796936602356,0.10953674600851895,38.5731791876524,0.15161551378900792,44,ret40 < 0,0.08233372333386901
DOGE,long,2024-10-16 00:00:00+00:00,2024-12-22 00:00:00+00:00,0.11748,0.117503496,0.32042,0.32035591599999996,1970.7850875490294,231.57413765167703,0.4314633998062932,0.17260135796757875,399.34706090942615,1.7244890338752132,67,ret40 < 0,0.19365982523877268
BTC,long,2024-10-07 00:00:00+00:00,2024-12-31 00:00:00+00:00,62819.91,62832.473982,92792.05,92773.49159,0.0036289238747320906,228.01426494176272,0.2823411017574853,0.11294079136756191,108.37133252968762,0.47528312562973557,85,ret40 < 0,0.057307245645039195
ETH,long,2024-12-24 00:00:00+00:00,2025-01-01 00:00:00+00:00,3422.53,3423.2145060000003,3337.78,3337.1124440000003,0.12007111218382714,411.02917297923045,0.40585998780640004,0.16234358808148158,-10.744230333467232,-0.026139824226077853,8,ret40 < 0,0.07384944590168052
AVAX,long,2024-11-10 00:00:00+00:00,2025-01-01 00:00:00+00:00,30.37,30.376074,35.7,35.69286,8.739170016713038,265.46167512625647,0.2886938235244963,0.1154793926008272,46.17560297295518,0.17394451741854475,52,ret40 < 0,0.09563334536268497
ADA,long,2024-11-09 00:00:00+00:00,2025-01-02 00:00:00+00:00,0.4447,0.44478893999999997,0.9222,0.9220155600000001,578.8865672137681,257.48234261125066,0.3956123825286654,0.15825600974486184,275.86446745230074,1.0713917880916735,54,ret40 < 0,0.11874213836477976
DOT,long,2024-12-20 00:00:00+00:00,2025-01-03 00:00:00+00:00,6.942,6.9433884,7.179,7.177564200000001,43.68031837343474,303.2894159024136,0.3084038526520906,0.12336195515021797,9.92046964670173,0.03270958077183194,14,ret40 < 0,0.49913606911447084
ETH,long,2025-01-04 00:00:00+00:00,2025-01-08 00:00:00+00:00,3609.0,3609.7218,3381.31,3380.633738,0.11396829560150906,411.39384114161135,0.398339453157215,0.15933474328520897,-26.507115421950026,-0.06443245564491973,4,ret40 < 0,0.07372664524574568
ADA,long,2025-01-04 00:00:00+00:00,2025-01-08 00:00:00+00:00,1.0894,1.0896178799999998,0.9893,0.98910214,377.53147481204866,411.3650452179778,0.39239111743596566,0.15695493533831834,-38.34024668146034,-0.09320249040883935,4,ret40 < 0,0.06532368472521033
BTC,long,2025-01-05 00:00:00+00:00,2025-01-09 00:00:00+00:00,98220.51,98240.15410199999,95060.61,95041.597878,0.004173344388854425,409.9899958817757,0.40331565754684284,0.161325735524663,-13.75199232741258,-0.03354226314189893,4,ret40 < 0,0.056020744433851855
XRP,long,2024-11-14 00:00:00+00:00,2025-01-12 00:00:00+00:00,0.6897,0.68983794,2.5764,2.57588472,391.1742095398374,269.8468108900898,0.6387332400509176,0.2555228171556599,737.1341250816048,2.7316762523528357,59,ret40 < 0,0.291760299625468
LINK,long,2024-11-09 00:00:00+00:00,2025-01-12 00:00:00+00:00,13.69,13.692737999999999,20.21,20.205958000000003,18.802983002887466,257.4643198769913,0.3186983023540247,0.1274842247595271,122.14926665171275,0.47443182305832515,64,ret40 < 0,0.09871589085072219
BNB,long,2024-11-10 00:00:00+00:00,2025-01-13 00:00:00+00:00,624.67,624.7949339999999,693.35,693.2113300000001,0.42490782692963647,265.4802576825856,0.2800155887579444,0.1120074028099059,28.79064656195961,0.10844741079158654,64,ret40 < 0,0.10091646105040541
ADA,long,2025-01-19 00:00:00+00:00,2025-01-20 00:00:00+00:00,1.1044,1.10462088,0.993,0.9928014000000001,373.8165510378442,412.92556756598833,0.3920255813897658,0.1568085668292822,-42.19199793383491,-0.10217821624012745,1,ret40 < 0,0.10075742475583005
LINK,long,2025-01-19 00:00:00+00:00,2025-01-22 00:00:00+00:00,24.12,24.124824,26.67,26.664666000000004,17.11501250444897,412.89666442763064,0.43463137822229303,0.17385429702014132,43.03479621110245,0.10422655332117671,3,ret40 < 0,0.08404494382022487
BTC,long,2025-01-19 00:00:00+00:00,2025-01-26 00:00:00+00:00,104556.23,104577.141246,104746.86,104725.910628,0.003947973318004321,412.8677633123772,0.41316143208771317,0.16526460293919537,0.17417611858427362,0.00042186901972409834,7,ret40 < 0,0.07483577477677783
DOGE,long,2025-02-01 00:00:00+00:00,2025-02-02 00:00:00+00:00,0.3289,0.32896578000000004,0.30793,0.307868414,1229.3619169711253,404.4180019187015,0.3914498527643008,0.15657890991696602,-26.327748161565818,-0.0651003368709051,1,ret40 < 0,0.0520760028149192
LINK,long,2025-01-31 00:00:00+00:00,2025-02-02 00:00:00+00:00,24.46,24.464892,22.98,22.975404,16.65226235016549,407.39579995246487,0.39499412748075324,0.1579966651783285,-25.198339070904016,-0.06185223086208589,2,ret40 < 0,0.10528694080433798
ADA,long,2025-01-31 00:00:00+00:00,2025-02-02 00:00:00+00:00,0.9595,0.9596919,0.8947,0.8945210600000001,424.47715133963885,407.36728387572555,0.3935355176189199,0.15741310680278464,-28.05706803123029,-0.06887413187503193,2,ret40 < 0,0.05998674326115783
BTC,long,2025-01-30 00:00:00+00:00,2025-02-03 00:00:00+00:00,103733.25,103753.99665,97700.59,97681.04988199999,0.0038986224852478385,404.4976642740189,0.3926596008632999,0.15706289958278413,-24.068786422301322,-0.059502905821469464,4,ret40 < 0,0.06060808069571588
SOL,long,2025-01-19 00:00:00+00:00,2025-02-07 00:00:00+00:00,261.97,262.022394,189.53,189.492094,1.5760274014120779,412.9544727275917,0.3557996026112724,0.14231527434748692,-114.66553983524972,-0.2776711415131945,19,ret40 < 0 & close < EMA200,0.20929695794672964
SOL,long,2025-02-10 00:00:00+00:00,2025-02-12 00:00:00+00:00,200.47,200.51009399999998,197.95,197.91040999999998,1.881635800804058,377.2869712929869,0.37484114205039815,0.14993626715124442,-5.266499627227888,-0.013958869581897442,2,ret40 < 0,0.05895092705086902
XRP,long,2025-01-14 00:00:00+00:00,2025-02-24 00:00:00+00:00,2.5232,2.52370464,2.5763,2.57578474,158.94002419962217,401.1176765542988,0.40525648273145815,0.1621029306811534,7.872355871587279,0.019626050737062462,41,ret40 < 0,0.07033172138796973
BTC,short,2025-02-27 00:00:00+00:00,2025-03-02 00:00:00+00:00,84250.09,84233.239982,86064.54,86081.752908,0.004504898687941917,379.4622122760085,0.383625894003499,0.15345003064485674,-8.710989348984553,-0.022956144425386057,3,close > EMA200,-0.19050605375918017
ADA,short,2025-02-27 00:00:00+00:00,2025-03-03 00:00:00+00:00,0.6475,0.6473705,1.1349,1.13512698,586.364469093487,379.59505953928516,0.5225965942603391,0.20902720594237664,-286.5256660363683,-0.7548192707885206,4,ret40 > 0 & close > EMA200,-0.42859664607237424
ADA,long,2025-03-03 00:00:00+00:00,2025-03-04 00:00:00+00:00,1.1349,1.13512698,0.8577,0.85752846,92.45266166305547,104.94551062654591,0.09211314960268346,0.036844234725946695,-25.756835197327604,-0.24543055766324917,1,ret40 < 0,0.12845496122489553
BNB,short,2025-02-27 00:00:00+00:00,2025-03-16 00:00:00+00:00,611.57,611.4476860000001,619.82,619.943964,0.6205529223361828,379.4356484029967,0.38207184347393697,0.1528285326070863,-5.654461985354531,-0.014902295050961988,17,ret40 > 0,-0.152668477056085
ADA,short,2025-03-10 00:00:00+00:00,2025-03-16 00:00:00+00:00,0.7216,0.72145568,0.7468,0.74694936,528.602461169455,381.3632480726827,0.388101259068816,0.1552399707962259,-13.864123251335307,-0.03635411466994059,6,close > EMA200,-0.21310939033700516
BTC,short,2025-03-10 00:00:00+00:00,2025-03-20 00:00:00+00:00,80734.48,80718.333104,86845.93,86863.29918599999,0.0047242867444776595,381.3365511195595,0.39585184202278817,0.1583395819193666,-29.426433648480135,-0.07716656995529951,10,close > EMA200,-0.20329643544534048
ADA,short,2025-03-17 00:00:00+00:00,2025-03-20 00:00:00+00:00,0.7049,0.70475902,0.7436,0.74374872,532.9884148737578,375.628392937783,0.38601892213748473,0.15440674378890012,-21.167077321540848,-0.0563511111500212,3,ret40 > 0 & close > EMA200,-0.05242640139803745
ADA,long,2025-03-20 00:00:00+00:00,2025-03-21 00:00:00+00:00,0.7436,0.74374872,0.7179,0.71775642,478.2422881855158,355.6920896878485,0.3494767811742463,0.13979022083663734,-12.780093808378666,-0.03593021655217111,1,close < EMA200,0.05147058823529416
XRP,long,2025-03-20 00:00:00+00:00,2025-03-22 00:00:00+00:00,2.5469,2.54740938,2.3809,2.38042382,139.63872130142542,355.7169884544569,0.34405816341735573,0.1376223381658556,-23.66170823761982,-0.06651835308857977,2,ret40 < 0,0.06262516688918573
BTC,short,2025-03-21 00:00:00+00:00,2025-03-24 00:00:00+00:00,84223.38,84206.53532400001,86082.5,86099.7165,0.004306459110421869,362.6320012031008,0.366708454864633,0.14668306169683248,-8.51961577792895,-0.023493833279091474,3,close > EMA200,-0.12671867848884244
XRP,short,2025-04-07 00:00:00+00:00,2025-04-10 00:00:00+00:00,1.9218,1.92141564,2.0529,2.05331058,3.998210633650045,7.682224443509507,0.007945896319325825,0.003178337561113854,-0.5352896479519614,-0.06967899101206454,3,close > EMA200,-0.17242270260959436
BTC,short,2025-03-29 00:00:00+00:00,2025-04-13 00:00:00+00:00,84424.38,84407.49512400001,85276.91,85293.965382,0.004240319771490001,357.91477043624315,0.35979422911716075,0.14391754704682,-4.118711590952347,-0.011507520591933856,15,close > EMA200,-0.12166009905312325
BNB,short,2025-03-29 00:00:00+00:00,2025-04-13 00:00:00+00:00,619.81,619.6860379999999,597.3,597.41946,0.5774935036675363,357.864661258474,0.35143525918652074,0.14057462364976453,12.50736888471995,0.03494999713225745,15,ret40 > 0,-0.07917099985143383
BTC,short,2025-04-15 00:00:00+00:00,2025-04-19 00:00:00+00:00,84591.58,84574.661684,84474.7,84491.59494,0.004493736923019378,380.05627996126304,0.37986963991396916,0.15194787697467954,-0.006589545326122881,-1.733834085518733e-05,4,ret40 > 0,-0.06638003373065426
SOL,short,2025-02-27 00:00:00+00:00,2025-04-19 00:00:00+00:00,135.33,135.30293400000002,134.05,134.07681,2.805127012647117,379.5419150538101,0.3778221982771826,0.15112902293330327,3.0616113549778268,0.008066596161174352,51,ret40 > 0,-0.3835360575827981
AVAX,short,2025-02-27 00:00:00+00:00,2025-04-19 00:00:00+00:00,21.88,21.875624,19.07,19.073814,17.353636841284874,379.62163457249557,0.3553108379533554,0.14212628573010633,48.26628240032701,0.12714312885429002,51,ret40 > 0,-0.47148380860318995
DOGE,short,2025-02-27 00:00:00+00:00,2025-04-20 00:00:00+00:00,0.20355,0.20350929,0.15735,0.15738147,1865.5080142346071,379.6482114661948,0.3366223025216091,0.1346523684674633,85.71519558664981,0.22577531777541954,52,ret40 > 0,-0.5098133654425046
LINK,short,2025-02-27 00:00:00+00:00,2025-04-20 00:00:00+00:00,15.26,15.256948,12.93,12.932585999999999,24.87840204780363,379.5684863664335,0.350655280196115,0.14026443074550107,57.47575706044084,0.15142394356984115,52,ret40 > 0,-0.3917895575926664
DOT,short,2025-02-27 00:00:00+00:00,2025-04-20 00:00:00+00:00,4.755,4.754049,3.88,3.880776,79.82991879159954,379.515345601285,0.3446586892648368,0.13786626975307742,69.36865398363169,0.18278221101633582,52,ret40 > 0,-0.3663867786218846
BNB,long,2025-04-23 00:00:00+00:00,2025-04-24 00:00:00+00:00,618.5,618.6237,605.72,605.5988560000001,0.6104595527339896,377.6447472126457,0.37366917699131075,0.14946735872956657,-8.324809619661247,-0.02204402333437907,1,close < EMA200,0.06676440151776486
ADA,short,2025-03-29 00:00:00+00:00,2025-04-25 00:00:00+00:00,0.7062,0.7060587600000001,0.722,0.7221443999999999,506.8837542223356,357.8897149703671,0.36196648976650153,0.14478627555599946,-8.515516082035363,-0.023793687624525446,27,close > EMA200,-0.08452164894996106
ETH,short,2025-02-27 00:00:00+00:00,2025-05-09 00:00:00+00:00,2336.38,2335.9127240000003,2207.39,2207.8314779999996,0.16245845750559293,379.4887780087279,0.36908483717845064,0.14763477309197093,20.438796823376048,0.05385876475879868,71,ret40 > 0,-0.32739813969824083
DOT,long,2025-05-11 00:00:00+00:00,2025-05-15 00:00:00+00:00,5.309,5.3100618,4.981,4.9800038,72.29507976355598,383.89134138041163,0.3719605566621118,0.14878327415332626,-24.233529993261822,-0.06312601348632126,4,close < EMA200,0.32064676616915433
LINK,long,2025-05-10 00:00:00+00:00,2025-05-17 00:00:00+00:00,16.01,16.013202,15.76,15.756848,23.35333283798782,373.96163610793224,0.3709682759647575,0.14838707685253244,-6.357688562314286,-0.01700091118565793,7,close < EMA200,0.19388516032811354
DOGE,long,2025-05-11 00:00:00+00:00,2025-05-18 00:00:00+00:00,0.25062,0.250670124,0.21458,0.214537084,1531.6747070375761,383.94508874077286,0.3562730570125844,0.14250701474275876,-55.700336513389615,-0.14507370493022936,7,close < EMA200,0.5038401536061443
LINK,long,2025-05-22 00:00:00+00:00,2025-05-24 00:00:00+00:00,16.1,16.10322,15.53,15.526894,22.908353546372403,368.898256995015,0.3622969171120317,0.1449182445343022,-13.564976683078651,-0.03677159332108733,2,close < EMA200,0.27373417721519
DOGE,long,2025-05-19 00:00:00+00:00,2025-05-30 00:00:00+00:00,0.23309,0.233136618,0.21487,0.214827026,1567.0926648424067,365.3466839739662,0.35100027031423764,0.14039896602856006,-29.04382758977143,-0.07949662297151444,11,close < EMA200,0.6382425307557118
SOL,long,2025-05-09 00:00:00+00:00,2025-05-31 00:00:00+00:00,164.46,164.492892,156.2,156.16876,2.259335401522438,371.64461419440704,0.36224111113713414,0.14489569797043866,-19.169247225682955,-0.05157951035355388,22,close < EMA200,0.32011558837694665
ADA,long,2025-05-09 00:00:00+00:00,2025-05-31 00:00:00+00:00,0.7694,0.7695538799999999,0.689,0.6888622,482.9013409141602,371.61860055769466,0.3521355403213865,0.14085266311779654,-39.318256012937674,-0.10580271265736448,22,close < EMA200,0.14275103980986326
XRP,long,2025-05-09 00:00:00+00:00,2025-06-02 00:00:00+00:00,2.3272,2.32766544,2.1792,2.17876416,159.64175192712952,371.5925887418328,0.35970715814013676,0.14388191817686624,-24.13056836153219,-0.06493823906239722,24,ret40 < 0,0.0899723666338812
ETH,long,2025-05-11 00:00:00+00:00,2025-06-06 00:00:00+00:00,2583.22,2583.7366439999996,2414.02,2413.537196,0.14859030428336267,383.91821412003424,0.3712732202364441,0.14850828243533504,-25.661260987416718,-0.06684043643574977,26,close < EMA200,0.4174645939761745
SOL,long,2025-06-11 00:00:00+00:00,2025-06-12 00:00:00+00:00,165.12,165.153024,160.98,160.947804,2.155214424921215,355.94017964415957,0.351408604242176,0.14056308479332347,-9.414559408209364,-0.026449836086561748,1,close < EMA200,0.09459728206827989
XRP,long,2025-06-10 00:00:00+00:00,2025-06-14 00:00:00+00:00,2.321,2.3214642000000003,2.1473,2.14687054,152.40922868648119,353.81256814527916,0.3405077256182043,0.13620203130796357,-26.95019277976798,-0.07617081812848986,4,ret40 < 0,0.059475990505751364
XRP,long,2025-06-17 00:00:00+00:00,2025-06-18 00:00:00+00:00,2.2379,2.2383475799999997,2.1591,2.1586681800000003,154.53095166409358,345.89398169242077,0.33973751493740884,0.1358945188933485,-12.652671024961293,-0.03657962177616732,1,ret40 < 0,0.05243357629908307
BNB,long,2025-05-10 00:00:00+00:00,2025-06-19 00:00:00+00:00,666.29,666.4232579999999,644.77,644.641046,0.5611080582799111,373.9354602889522,0.3678243729487715,0.14712926617767902,-12.589999053310127,-0.033668909184438996,40,ret40 < 0,0.10642643639986704
BTC,long,2025-04-20 00:00:00+00:00,2025-06-20 00:00:00+00:00,85077.0,85094.0154,104658.59,104637.658282,0.004452307331955812,378.8647086709808,0.4223718609193081,0.16895223169797635,86.5919326357353,0.22855634387138107,61,ret40 < 0,0.0824617225385662
ETH,long,2025-06-07 00:00:00+00:00,2025-06-20 00:00:00+00:00,2476.1,2476.5952199999997,2521.13,2520.625774,0.14012566415061034,347.0345500347269,0.35011945534581157,0.14004803453264386,5.8196911668235565,0.016769774554842434,13,ret40 < 0,0.38229990677109793
LINK,long,2025-07-11 00:00:00+00:00,2025-07-13 00:00:00+00:00,15.24,15.243048,15.11,15.106978,22.872172367470235,348.64162126162245,0.3470855130146016,0.13883408627052954,-3.459302007056279,-0.009922229005642448,2,close < EMA200,0.09019327129563348
DOT,long,2025-07-22 00:00:00+00:00,2025-07-24 00:00:00+00:00,4.499,4.4998998,4.114,4.1131772,51.588218141956204,232.14181249934506,0.22216664757473287,0.08886586457132899,-20.172496496799187,-0.08689729902430265,2,close < EMA200,0.07400334208641679
AVAX,long,2025-07-18 00:00:00+00:00,2025-07-31 00:00:00+00:00,23.91,23.914782,23.3,23.29534,16.02853444097822,383.318906935486,0.37835453321989176,0.15134142219171556,-10.30710196440831,-0.026889104027793324,13,close < EMA200,0.15786924939467317
DOGE,long,2025-07-17 00:00:00+00:00,2025-08-02 00:00:00+00:00,0.21269,0.212732538,0.20098,0.200939804,1728.7981917607092,367.77162702306634,0.35757799841550886,0.1430303895971322,-20.744835213530546,-0.056406839704982045,16,close < EMA200,0.18973039489875831
SOL,long,2025-07-11 00:00:00+00:00,2025-08-03 00:00:00+00:00,164.33,164.362866,158.49,158.458302,2.1210217747263043,348.61721774242176,0.34235536333528926,0.13694164986340807,-12.866064177600322,-0.03690599179500796,23,close < EMA200,0.05043144774688413
ADA,long,2025-07-14 00:00:00+00:00,2025-08-03 00:00:00+00:00,0.7368,0.7369473599999999,0.6975,0.6973605,478.8663806465545,352.8993150102334,0.3434209068255525,0.13736760995221742,-19.300237276187364,-0.05469049231684594,20,close < EMA200,0.07751937984496138
DOGE,long,2025-08-05 00:00:00+00:00,2025-08-06 00:00:00+00:00,0.21038,0.210422076,0.19982,0.199780036,1736.2032630604097,365.3354949711455,0.3560971226843358,0.14243811570148546,-18.83284169630377,-0.05154944415623016,1,close < EMA200,0.27826720942949157
AVAX,long,2025-08-08 00:00:00+00:00,2025-08-12 00:00:00+00:00,23.35,23.354670000000002,22.79,22.785442,16.14029539146982,376.9512725702985,0.3723575185377507,0.14894264587248732,-9.559865583633373,-0.025361011566423435,4,close < EMA200,0.2999443516972733
BTC,long,2025-07-10 00:00:00+00:00,2025-08-20 00:00:00+00:00,111234.0,111256.2468,112872.95,112850.37541,0.0030819773271046126,342.8892301363551,0.3453457642526095,0.1381385077493052,4.567722468256181,0.013321277155423509,41,ret40 < 0,0.06970694370021668
DOGE,long,2025-08-08 00:00:00+00:00,2025-08-20 00:00:00+00:00,0.22228,0.222324456,0.20944,0.209398112,1695.6193946510964,376.97765949885434,0.36601857970468843,0.14640656101173427,-22.284178168036533,-0.05911272884886765,12,close < EMA200,0.35843060563466356
AVAX,long,2025-08-13 00:00:00+00:00,2025-08-20 00:00:00+00:00,24.67,24.674934,22.36,22.355528,16.48582729869483,406.7867005306932,0.38766803715491494,0.15506569157149835,-38.624994788711504,-0.09495146900899513,7,close < EMA200,0.33063646170442307
AVAX,long,2025-08-21 00:00:00+00:00,2025-08-22 00:00:00+00:00,23.45,23.45469,22.78,22.775444,16.96668897206372,397.94843016617324,0.39218615235741405,0.15687400623571773,-11.916741769875793,-0.029945442340103372,1,close < EMA200,0.13442940038684714
XRP,long,2025-07-10 00:00:00+00:00,2025-08-26 00:00:00+00:00,2.4038,2.40428076,2.8584,2.8578283200000003,142.6361025017623,342.93723692637496,0.3752833650551671,0.15011593971689757,64.3169728925291,0.18754735842913808,47,ret40 < 0,0.1233760164501354
DOGE,long,2025-08-21 00:00:00+00:00,2025-08-26 00:00:00+00:00,0.22168,0.221724336,0.20965,0.20960807,1794.6635112148313,397.920575367537,0.3870482651263506,0.15481844245846135,-22.131668747499205,-0.055618307063055025,5,ret40 < 0 & close < EMA200,0.10277073073670606
AVAX,long,2025-08-23 00:00:00+00:00,2025-08-26 00:00:00+00:00,25.26,25.265052,23.35,23.34533,16.45123056867274,415.64119578150644,0.3998503011566296,0.15993886358863652,-31.981639550910206,-0.07694530733599915,3,close < EMA200,0.1910377358490567
ADA,long,2025-08-04 00:00:00+00:00,2025-08-30 00:00:00+00:00,0.7271,0.7272454199999999,0.8266,0.82643468,490.13033037745004,356.44503797008736,0.3807528703569348,0.15230309886147708,48.23491190333788,0.13532215843999412,26,ret40 < 0,0.23744680851063826
SOL,long,2025-08-05 00:00:00+00:00,2025-09-01 00:00:00+00:00,169.55,169.58391,200.62,200.579876,2.154154382615351,365.3099229475473,0.39869497094869555,0.1594806655625089,66.37140103134774,0.18168518526905064,27,ret40 < 0,0.18095702444800454
DOT,long,2025-09-13 00:00:00+00:00,2025-09-16 00:00:00+00:00,4.319,4.3198638,4.151,4.1501698,88.05146238022515,380.3703248733965,0.3728994224448215,0.14915917727214792,-15.314704279594807,-0.040262615872287605,3,close < EMA200,0.19905607995558028
XRP,long,2025-09-12 00:00:00+00:00,2025-09-17 00:00:00+00:00,3.0398,3.04040796,3.0376,3.03699248,132.550596646099,403.0078891455487,0.4027815271896323,0.16111259921139187,-0.8555054390224687,-0.002122800724413357,5,ret40 < 0,0.09759884455677925
ETH,long,2025-07-10 00:00:00+00:00,2025-09-22 00:00:00+00:00,2768.74,2769.2937479999996,4444.98,4444.091004,0.12382696235779204,342.9132326912648,0.44660576107908745,0.17865060697986757,206.93845101456634,0.603471756952813,74,ret40 < 0,0.09378431976739576
LINK,long,2025-07-14 00:00:00+00:00,2025-09-22 00:00:00+00:00,15.66,15.663132,22.95,22.94541,22.532148632859585,352.9240182800992,0.43496670342100086,0.17399325174292685,163.65040357838242,0.46369868612484405,70,ret40 < 0,0.1098511693834161
DOT,long,2025-09-18 00:00:00+00:00,2025-09-22 00:00:00+00:00,4.403,4.4038806,4.261,4.2601478,95.05673485973546,418.6185105481327,0.41178712521800903,0.16471431016495813,-14.07455778546535,-0.03362144155316099,4,close < EMA200,0.10655943704448334
DOGE,long,2025-09-09 00:00:00+00:00,2025-09-23 00:00:00+00:00,0.24165,0.24169833,0.24123,0.241181754,1591.020062520149,384.5468921076156,0.3841359507177074,0.1536543535579254,-1.2060187305341012,-0.0031362071967977224,14,ret40 < 0,0.0984135642529207
ADA,long,2025-09-08 00:00:00+00:00,2025-09-23 00:00:00+00:00,0.8351,0.83526702,0.8257,0.82553486,455.671433069621,380.60731999919176,0.37838998635216037,0.15135582320841706,-4.8130572804149985,-0.012645729673368392,15,ret40 < 0,0.06681144609095546
DOGE,long,2025-09-24 00:00:00+00:00,2025-09-26 00:00:00+00:00,0.23709,0.237137418,0.22292,0.22287541600000002,1689.4209474549616,400.6249213945832,0.388577658928861,0.15543010600771748,-24.483102590373363,-0.061112280546969475,2,ret40 < 0,0.05928871414529535
DOT,long,2025-10-04 00:00:00+00:00,2025-10-05 00:00:00+00:00,4.321,4.321864199999999,4.189,4.1881622,95.01543667617949,410.6438142181471,0.40429193726090784,0.16171627322284515,-13.108045851739414,-0.03192071911930957,1,close < EMA200,0.051094890510948954
DOT,long,2025-10-07 00:00:00+00:00,2025-10-08 00:00:00+00:00,4.399,4.3998798,4.139,4.1381722000000005,93.64426123004614,412.02349337200314,0.39976978594185897,0.15990694047638815,-24.907184646230224,-0.06045088459007435,1,close < EMA200,0.14620797498045324
SOL,long,2025-09-03 00:00:00+00:00,2025-10-11 00:00:00+00:00,209.64,209.68192799999997,188.43,188.392314,1.8233278056944051,382.3188896740122,0.3629099170846618,0.14516241992254034,-39.1808550957855,-0.10248213246589366,38,ret40 < 0,0.1464428282386394
DOGE,long,2025-09-29 00:00:00+00:00,2025-10-11 00:00:00+00:00,0.23735,0.23739747,0.19348,0.193441304,1647.363046774481,391.0798194757535,0.35487393770261105,0.14194668428836768,-72.76663748398745,-0.1860659483312943,12,ret40 < 0 & close < EMA200,0.13331423387289298
AVAX,long,2025-09-09 00:00:00+00:00,2025-10-11 00:00:00+00:00,25.29,25.295057999999997,20.67,20.665866,15.201387376263302,384.519975363048,0.3493349049474985,0.13973115276259337,-70.7194757360465,-0.18391625992713662,32,ret40 < 0 & close < EMA200,0.084942084942085
BTC,long,2025-10-04 00:00:00+00:00,2025-10-17 00:00:00+00:00,122232.21,122256.656442,108194.27,108172.631146,0.0033591018403958156,410.67255965496116,0.3870177220089738,0.15480520260880187,-47.69669301398382,-0.1161428780487735,13,ret40 < 0,0.07699474481334145
SOL,short,2025-10-18 00:00:00+00:00,2025-10-19 00:00:00+00:00,181.97,181.933606,187.55,187.58751,1.983159814495321,360.80341632542485,0.366409713929332,0.14656344293045995,-11.579004921743708,-0.032092281829449426,1,close > EMA200,-0.11819723770293189
BTC,short,2025-10-23 00:00:00+00:00,2025-10-24 00:00:00+00:00,107567.45,107545.93651,110078.19,110100.205638,0.003325333262804594,357.626079956174,0.3618729780029206,0.1447488572392611,-8.855669071496203,-0.024762369323236826,1,close > EMA200,-0.07292960699105444
SOL,short,2025-10-23 00:00:00+00:00,2025-10-24 00:00:00+00:00,180.13,180.093974,191.36,191.39827200000002,1.9859138483181684,357.6511169652522,0.3688757979371099,0.14754942710234104,-22.818237741652517,-0.06380026975805429,1,close > EMA200,-0.2562556775951771
XRP,short,2025-10-18 00:00:00+00:00,2025-10-27 00:00:00+00:00,2.2936,2.29314128,2.646,2.6465292,157.37329537037124,360.87919998343114,0.3886861107406717,0.15547222596230204,-56.00250762522177,-0.15518352852642375,9,close > EMA200,-0.20278067431352098
BTC,short,2025-10-31 00:00:00+00:00,2025-11-01 00:00:00+00:00,108322.87,108301.205426,109608.01,109629.931602,0.0032885047436479946,356.14902778619694,0.3583337889525896,0.14333334653346674,-4.727856121737838,-0.01327493760442345,1,close > EMA200,-0.06364446474467056
SOL,short,2025-10-31 00:00:00+00:00,2025-11-03 00:00:00+00:00,184.69,184.653062,187.71,187.747542,1.9290170056120004,356.1988967363271,0.3591835490080902,0.1436731865779704,-6.328488092534322,-0.017766725698813508,3,close > EMA200,-0.22878737264072158
BNB,long,2025-07-16 00:00:00+00:00,2025-11-04 00:00:00+00:00,689.93,690.0679859999999,993.54,993.341292,0.5184827825481245,357.78836952866016,0.43640936331238456,0.17457004198724052,156.80557820413648,0.4382634863472715,111,ret40 < 0,0.08937030253268485
BNB,short,2025-11-21 00:00:00+00:00,2025-11-27 00:00:00+00:00,866.51,866.336698,891.77,891.948354,0.22245845724437044,192.72392529126205,0.19557269003187883,0.07822885124073704,-5.893102171265411,-0.030577948027777115,6,close > EMA200,-0.23660214788515244
BNB,short,2025-11-30 00:00:00+00:00,2025-12-04 00:00:00+00:00,872.9,872.72542,920.77,920.954154,0.21408081386989164,186.833768198543,0.19199619151186026,0.07679806668280743,-10.516842818146381,-0.05628983946290923,4,close > EMA200,-0.2065915887255838
BNB,short,2025-12-13 00:00:00+00:00,2025-12-14 00:00:00+00:00,881.59,881.4136820000001,896.82,896.999364,0.20004475171501698,176.32218117390894,0.17788109811690855,0.07115231737947825,-3.295714984116099,-0.01869143724387966,1,close > EMA200,-0.1861712439418416
BTC,short,2025-11-04 00:00:00+00:00,2025-12-31 00:00:00+00:00,106583.05,106561.73339000001,88485.5,88503.1971,0.0034517169918665646,367.8209458250177,0.3366544675448017,0.13466428572275196,61.9963020928872,0.168550222048476,57,ret40 > 0,-0.05934284730863937
ETH,short,2025-11-04 00:00:00+00:00,2025-12-31 00:00:00+00:00,3603.84,3603.119232,2973.69,2974.284738,0.10209118069103587,367.8466965654584,0.33574746858960336,0.13430156074613306,63.86270848312052,0.1736122930541423,57,ret40 > 0,-0.13219482711706054
BNB,short,2025-12-15 00:00:00+00:00,2026-01-01 00:00:00+00:00,877.27,877.094546,864.31,864.482862,0.19727418670297817,173.0281132237679,0.17178413337174042,0.06871375561562554,2.3161755706832383,0.01338612279547806,17,ret40 > 0,-0.06351612455565403
LINK,short,2025-10-18 00:00:00+00:00,2026-01-01 00:00:00+00:00,16.61,16.606678,12.2,12.20244,21.73401153831404,360.92973126506587,0.3130688515103253,0.12523137448378094,95.40869065797081,0.26434145594922714,75,ret40 > 0,-0.2607921673342234
AVAX,short,2025-10-18 00:00:00+00:00,2026-01-02 00:00:00+00:00,19.95,19.94601,13.59,13.592718,18.090268468547475,360.8286757763326,0.30336229680679516,0.12134952088697915,114.62939564226815,0.31768371899943904,76,ret40 > 0,-0.19124797406807126
SOL,short,2025-11-04 00:00:00+00:00,2026-01-03 00:00:00+00:00,166.06,166.026788,132.28,132.306456,2.2157415290638527,367.87244910868014,0.33051467911556975,0.13220886555615502,74.38502530710521,0.20220330575810455,60,ret40 > 0,-0.2152173913043478
XRP,short,2025-10-31 00:00:00+00:00,2026-01-06 00:00:00+00:00,2.4393,2.43881214,2.3479,2.34836958,146.04403330076704,356.17396138847494,0.3495696632662516,0.13982839924343426,12.859026581180379,0.03610321914339825,67,ret40 > 0 & close > EMA200,-0.18006722689075638
DOGE,short,2025-10-18 00:00:00+00:00,2026-01-11 00:00:00+00:00,0.18471,0.18467305800000003,0.13965,0.13967793,1954.015062639114,360.8539369956268,0.3168933580669393,0.1267608651435121,87.60426449930806,0.24276931887920553,85,ret40 > 0,-0.19263889496000353
ADA,short,2025-10-18 00:00:00+00:00,2026-01-11 00:00:00+00:00,0.6246,0.6244750800000001,0.3886,0.38867772,577.9325329360934,360.9044647398696,0.2927669819776476,0.11711224847415619,135.98219854246625,0.37678170216175805,85,ret40 > 0,-0.2521853670219134
DOT,short,2025-10-18 00:00:00+00:00,2026-01-11 00:00:00+00:00,2.892,2.8914216,2.093,2.0934186,124.83651625177865,360.95499955914386,0.3111450423199098,0.12446200670301266,99.30876943614821,0.2751278401945949,85,ret40 > 0,-0.27609511889862337
XRP,short,2026-01-13 00:00:00+00:00,2026-01-14 00:00:00+00:00,2.0541,2.05368918,2.1656,2.16603312,204.44402792763717,419.8644880706063,0.43134851187403667,0.17253849292920215,-23.39939611873477,-0.055730829311765526,1,ret40 > 0,-0.06534401164907178
DOGE,short,2026-01-12 00:00:00+00:00,2026-01-14 00:00:00+00:00,0.13801,0.137982398,0.14828,0.14830965599999998,3034.2268043084055,418.66989053435054,0.43433751205365473,0.17373375836102004,-31.769580550662003,-0.07588217177527222,2,ret40 > 0,-0.053234547574946944
AVAX,short,2026-01-13 00:00:00+00:00,2026-01-14 00:00:00+00:00,13.52,13.517296,14.76,14.762952,31.063452507238157,419.8938823222803,0.43924107032045845,0.1756948873809423,-39.13361706667673,-0.0931988264516809,1,ret40 > 0,-0.08457374830852504
DOT,short,2026-01-12 00:00:00+00:00,2026-01-14 00:00:00+00:00,2.071,2.0705858000000004,2.283,2.2834566,202.21292020526897,418.6992011535631,0.44022181420077894,0.176087010914738,-43.48544790863249,-0.1038584448903299,2,ret40 > 0,-0.07959092930191203
LINK,short,2026-01-13 00:00:00+00:00,2026-01-15 00:00:00+00:00,13.08,13.077384,14.11,14.112822,32.11064832475774,419.9232786318137,0.4365475713718589,0.1746177055900272,-33.68513305146234,-0.08021735103901508,2,ret40 > 0,-0.10655737704918034
XRP,short,2026-01-19 00:00:00+00:00,2026-01-25 00:00:00+00:00,1.9914,1.99100172,1.9143,1.9146828599999999,202.44976299292892,403.07782633251384,0.39535245877306857,0.158141607864288,15.055382660117498,0.037351056487284304,6,ret40 > 0,-0.05450574494350002
DOT,short,2026-01-19 00:00:00+00:00,2026-01-25 00:00:00+00:00,2.065,2.064587,1.929,1.9293858,195.2614573180702,403.1342663799426,0.3899344747083667,0.15597485210565054,26.00964886844351,0.06451857616075274,6,ret40 > 0,-0.09943305713039696
ETH,short,2026-01-21 00:00:00+00:00,2026-01-27 00:00:00+00:00,2939.88,2939.2920240000003,2930.35,2930.9360699999997,0.14286600379083347,419.92490544315064,0.4193280145652306,0.16773126028656068,0.7744537412748803,0.001844267227869212,6,ret40 > 0,-0.09189810310157254
SOL,short,2026-01-21 00:00:00+00:00,2026-01-27 00:00:00+00:00,125.81,125.78483800000001,124.24,124.26484799999999,3.3382044743718153,419.895509019734,0.41735849031023375,0.16694360576328815,4.656678928690253,0.01109008986440815,6,ret40 > 0,-0.07778022139139362
DOGE,short,2026-01-19 00:00:00+00:00,2026-01-28 00:00:00+00:00,0.13163,0.131603674,0.1262,0.12622524000000002,3063.459226580337,403.16248936717085,0.3949241827362442,0.15797033847785052,16.08168907911711,0.039888852517901495,9,ret40 > 0,-0.11036020815030068
LINK,short,2026-01-19 00:00:00+00:00,2026-01-28 00:00:00+00:00,13.31,13.307338000000001,12.03,12.032406,30.292012224265765,403.10604536843636,0.38379591750388253,0.15351991795256764,38.236459811603766,0.0948545928569637,9,ret40 > 0,-0.07564191533657183
ADA,short,2026-01-12 00:00:00+00:00,2026-01-28 00:00:00+00:00,0.391,0.39092180000000004,0.3607,0.36077214,1071.1311413811661,418.72851382477995,0.4025813939607529,0.1610338557952135,31.891658334093364,0.07616309203017081,16,ret40 > 0,-0.0980392156862745
AVAX,short,2026-01-19 00:00:00+00:00,2026-01-28 00:00:00+00:00,12.98,12.977404,12.14,12.142428,31.06867246563792,403.1907143302594,0.3902199163999252,0.15608901046738305,25.55137594426854,0.06337292759014046,9,ret40 > 0,-0.11095890410958897
LINK,short,2026-01-29 00:00:00+00:00,2026-03-16 00:00:00+00:00,11.85,11.84763,9.5,9.5019,35.23125984622443,417.406931091924,0.37608541951238195,0.1504374795433156,82.2669377395717,0.19709049278210083,46,ret40 > 0,-0.055821371610845216
AVAX,short,2026-01-30 00:00:00+00:00,2026-03-16 00:00:00+00:00,11.04,11.037792,9.94,9.941987999999998,38.271283816910774,422.4304703440272,0.40146155739817413,0.16058630689570152,41.53636433430796,0.09832710292058422,45,ret40 > 0,-0.095823095823096
BTC,short,2026-02-01 00:00:00+00:00,2026-03-17 00:00:00+00:00,78741.1,78725.35178000001,74884.67,74899.64693399999,0.005812583444162219,457.59767639227476,0.4464790620672193,0.17859252145964855,21.79074958804368,0.04761988688369912,44,ret40 > 0,-0.11148286987737299
ETH,short,2026-01-30 00:00:00+00:00,2026-03-17 00:00:00+00:00,2822.6,2822.03548,2352.97,2353.4405939999997,0.149648081487759,422.3121954723871,0.3872500326299495,0.15490282422108934,69.73707565224522,0.16513156948792163,46,ret40 > 0,-0.05216375133062223
SOL,short,2026-01-30 00:00:00+00:00,2026-03-17 00:00:00+00:00,117.82,117.796436,96.19,96.209238,3.5856036320844638,422.3713287682051,0.38366976099054184,0.15347100666046015,77.01946579433593,0.18235012783408827,46,ret40 > 0,-0.06350846514585495
XRP,short,2026-01-30 00:00:00+00:00,2026-03-17 00:00:00+00:00,1.8077,1.8073384600000002,1.5429,1.54320858,233.7143306965554,422.40089852104325,0.3915354294604625,0.1566166472863489,61.339402691701096,0.14521608004734224,46,ret40 > 0,-0.06511507628652702
ADA,short,2026-01-30 00:00:00+00:00,2026-03-17 00:00:00+00:00,0.3346,0.33453308000000004,0.2904,0.29045808,1262.8348868736743,422.46004423730193,0.3946303204178233,0.1578543608591919,55.26481731853942,0.13081667265909855,46,ret40 > 0,-0.10268096514745306
DOT,short,2026-01-30 00:00:00+00:00,2026-03-17 00:00:00+00:00,1.736,1.7356528,1.641,1.6413282,243.33309120658697,422.34176108536803,0.41086561283795564,0.16434716980092706,22.541430881986873,0.05337248872585576,46,ret40 > 0,-0.05240174672489084
BNB,short,2026-02-01 00:00:00+00:00,2026-03-18 00:00:00+00:00,781.39,781.2337220000001,668.62,668.753724,0.4419731159663039,345.28430241029326,0.32042773481032144,0.12817308757644175,49.39270746513332,0.1430493860286794,45,ret40 > 0,-0.09000069876318917
DOGE,short,2026-01-29 00:00:00+00:00,2026-03-18 00:00:00+00:00,0.125,0.124975,0.10015,0.10017003000000001,3339.6896254193707,417.3777109367859,0.3759572604528665,0.1503862238326391,82.46494370738584,0.19757869561912375,48,ret40 > 0,-0.05460595976402971
SOL,short,2026-03-29 00:00:00+00:00,2026-03-31 00:00:00+00:00,82.09,82.073582,82.55,82.56651,5.856650602256293,480.67629344963126,0.4821197469836657,0.1928477910310852,-3.3690268150526093,-0.007008930669067082,2,ret40 > 0,-0.05043377674956617
LINK,short,2026-03-29 00:00:00+00:00,2026-03-31 00:00:00+00:00,8.43,8.428314,8.63,8.631726,57.03512530133672,480.70994506901053,0.4865107595229083,0.19460384752810855,-12.088139667318421,-0.025146431421515635,2,ret40 > 0,-0.055928411633109576
AVAX,short,2026-03-27 00:00:00+00:00,2026-04-04 00:00:00+00:00,9.1,9.09818,8.91,8.911782,52.05543076824723,473.60967910705153,0.46875816501488166,0.18750366162726667,9.234270019324798,0.019497637879224056,8,ret40 > 0,-0.05005213764337857
SOL,short,2026-04-03 00:00:00+00:00,2026-04-05 00:00:00+00:00,78.95,78.93421000000001,80.84,80.856168,6.106112458383548,481.9811630736633,0.48784900891780825,0.19513914194495324,-12.223540697207671,-0.025361034068751547,2,ret40 > 0,-0.07314782200305281
BNB,short,2026-04-03 00:00:00+00:00,2026-04-06 00:00:00+00:00,583.52,583.403296,601.5,601.6203,0.826096502656608,481.9474224639378,0.4894719241105786,0.19578817551568448,-15.53847521739209,-0.032241017366484145,3,ret40 > 0,-0.0672783363437286
DOGE,short,2026-03-27 00:00:00+00:00,2026-04-06 00:00:00+00:00,0.09205,0.09203159000000001,0.09239,0.092408478,5147.605519031555,473.74232060924925,0.47471235598367767,0.18988487238602986,-2.4147831048404003,-0.005097250129004528,10,ret40 > 0,-0.17101945244956762
DOT,short,2026-03-27 00:00:00+00:00,2026-04-06 00:00:00+00:00,1.321,1.3207358,1.245,1.245249,358.6204265838193,473.64283600052187,0.46010728179179816,0.18404400292277318,26.61100113565564,0.0561836876080742,10,ret40 > 0,-0.07037297677691767
AVAX,short,2026-04-07 00:00:00+00:00,2026-04-08 00:00:00+00:00,8.9,8.89822,9.43,9.431885999999999,53.44864772856263,475.59782619125053,0.4898596892106061,0.1959427425728603,-29.013585727921622,-0.06100445403687461,1,ret40 > 0,-0.06309148264984221
SOL,short,2026-04-07 00:00:00+00:00,2026-04-09 00:00:00+00:00,80.03,80.013994,82.56,82.576512,5.9443492131228295,475.6311222727148,0.48324737320117134,0.1932983477123047,-15.715749230114241,-0.03304188581062454,2,ret40 > 0,-0.09118782648194412
XRP,short,2026-03-27 00:00:00+00:00,2026-04-11 00:00:00+00:00,1.3608,1.36052784,1.3559,1.35617118,348.15604744646015,473.67599521526995,0.4729175964524359,0.18916710681952215,1.0438799292156633,0.002203784738429176,15,ret40 > 0,-0.09838346362793171
DOGE,short,2026-04-07 00:00:00+00:00,2026-04-11 00:00:00+00:00,0.0906,0.09058188,0.09369,0.093708738,5251.209410592946,475.66442068520104,0.48387431376279494,0.19354907645563862,-16.903660468950612,-0.035536945236729414,4,ret40 > 0,-0.10242694403169883
SOL,short,2026-04-13 00:00:00+00:00,2026-04-16 00:00:00+00:00,81.54,81.52369200000001,84.9,84.91698000000001,5.772826569779257,470.6221352441007,0.48041656680675726,0.19216585085480542,-20.06927969211986,-0.04264414737252083,3,ret40 > 0,-0.06255030470277101
BNB,short,2026-04-13 00:00:00+00:00,2026-04-17 00:00:00+00:00,592.19,592.0715620000001,635.77,635.897154,0.7949293855510432,470.65508298290644,0.48807420844289173,0.1952282976562421,-35.326325128413536,-0.07505777883991649,4,ret40 > 0,-0.06529768293452853
ADA,short,2026-03-27 00:00:00+00:00,2026-04-17 00:00:00+00:00,0.2547,0.25464906,0.2591,0.25915182,1860.2430998624473,473.7091567514583,0.4778972708616266,0.19115858094182703,-8.85412549119825,-0.01869105835301334,21,ret40 > 0,-0.1366101694915255
LINK,short,2026-04-26 00:00:00+00:00,2026-04-28 00:00:00+00:00,9.35,9.34813,9.32,9.321864,48.89320555942485,457.06004168622616,0.45641792721761426,0.18256722955887683,0.827811010006223,0.0018111646928315802,2,ret40 > 0,-0.058467741935483875
XRP,short,2026-04-26 00:00:00+00:00,2026-05-02 00:00:00+00:00,1.4238,1.42351524,1.3858,1.38607716,321.10091069889575,457.0920399577571,0.45108133916634807,0.18043302373992143,11.570320243651778,0.025312889379392974,6,ret40 > 0,-0.07725210628645496
AVAX,short,2026-04-20 00:00:00+00:00,2026-05-02 00:00:00+00:00,9.0,8.9982,9.09,9.091818,51.149387041569334,460.25241447744924,0.462646666135478,0.18505848231636995,-5.2511499821930805,-0.011409282856571236,12,ret40 > 0,-0.05561385099685201
BNB,short,2026-04-25 00:00:00+00:00,2026-05-06 00:00:00+00:00,636.21,636.082758,630.41,630.536082,0.7169921311245396,456.0663322299948,0.45407787070704614,0.1816313146250076,3.522845175190325,0.007724414029785803,11,ret40 > 0,-0.05574602609198975
ADA,short,2026-04-20 00:00:00+00:00,2026-05-06 00:00:00+00:00,0.2424,0.24235152000000001,0.2619,0.26195238000000004,1899.2438596774348,460.2846362434931,0.4788980427431916,0.19155773568708157,-37.70571104214028,-0.08191824812982407,16,ret40 > 0,-0.07516215185043873
AVAX,short,2026-05-04 00:00:00+00:00,2026-05-06 00:00:00+00:00,9.08,9.078184,9.4,9.40188,51.030556914864064,463.2647852956083,0.47152397887116526,0.18860893835732223,-16.989911129985003,-0.03667429873639926,2,ret40 > 0,-0.05613305613305608
SOL,short,2026-04-25 00:00:00+00:00,2026-05-07 00:00:00+00:00,86.18,86.16276400000001,89.16,89.177832,5.29344974278005,456.0982609330182,0.46407831639755037,0.18563069557978662,-16.42418924546183,-0.036010199231770054,12,ret40 > 0,-0.06630552546045498
DOT,short,2026-04-07 00:00:00+00:00,2026-05-07 00:00:00+00:00,1.24,1.239752,1.318,1.3182636,383.7039354878013,475.6977214288726,0.49076032637959466,0.1963029333955808,-30.615970227823702,-0.06436013638211523,30,ret40 > 0,-0.253758268190018
BTC,long,2026-05-11 00:00:00+00:00,2026-05-12 00:00:00+00:00,82210.07,82226.512014,81745.66,81729.310868,0.005486952565821143,451.17297107374037,0.4498089115218534,0.17992346268093332,-3.177928015295803,-0.007043702125445803,1,close < EMA200,0.203934920497308
DOT,short,2026-05-20 00:00:00+00:00,2026-05-22 00:00:00+00:00,1.225,1.224755,1.292,1.2922584,368.1186672209632,450.85517827221076,0.46327980909265254,0.1853109370790077,-25.312541449976177,-0.05614339741417662,2,ret40 > 0,-0.05769230769230771
SOL,short,2026-05-27 00:00:00+00:00,2026-07-13 00:00:00+00:00,83.73,83.713254,76.92,76.935384,5.367645798171158,449.3430960843349,0.43115249337130973,0.17246245949521305,35.95005293267908,0.0800057978990998,47,ret40 > 0,-0.05985401459854012
BTC,short,2026-06-02 00:00:00+00:00,2026-07-15 00:00:00+00:00,71408.9,71394.61821999999,65043.99,65056.99879799999,0.006435220359073996,459.4401006976592,0.43904811193140064,0.17562088315649751,40.34492942058575,0.0878132521722027,43,ret40 > 0,-0.08658842749445728
ETH,short,2026-05-21 00:00:00+00:00,2026-07-15 00:00:00+00:00,2129.44,2129.0141120000003,1891.87,1892.2483739999998,0.21133731771366476,449.9401318046199,0.42492141380691173,0.16997057381895414,49.6125145816095,0.11026470206741423,55,ret40 > 0,-0.05149551234939098
LINK,short,2026-05-28 00:00:00+00:00,2026-07-15 00:00:00+00:00,9.135,9.133173,8.346,8.3476692,49.65652636996693,453.52164591596994,0.43401895083676534,0.17360914749471446,38.57137120757241,0.08504857828708588,48,ret40 > 0,-0.05031185031185026
XRP,short,2026-05-27 00:00:00+00:00,2026-07-16 00:00:00+00:00,1.3293,1.3290341399999999,1.1132,1.11342264,338.1921711699432,449.46894136557825,0.41300988070847416,0.16520687561655575,72.50511143349969,0.16131284002230362,50,ret40 > 0,-0.08520302821748116
BNB,short,2026-06-06 00:00:00+00:00,2026-07-16 00:00:00+00:00,572.17,572.055566,580.56,580.676112,0.662112072369048,378.7648963145087,0.3816187801030151,0.15264728983639714,-6.089386357115717,-0.0160769554316337,40,ret40 > 0,-0.09994337485843707
ADA,short,2026-05-27 00:00:00+00:00,2026-07-16 00:00:00+00:00,0.2401,0.24005198000000003,0.1651,0.16513302,1872.2506548017109,449.43747674144726,0.3793039407829156,0.151727193065087,139.88776797628034,0.31125078618389246,50,ret40 > 0,-0.07333076032419916
XRP,short,2026-07-18 00:00:00+00:00,2026-07-21 00:00:00+00:00,1.0891,1.08888218,1.1124,1.11262248,479.70032291331444,522.3371333605537,0.5280312481485832,0.21121205217870792,-11.916260824207564,-0.02281335188165174,3,ret40 > 0,-0.05763239875389403
AVAX,short,2026-05-27 00:00:00+00:00,2026-07-21 00:00:00+00:00,9.14,9.138172,6.579,6.580315799999999,49.178983971845334,449.40601431996583,0.3865096297889232,0.15460888981065063,125.40625943229635,0.2790489122003833,55,ret40 > 0,-0.060637204522096644
AVAX,short,2026-07-24 00:00:00+00:00,2026-07-29 00:00:00+00:00,6.268,6.2667464,6.578,6.5793156,83.66429834297622,524.3029404493722,0.5373783818501849,0.21495031530276937,-26.688261183475625,-0.05090236793370168,5,ret40 > 0,-0.06712308379223109
BNB,short,2026-07-18 00:00:00+00:00,2026-07-31 00:00:00+00:00,568.09,567.9763820000001,591.99,592.108398,0.9197102523350682,522.3737016095791,0.533470932871936,0.21338749390570927,-22.727933457585753,-0.043508954198028436,13,ret40 > 0,-0.060138309840513604
ADA,short,2026-07-25 00:00:00+00:00,2026-07-31 00:00:00+00:00,0.164,0.1639672,0.1697,0.16973394,3197.3023193232466,524.2527088529387,0.5334717144414057,0.21338795679166406,-18.971482891375523,-0.036187667838445695,6,ret40 > 0,-0.10382513661202175
XRP,short,2026-07-25 00:00:00+00:00,2026-08-04 00:00:00+00:00,1.0919,1.0916816200000001,1.0758,1.07601516,480.1912933790061,524.2160090658887,0.5204545602208535,0.20818213333151248,7.002443129849634,0.013357934532231153,10,ret40 > 0,-0.07941994772784744
DOT,short,2026-05-27 00:00:00+00:00,2026-08-05 00:00:00+00:00,1.25,1.2497500000000001,0.857,0.8571713999999999,359.5715575923022,449.37455410097976,0.3787945047612771,0.15152345436932213,140.78130417464416,0.31328276799359883,70,ret40 > 0,-0.06019563581640319
ADA,short,2026-08-14 00:00:00+00:00,2026-08-17 00:00:00+00:00,0.1824,0.18236352,0.1749,0.17493498,2833.0682757554173,516.6483031670886,0.5061255226624984,0.20245105898546914,20.539435486517682,0.039755159091028794,3,ret40 > 0,-0.05046826222684708
SOL,short,2026-08-12 00:00:00+00:00,2026-08-20 00:00:00+00:00,76.3,76.28474,85.39,85.407078,6.751666759976536,515.0491433514525,0.5458446364753878,0.2183353996840926,-62.13683088434622,-0.12064252836150453,8,ret40 > 0,-0.05487427226557673
XRP,short,2026-08-12 00:00:00+00:00,2026-08-20 00:00:00+00:00,1.0228,1.02259544,1.1059,1.1061211800000001,503.70379255387815,515.0852013763017,0.5361213173832364,0.21444685264191998,-42.60835333125252,-0.08272098133940461,8,ret40 > 0,-0.05992096314676976
DOGE,short,2026-06-04 00:00:00+00:00,2026-08-20 00:00:00+00:00,0.09139,0.091371722,0.07504,0.07505500799999999,5387.90200929032,492.30188455611653,0.4483454564833088,0.1793417062812025,87.46451068913224,0.17766438324320966,77,ret40 > 0,-0.07152290968200758
AVAX,short,2026-08-12 00:00:00+00:00,2026-08-20 00:00:00+00:00,6.324,6.3227352,6.778,6.7793556,81.47697297197028,515.1573249993252,0.5337593489939503,0.21350225997572114,-37.73780733824415,-0.07325491749203719,8,ret40 > 0,-0.07029411764705884
DOT,short,2026-08-12 00:00:00+00:00,2026-08-22 00:00:00+00:00,0.79,0.789842,0.94,0.9401879999999999,652.1826668188495,515.1212619255338,0.5641477895383071,0.22565520271929418,-98.61720301508497,-0.19144463702867137,10,ret40 > 0,-0.06057007125890723
XRP,long,2026-08-22 00:00:00+00:00,2026-09-03 00:00:00+00:00,1.4543,1.45459086,1.3512,1.35092976,348.81642347441965,507.3851814037802,0.48930583432606817,0.19572089521145153,-36.647999989750176,-0.07222914923994493,12,close < EMA200,0.33947319948425103
DOT,long,2026-09-09 00:00:00+00:00,2026-09-10 00:00:00+00:00,1.246,1.2462492,1.122,1.1217756,412.81581233281764,514.4713758671242,0.48877904071812905,0.19550956872085296,-51.873449338708326,-0.10082864037144414,1,close < EMA200,0.6223958333333333
XRP,long,2026-09-04 00:00:00+00:00,2026-09-11 00:00:00+00:00,1.4512,1.45149024,1.3346,1.33433308,353.56593797554086,513.1975081679429,0.4924861175849677,0.19699279800247232,-41.91526728353552,-0.08167472876703608,7,close < EMA200,0.32203698642616385
XRP,long,2026-09-12 00:00:00+00:00,2026-09-14 00:00:00+00:00,1.3563,1.35657126,1.3413,1.34103174,368.0296420693995,499.25843525943424,0.49639893326766915,0.19855935248920642,-6.215402916797914,-0.012449269712525033,2,close < EMA200,0.24795289355046468
XRP,long,2026-09-15 00:00:00+00:00,2026-09-16 00:00:00+00:00,1.4231,1.42338462,1.2833,1.28304334,350.35328618484414,498.6874791219656,0.474102964804272,0.1896392267461245,-49.64313160019158,-0.09954757975395287,1,close < EMA200,0.33964040289936936
DOGE,long,2026-09-22 00:00:00+00:00,2026-09-24 00:00:00+00:00,0.09987,0.09988997399999999,0.09273,0.09271145400000001,5389.72523749097,538.3795138401168,0.5190343886342,0.20761221614807857,-39.20928480046777,-0.07282833724633846,2,close < EMA200,0.4329172047639547
ADA,long,2026-09-22 00:00:00+00:00,2026-09-24 00:00:00+00:00,0.2451,0.24514902,0.2384,0.23835232,535.4075967086093,131.2546476336708,0.1294351452273961,0.051773914601710394,-3.7684399577767946,-0.02871090681904414,2,close < EMA200,0.3422782037239869
DOT,long,2026-09-22 00:00:00+00:00,2026-09-24 00:00:00+00:00,1.206,1.2062412,1.102,1.1017796000000002,446.35948506065057,538.4172008909412,0.5151034878986355,0.20603953830397442,-47.14252947251021,-0.08755762147736275,2,close < EMA200,0.5594315245478036
DOT,long,2026-09-26 00:00:00+00:00,2026-09-29 00:00:00+00:00,1.213,1.2132426,1.182,1.1817636,67.23865161250826,81.57679650285372,0.08051849374579864,0.03220731412238448,-2.1971240078559484,-0.02693319794408804,3,close < EMA200,0.5981554677206853
LINK,long,2026-08-21 00:00:00+00:00,2026-09-29 00:00:00+00:00,10.693,10.6951386,14.607,14.6040786,46.50936852095943,497.42414253013806,0.5883253080232976,0.235337404716068,181.21400567829582,0.36430480586759295,39,end_of_data (closed at final close),0.35085281111813016
ETH,long,2026-08-21 00:00:00+00:00,2026-09-29 00:00:00+00:00,2326.83,2327.295366,2677.98,2677.4444040000003,0.21371989653566806,497.38932482945967,0.5348062329161716,0.21392549507605363,74.29900994050762,0.14937797461974597,39,end_of_data (closed at final close),0.30152816932921644
BTC,long,2026-08-21 00:00:00+00:00,2026-09-29 00:00:00+00:00,73027.02,73041.625404,83663.66,83646.927268,0.0068091927967781005,497.35450956588113,0.5334612820958842,0.21338740991569172,71.68008377791023,0.1441227180999658,39,end_of_data (closed at final close),0.14425406226985693
BNB,long,2026-08-21 00:00:00+00:00,2026-09-29 00:00:00+00:00,654.8,654.9309599999999,758.66,758.5082679999999,0.7593467512044808,497.3196967392317,0.5366452429033847,0.21466125179149503,78.11444708540252,0.15707088940489247,39,end_of_data (closed at final close),0.13947620290611673
SOL,long,2026-08-22 00:00:00+00:00,2026-09-29 00:00:00+00:00,93.72,93.738744,119.15,119.12617,5.412379607627523,507.34966647021685,0.5760528598564932,0.2304266494151444,136.83033391269632,0.26969631194333055,38,end_of_data (closed at final close),0.218408736349454
XRP,long,2026-09-19 00:00:00+00:00,2026-09-29 00:00:00+00:00,1.3964,1.39667928,1.4906,1.4903018799999999,364.8126961173533,509.52633374804384,0.5266036903098021,0.21064285073818212,33.628109433206646,0.06599876631663054,10,end_of_data (closed at final close),0.3557626954073212
AVAX,long,2026-09-20 00:00:00+00:00,2026-09-29 00:00:00+00:00,10.093,10.0950186,11.436,11.4337128,50.59312701812765,510.73855828016116,0.5446029211296766,0.21784388631461044,67.18412277790115,0.13154307950457872,9,end_of_data (closed at final close),0.5683654443753883
ADA,long,2026-09-25 00:00:00+00:00,2026-09-29 00:00:00+00:00,0.2477,0.24774954,0.2445,0.2444511,2091.700397130423,518.2178112068796,0.5147681370779242,0.20590698709347166,-7.414116394988767,-0.014306950156193978,4,end_of_data (closed at final close),0.4033994334277622
DOGE,long,2026-09-25 00:00:00+00:00,2026-09-29 00:00:00+00:00,0.09578,0.095799156,0.09389,0.093871222,5409.040743872022,518.1815380325519,0.5129674012538038,0.20518655157798438,-10.941240958749924,-0.021114686949851542,4,end_of_data (closed at final close),0.3760953885935927
