coin,side,entry_time,exit_time,entry_ref,entry_fill,exit_ref,exit_fill,stop0,qty,notional,fees,slippage,pnl,ret,r_mult,exit_type,bars
BTC,long,2025-09-29 17:10:00+00:00,2025-09-30 08:30:00+00:00,113850.02,113878.482505,113435.44755706568,113350.37097139788,113435.44755706568,0.00017562580357638564,20.0,0.35916524988779847,0.019940394035865817,-0.4519152623546303,-0.022595763117731517,-6.206807178684928,stop,184
BTC,short,2025-09-30 11:55:00+00:00,2025-09-30 13:35:00+00:00,113090.85,113062.57728750001,113384.80651112103,113469.84511600438,113384.80651112103,0.00017649348663813542,19.954808473764537,0.35983347359919615,0.019998709480546183,-0.43171359264747383,-0.021634564582018748,-8.321161592263003,stop,20
BTC,long,2025-10-01 00:30:00+00:00,2025-10-01 08:40:00+00:00,114034.26,114062.768565,115489.73361851844,115460.86118511381,113743.1652762963,0.00017456736641591257,19.91163711449979,0.3606060201812853,0.010016849773813402,-0.11654467348249523,-0.005853093485599263,-2.293480414701029,target_R5,98
BTC,long,2025-10-01 11:15:00+00:00,2025-10-01 16:35:00+00:00,116449.97,116479.0824925,118098.31186519227,118068.78728722598,116120.30162696155,0.00017084597698846814,19.89998264715154,0.36064403966773156,0.010017907591556437,-0.08904937088952092,-0.004474846660344568,-1.5810616847700012,target_R5,64
BTC,long,2025-10-01 17:05:00+00:00,2025-10-01 17:40:00+00:00,117750.01,117779.4475025,117301.89835091957,117213.92192715638,117301.89835091957,0.0001688841146044634,19.89107771006259,0.3571798242064238,0.01982934697919332,-0.45268811028451106,-0.022758350094600612,-5.981692075426138,stop,7
BTC,long,2025-10-01 20:20:00+00:00,2025-10-02 00:00:00+00:00,117340.0,117369.335,119163.5131882043,119133.72230990726,116975.29736235914,0.00016908853491445734,19.84580889903414,0.3599095991698994,0.009997508136779446,-0.061571933916021615,-0.0031025157114668283,-0.9984578346825626,target_R5,44
BTC,long,2025-10-02 00:25:00+00:00,2025-10-02 00:55:00+00:00,119088.0,119117.77200000001,118518.75516301804,118429.86609664577,118518.75516301804,0.00016655492604111615,19.839651705642538,0.3560825636498579,0.01976358513359544,-0.47065668050627113,-0.02372303140646431,-4.964181425353187,stop,6
BTC,long,2025-10-02 12:05:00+00:00,2025-10-02 15:00:00+00:00,118946.57,118976.30664250001,118720.13035790726,118631.09026013882,118720.13035790726,0.00016635737480963052,19.79258603759191,0.3557496850566564,0.019759386699503063,-0.4131789761675419,-0.02087544171250761,-10.968410528875529,stop,35
BTC,long,2025-10-02 17:35:00+00:00,2025-10-03 15:50:00+00:00,119604.62,119634.52115500001,122148.56320197257,122118.02606117209,119095.83135960548,0.00016509672918224965,19.751268139975153,0.35921299335180645,0.009978164954011975,0.0508055435652735,0.002572267421272395,0.6048326491486006,target_R5,267
BTC,long,2025-10-03 17:10:00+00:00,2025-10-03 17:50:00+00:00,122815.99,122846.69399750001,121686.25941916075,121594.99472459637,121686.25941916075,0.00016082116702899414,19.75634869433168,0.3538025788574308,0.019615147398794757,-0.5551023166951381,-0.028097414420226507,-3.055307637010521,stop,8
BTC,long,2025-10-04 06:35:00+00:00,2025-10-04 07:40:00+00:00,122624.0,122654.65600000002,122374.19722913542,122282.41658121356,122374.19722913542,0.0001606203882114525,19.700838462662166,0.3540769891683412,0.01966582192052023,-0.4138662291214271,-0.021007543912702157,-10.314829827945298,stop,13
BTC,long,2025-10-05 00:00:00+00:00,2025-10-05 00:50:00+00:00,122458.55,122489.16463750001,122300.78876661179,122209.06317503683,122300.78876661179,0.0001604995176343238,19.659451839750023,0.35346552776897433,0.01963554775380463,-0.3984216773829832,-0.020266164114372848,-15.735079267968457,stop,10
BTC,long,2025-10-05 03:25:00+00:00,2025-10-05 09:40:00+00:00,123649.41,123680.3223525,123009.47203382455,122917.21492979919,123009.47203382455,0.00015863161818170296,19.619609672011723,0.35206349740842546,0.019538570199180524,-0.47311646271792557,-0.02411446866819415,-4.660584956485944,stop,75
BTC,short,2025-10-05 16:00:00+00:00,2025-10-05 16:05:00+00:00,122835.87,122805.1610325,123130.0171000006,123222.3646128256,123130.0171000006,0.00015937683612955145,19.57229802573993,0.3528997977432066,0.01961235249943718,-0.419392384397422,-0.021427856036417926,-8.94603860153024,stop,1
BTC,short,2025-10-05 19:30:00+00:00,2025-10-05 22:20:00+00:00,122869.07,122838.3527325,123239.8267454641,123332.2566155232,123239.8267454641,0.00015899235338844573,19.530358787300187,0.3522532006377893,0.019579453213572975,-0.4307801413473398,-0.022056949697588705,-7.307862635820321,stop,34
BTC,long,2025-10-06 00:15:00+00:00,2025-10-06 00:50:00+00:00,123569.48,123600.37237000001,123275.56019277543,123183.10352263084,123275.56019277543,0.000157663608931775,19.487280773165452,0.3501789609056389,0.01944765482746856,-0.4159670732766637,-0.021345567815159845,-8.976326418134484,stop,7
BTC,long,2025-10-06 03:15:00+00:00,2025-10-06 05:00:00+00:00,124065.33,124096.34633250002,123534.55024612139,123441.8993334368,123534.55024612139,0.00015669828033240888,19.44568406583779,0.349099356711183,0.019378444653874727,-0.45165007603309526,-0.023226237477886155,-5.430296067238147,stop,21
BTC,long,2025-10-06 07:10:00+00:00,2025-10-06 07:40:00+00:00,123954.02,123985.00850500002,123589.61986895897,123496.92765405725,123589.61986895897,0.00015647471651745787,19.40051905823448,0.34852199223312075,0.01935290558529907,-0.4248943050219909,-0.02190118232128671,-7.451748902001573,stop,6
BTC,long,2025-10-06 10:15:00+00:00,2025-10-06 16:55:00+00:00,124003.89,124034.89097250001,125509.90811032451,125478.53063329693,123702.6863779351,0.00015606922758552012,19.35802962773228,0.3504723028401326,0.009735356435753389,-0.12516457606773473,-0.006465770456742364,-2.662587946842293,target_R5,80
BTC,long,2025-10-06 18:45:00+00:00,2025-10-06 21:15:00+00:00,125529.71,125561.09242750001,125053.06525658796,124959.27545764552,125053.06525658796,0.00015407251399390112,19.345513170125507,0.34738472598067205,0.01928559961020154,-0.4401081794903459,-0.02274988394569895,-5.992933563837546,stop,30
BTC,short,2025-10-07 02:55:00+00:00,2025-10-07 12:45:00+00:00,124476.25,124445.1309375,124837.50774908866,124931.13587990048,124837.50774908866,0.00015510050258109537,19.30150235217647,0.3481054588365853,0.019348352378244546,-0.4234850696597965,-0.02194052369255306,-7.558014604932341,stop,118
BTC,long,2025-10-07 13:10:00+00:00,2025-10-07 13:35:00+00:00,124919.45,124950.67986250001,124555.88005925265,124462.46314920821,124555.88005925265,0.00015413404606044498,19.25915384521049,0.3459875118574228,0.019212311380652478,-0.4212383292314197,-0.021872109886913665,-7.516944318277324,stop,5
BTC,short,2025-10-07 15:30:00+00:00,2025-10-08 10:40:00+00:00,122164.03,122133.4889925,123042.24891800448,123134.53060469299,123042.24891800448,0.00015734447751236712,19.217030012287353,0.34732411554612014,0.019325472643752,-0.5048324849847635,-0.026270057582361794,-3.653364466183539,stop,230
BTC,long,2025-10-08 11:10:00+00:00,2025-10-08 12:25:00+00:00,123103.35,123134.12583750002,122699.03378062927,122607.0095052938,122699.03378062927,0.0001556558479091568,19.166546763788876,0.34425940309147285,0.019114555686746897,-0.4263081427277968,-0.02224230311185819,-6.773872575663414,stop,15
BTC,long,2025-10-08 14:20:00+00:00,2025-10-08 14:35:00+00:00,123118.08,123148.85952000001,122345.94813690968,122254.18867580699,122345.94813690968,0.00015529105201668775,19.123915949516096,0.3429800777018592,0.019029207288490994,-0.48191445430525204,-0.025199569773127255,-4.019129926247138,stop,3
BTC,long,2025-10-08 16:45:00+00:00,2025-10-09 02:05:00+00:00,122743.83,122774.51595750001,122167.04583687481,122075.42055249715,122167.04583687481,0.00015537201963548264,19.07572450408557,0.34238546228860156,0.019003744674658034,-0.45100532728178266,-0.023642893730468163,-5.032636156070716,stop,112
BTC,short,2025-10-09 03:15:00+00:00,2025-10-09 10:40:00+00:00,121842.54,121812.079365,122312.20984572142,122403.94400310572,122312.20984572142,0.00015622936633676268,19.030623971357393,0.34338343122074866,0.019090414983850886,-0.43585006858914244,-0.02290256321837537,-5.939936050468531,stop,89
BTC,short,2025-10-09 17:30:00+00:00,2025-10-09 18:00:00+00:00,120327.49,120297.4081275,121126.9295946177,121217.77479181367,121126.9295946177,0.0001578341483831025,18.987038964498478,0.3430740889589319,0.019086421061927823,-0.4883393776210764,-0.025719617394484834,-3.8702152500553737,stop,6
BTC,long,2025-10-10 01:55:00+00:00,2025-10-10 02:05:00+00:00,121709.12,121739.54728,121418.73883262015,121327.67477849568,121418.73883262015,0.00015556329434328063,18.93820502673637,0.34031104029260384,0.018899592170562512,-0.40438328347602315,-0.021352777779368604,-8.951949341227063,stop,2
BTC,short,2025-10-10 03:05:00+00:00,2025-10-10 03:20:00+00:00,120999.94,120969.690015,121388.6038411916,121479.64529407248,121388.6038411916,0.00015621902226950802,18.897766698388768,0.34087678300687874,0.018948029835415835,-0.4205414981047564,-0.022253502480830814,-6.926292110428444,stop,3
BTC,short,2025-10-10 19:30:00+00:00,2025-10-10 19:40:00+00:00,116054.15,116025.1364625,116900.747737443,116988.42329824608,116900.747737443,0.0001625140303512814,18.855712548578293,0.34081175450896206,0.018963615663289638,-0.4973593805703908,-0.02637711936311266,-3.6149504519539564,stop,2
BTC,short,2025-10-11 09:15:00+00:00,2025-10-11 11:25:00+00:00,111661.39,111633.47465250001,112431.82997411708,112516.15384659766,112431.82997411708,0.00016846180475042752,18.805976610521256,0.3398458585598627,0.01890802156170813,-0.4885435886132065,-0.025978102532568517,-3.7641165412178332,stop,26
BTC,short,2025-10-12 00:40:00+00:00,2025-10-12 02:30:00+00:00,110102.69,110075.16432750001,110700.72849304376,110783.75403941354,110700.72849304376,0.00017040285486972335,18.757122251659933,0.33871491191845116,0.01883824330473742,-0.45946062175983204,-0.024495261884811333,-4.5086060656274,stop,22
BTC,long,2025-10-12 10:50:00+00:00,2025-10-12 13:55:00+00:00,111725.47,111753.40136750002,111332.36645619849,111248.86718135634,111332.36645619849,0.0001674327220515859,18.71117618948395,0.336040891621324,0.01865713576730553,-0.4205164237754412,-0.022474077498761392,-6.389040858791,stop,37
BTC,long,2025-10-12 16:35:00+00:00,2025-10-14 05:35:00+00:00,113748.19,113776.6270475,112712.82727841476,112628.29265795594,112712.82727841476,0.00016408576200200003,18.669124547106406,0.3343484139378423,0.01853704222165932,-0.5227737372792814,-0.028002048835241607,-3.0771618491489687,stop,444
BTC,short,2025-10-14 07:00:00+00:00,2025-10-14 15:50:00+00:00,112053.02,112025.006745,112785.02232571474,112869.61109245903,112785.02232571474,0.00016618474494498885,18.61684717337848,0.3363664923433698,0.01871273826386419,-0.47672685040527685,-0.02560728172528491,-3.918916384855949,stop,106
BTC,long,2025-10-15 02:50:00+00:00,2025-10-15 03:05:00+00:00,113103.35,113131.62583750002,112555.6950886665,112471.27831734999,112555.6950886665,0.00016413778508770255,18.569174488337953,0.33326964897597294,0.018497115206898507,-0.44165762832155525,-0.023784451408915924,-4.913264907990706,stop,3
BTC,long,2025-10-15 09:05:00+00:00,2025-10-15 09:20:00+00:00,113059.6,113087.86490000002,112584.07520322182,112499.6371468194,112584.07520322182,0.00016381075672342805,18.5250087255058,0.33258293475873624,0.018461956573249075,-0.4289409681329751,-0.023154697225183814,-5.506579865746525,stop,3
BTC,short,2025-10-15 11:50:00+00:00,2025-10-16 09:35:00+00:00,112078.02,112050.000495,109580.60231429987,109607.99746487846,112577.50353714003,0.00016494524361485594,18.482114628692504,0.32905289225406054,0.00914038386424298,0.07374389245755406,0.003990013801941828,0.8950866549928018,target_R5,261
BTC,long,2025-10-16 12:20:00+00:00,2025-10-16 13:20:00+00:00,111591.52,111619.41788000001,110984.44430208021,110901.20596885365,110984.44430208021,0.00016564760298083594,18.48948901793826,0.33174007158926555,0.0184094473253474,-0.45071015310294427,-0.02437656079438816,-4.481974052180778,stop,12
BTC,short,2025-10-16 23:55:00+00:00,2025-10-17 00:25:00+00:00,108067.06,108040.043235,108517.25943127608,108598.64737584954,108517.25943127608,0.00017071835081099656,18.444418002627966,0.3328577998464416,0.018506673238525593,-0.42822177752846813,-0.02321687664351648,-5.5716471014574935,stop,6
BTC,short,2025-10-17 08:40:00+00:00,2025-10-17 11:15:00+00:00,105306.59,105280.2633525,106243.27306423703,106322.95551903521,106243.27306423703,0.0001747867571651373,18.40159582487512,0.33286896389034376,0.018528987220686122,-0.515117746400525,-0.02799310186479551,-3.146337591551931,stop,31
BTC,long,2025-10-18 02:25:00+00:00,2025-10-18 02:45:00+00:00,106974.47,107001.2136175,106628.48517196527,106548.51380808628,106628.48517196527,0.00017149416749450696,18.350084050235065,0.3296027945117682,0.01830099689078126,-0.4072381714520966,-0.022192714231566688,-6.863443607433536,stop,4
BTC,long,2025-10-18 07:30:00+00:00,2025-10-18 07:55:00+00:00,107119.11,107145.88977750001,106773.81583655631,106693.73547467889,106773.81583655631,0.00017088252541568527,18.30936023308986,0.32887309677332466,0.018260530483087307,-0.4061383659169655,-0.022182007494885924,-6.883148288367579,stop,5
BTC,long,2025-10-18 12:55:00+00:00,2025-10-18 14:05:00+00:00,107084.67,107111.4411675,106810.50964927005,106730.4017670331,106810.50964927005,0.0001705583100868715,18.26874639649816,0.3282525302109855,0.018229110106827057,-0.39324196643113585,-0.021525394129206062,-8.409735327296843,stop,14
BTC,short,2025-10-18 17:00:00+00:00,2025-10-18 17:25:00+00:00,106685.32,106658.64867000001,106987.61437895156,107067.85508973578,106987.61437895156,0.00017091368048602004,18.229422199855048,0.32875905037487074,0.018272730378701304,-0.3986980256504181,-0.021871127964417238,-7.716798974774273,stop,5
BTC,long,2025-10-18 20:20:00+00:00,2025-10-19 00:40:00+00:00,107070.31,107097.07757750001,106819.09989115963,106738.98556624126,106819.09989115963,0.00016984172499130305,18.189552397290004,0.32686457246713996,0.018153006677089075,-0.38768353736493083,-0.021313528167009235,-9.086483780805466,stop,52
BTC,long,2025-10-19 04:25:00+00:00,2025-10-19 05:50:00+00:00,107081.83,107108.60045750001,106835.91524499364,106755.78830855989,106835.91524499364,0.00016946149950634098,18.15078404355351,0.3261760201017322,0.01811499266933489,-0.38596409590518005,-0.021264320867850347,-9.261712042352713,stop,17
BTC,short,2025-10-19 09:25:00+00:00,2025-10-19 09:40:00+00:00,106271.76,106245.19206,106683.84711686232,106763.86000219997,106683.84711686232,0.00017047536253437682,18.112187633962993,0.3268151583606673,0.01816940483864819,-0.41523526384216686,-0.022925737753706803,-5.910763309723959,stop,3
BTC,long,2025-10-19 14:45:00+00:00,2025-10-20 00:20:00+00:00,108286.95,108314.0217375,107819.7742337412,107738.9094030659,107819.7742337412,0.00016683587053367097,18.070664107578775,0.3244084096336882,0.01800769131394503,-0.4203577766036536,-0.023261888666690284,-5.393235044866332,stop,115
BTC,long,2025-10-20 08:45:00+00:00,2025-10-20 09:15:00+00:00,111330.63,111358.46265750001,110872.43630343559,110789.28197620802,110872.43630343559,0.00016189724516373953,18.028628329918412,0.3236859708798171,0.01796848707642589,-0.4158347551814118,-0.023065246427612922,-5.605730507107247,stop,6
BTC,long,2025-10-20 20:05:00+00:00,2025-10-21 00:05:00+00:00,110879.05,110906.76976250001,110369.8388073464,110287.0614282409,110369.8388073464,0.00016218166747546984,17.98704485440027,0.3228622594002175,0.01792061067685628,-0.42336759039880767,-0.023537362241871373,-5.126463936058035,stop,48
BTC,short,2025-10-21 05:50:00+00:00,2025-10-21 10:45:00+00:00,107697.06,107670.135735,108354.4128594024,108435.67866904695,108354.4128594024,0.00016666374545608713,17.94470809536039,0.32415303999074835,0.018031363061433724,-0.451741292686454,-0.02517406749030662,-4.12334901250372,stop,59
BTC,short,2025-10-21 23:30:00+00:00,2025-10-23 06:15:00+00:00,109172.22,109144.926945,109983.32219808052,110065.80968972908,109983.32219808052,0.00016399785557703132,17.899533966091745,0.32355081654801254,0.018003774234437896,-0.47457361192147274,-0.02651318256779693,-3.5677124057730136,stop,369
BTC,long,2025-10-23 17:30:00+00:00,2025-10-23 20:55:00+00:00,110248.0,110275.562,109602.1473283618,109519.94571786553,109602.1473283618,0.00016188606325034732,17.852076604899597,0.32023646518100923,0.017769198791386144,-0.4425602104236234,-0.02479040507266031,-4.2328165100889805,stop,41
BTC,long,2025-10-23 23:55:00+00:00,2025-10-24 07:05:00+00:00,110068.9,110096.417225,111565.43799878847,111537.54663928878,109769.5924002423,0.00016174750307690802,17.807820583857236,0.32263866226877724,0.008962200191852756,-0.08953957789688047,-0.005028104223941248,-1.8495229019843364,target_R5,86
BTC,short,2025-10-24 16:25:00+00:00,2025-10-24 19:05:00+00:00,110221.79,110194.2345525,110816.82943863762,110899.94206071661,110816.82943863762,0.00016152266675610518,17.798866626067547,0.3214054890973084,0.017875401723147645,-0.4353932477742616,-0.024461852370790908,-4.530044435217882,stop,32
BTC,long,2025-10-25 01:50:00+00:00,2025-10-26 09:20:00+00:00,111057.05,111084.81426250002,112353.18927681952,112325.10097950032,110797.8221446361,0.00015983577430604714,17.75532730129012,0.32138007111318134,0.00892723714567999,-0.12313788333993311,-0.006935264061901343,-2.971912563548427,target_R5,378
BTC,long,2025-10-26 09:50:00+00:00,2025-10-26 22:00:00+00:00,112432.71,112460.81817750001,114438.30882429553,114409.69924708946,112031.5902351409,0.00015777062447608944,17.74301351295613,0.32214152888361913,0.00894839557885848,-0.014665345504862454,-0.0008265419791375163,-0.2317352456179908,target_R5,146
BTC,long,2025-10-26 22:30:00+00:00,2025-10-28 02:45:00+00:00,114394.29,114422.8885725,113660.19666045376,113574.95151295842,113660.19666045376,0.0001550524305035731,17.741546978405644,0.3181645732933378,0.017651745482846898,-0.449639275289313,-0.025343859576427995,-3.950339097345898,stop,339
BTC,short,2025-10-28 03:40:00+00:00,2025-10-28 07:45:00+00:00,113891.25,113862.7771875,114327.5472922392,114413.29295270838,114327.5472922392,0.00015542026541066542,17.69658305087671,0.31930854667285374,0.017751865383670847,-0.40486985301429457,-0.02287841962769399,-5.970700352277455,stop,49
BTC,short,2025-10-28 23:15:00+00:00,2025-10-29 07:25:00+00:00,113048.71,113020.4478225,113478.36847822629,113563.47725458496,113478.36847822629,0.0001562203690194574,17.65609606557528,0.31857321950477363,0.0177108522478893,-0.4034054777735109,-0.022847943071630933,-6.010086821605211,stop,98
BTC,short,2025-10-29 18:05:00+00:00,2025-10-30 04:25:00+00:00,111610.0,111582.0975,108580.88947930548,108608.03470167531,112215.8221041389,0.00015787259706063448,17.61575551779793,0.31285789216022625,0.008690526892797111,0.1566651256327115,0.008893466162971337,1.6380247629295646,target_R5,124
BTC,short,2025-10-30 10:40:00+00:00,2025-10-30 13:35:00+00:00,110084.73,110057.2088175,107887.20602303883,107914.1778245446,110524.23479539223,0.00016020233676467417,17.6314220303612,0.31427572939102644,0.008729903375004995,0.029042843439547272,0.0016472207057114097,0.41248358397364154,target_R5,35
BTC,short,2025-10-30 14:00:00+00:00,2025-10-31 00:00:00+00:00,107623.99,107597.0840025,108436.0746406709,108517.4016966514,108436.0746406709,0.00016389223256547942,17.634326314705156,0.31877536995876865,0.017738556772299355,-0.46960829152275496,-0.026630350552782473,-3.5283859858211417,stop,120
BTC,long,2025-10-31 02:20:00+00:00,2025-10-31 02:50:00+00:00,109202.98,109230.28074500001,108603.44110712706,108521.98852629671,108603.44110712706,0.0001610118125267012,17.58736548555288,0.315546188014564,0.017510570110253053,-0.4295896019465404,-0.02442603483161968,-4.450191094959406,stop,6
BTC,long,2025-10-31 05:25:00+00:00,2025-10-31 07:50:00+00:00,109775.54,109802.98388500001,109225.46506671666,109143.54596791662,109225.46506671666,0.0001597807810371803,17.544406525358223,0.31485102790751396,0.017474102968128298,-0.4202165333446286,-0.023951595782807398,-4.781088042063131,stop,29
BTC,long,2025-10-31 09:45:00+00:00,2025-10-31 11:25:00+00:00,109932.2,109959.68305,109450.71924049339,109368.63120106302,109450.71924049339,0.00015917092871271026,17.502384872023764,0.31419622325101376,0.01744053206469661,-0.40827449496367835,-0.023326792202831407,-5.32732954858884,stop,20
BTC,long,2025-10-31 12:20:00+00:00,2025-10-31 12:40:00+00:00,110294.74,110322.31368500002,109728.37436303234,109646.07808226006,109728.37436303234,0.0001582776578851025,17.461557422527395,0.31334473671907126,0.01738996085435444,-0.4203777240992713,-0.024074469070951038,-4.689463758545338,stop,4
BTC,long,2025-10-31 15:10:00+00:00,2025-10-31 15:55:00+00:00,110963.98,110991.72099500001,110101.33099115871,110018.75499291535,110101.33099115871,0.0001569443152512446,17.419519650117465,0.3121770403554751,0.017313624965158633,-0.4648785233153937,-0.026687218284590235,-3.433679579548309,stop,9
BTC,short,2025-10-31 18:30:00+00:00,2025-10-31 19:25:00+00:00,109165.99,109138.6985025,109790.6086558124,109872.95161230426,109790.6086558124,0.00015918305822006817,17.373031797785924,0.31376649825988273,0.017451947672712364,-0.4306471537861192,-0.0247882556596139,-4.331215431468121,stop,11
BTC,long,2025-10-31 20:10:00+00:00,2025-11-02 16:00:00+00:00,109597.69,109625.08942250001,108966.68757368816,108884.9625580079,108966.68757368816,0.0001580839493376999,17.32996708240731,0.310886387883583,0.01725082215679446,-0.427888565633424,-0.024690673882918065,-4.289551385938772,stop,526
BTC,short,2025-11-02 20:40:00+00:00,2025-11-02 23:00:00+00:00,110028.02,110000.51299500001,110295.95170400261,110378.67366778062,110295.95170400261,0.00015715543278084298,17.28717822584397,0.3117040781029152,0.017323081293292526,-0.37113408229444617,-0.021468748539863403,-8.814087013467628,stop,28
BTC,short,2025-11-03 04:15:00+00:00,2025-11-04 05:45:00+00:00,107732.01,107705.0769975,104491.14033424745,104517.26311933102,108380.1839331505,0.00016016018277406667,17.250064817614525,0.3059061190366662,0.008497424636605938,0.2046547343405836,0.011863997990987541,1.9714042045883773,target_R5,306
BTC,short,2025-11-04 08:30:00+00:00,2025-11-04 18:20:00+00:00,104152.32,104126.28192000001,100213.96803471199,100239.02152672067,104939.99039305761,0.00016586139418977327,17.270530291048583,0.3050668273832025,0.008474119364706488,0.33967960102479555,0.01966816277788838,2.6000376303455695,target_R5,118
BTC,short,2025-11-05 11:15:00+00:00,2025-11-05 11:50:00+00:00,101542.0,101516.6145,102040.20926566405,102116.73942261329,102040.20926566405,0.0001704597649988718,17.30449825115106,0.3124016429002267,0.017372518933274437,-0.41469879617885474,-0.02396479748560579,-4.88313902527322,stop,7
BTC,long,2025-11-05 13:25:00+00:00,2025-11-06 14:55:00+00:00,102516.4,102542.0291,101995.31128832856,101918.81480486231,101995.31128832856,0.00016835075844557452,17.263028371533174,0.3097902432942521,0.0171929194332415,-0.41470884255480606,-0.02402294855974767,-4.727336891217695,stop,306
BTC,short,2025-11-06 16:10:00+00:00,2025-11-07 19:15:00+00:00,102061.92,102036.40452,102923.81769480539,103001.0105580765,102923.81769480539,0.00016877856063521055,17.221557487277693,0.3114532781391777,0.0173349663425247,-0.4742580968257621,-0.02753862983508414,-3.260181330933541,stop,325
BTC,long,2025-11-07 21:10:00+00:00,2025-11-08 00:35:00+00:00,103346.0,103371.8365,102707.35628143583,102630.32576422475,102707.35628143583,0.00016613936889469034,17.174131677595117,0.30802562306567904,0.017090261319529232,-0.4312197487360177,-0.025108678379272862,-4.0641285911159954,stop,41
BTC,short,2025-11-08 13:30:00+00:00,2025-11-08 23:30:00+00:00,102067.35,102041.83316250001,102445.14904928896,102521.98291107593,102445.14904928896,0.0001678822221415863,17.131009702721514,0.3090836521097521,0.017182862834041142,-0.389692258861401,-0.022747769432381597,-6.14407076356289,stop,120
BTC,short,2025-11-09 01:20:00+00:00,2025-11-09 11:20:00+00:00,101922.6,101897.11935000001,102254.01885766283,102330.70937180608,102254.01885766283,0.00016773821071552574,17.092040476835376,0.3083112951130135,0.017138008260110776,-0.38104090955486947,-0.022293471049948037,-6.8542885468920405,stop,120
BTC,long,2025-11-09 15:05:00+00:00,2025-11-10 00:45:00+00:00,103254.02,103279.83350500002,106438.99202131447,106412.38227330914,102617.02559573711,0.00016512358518717276,17.05393638587989,0.31162617409640975,0.0086563154834162,0.20563150930045432,0.01205771527743651,1.9549917832408237,target_R5,116
BTC,long,2025-11-10 05:30:00+00:00,2025-11-10 14:35:00+00:00,106216.14,106242.69403500001,105771.34025486746,105692.01174967631,105771.34025486746,0.00016071222300881235,17.074499536809938,0.30654447929436535,0.017016618411941232,-0.3950458535403095,-0.023136599271249662,-5.526295067128134,stop,109
BTC,short,2025-11-10 17:25:00+00:00,2025-11-10 17:55:00+00:00,105296.03,105269.7059925,105900.90712791377,105980.33280825971,105900.90712791377,0.0001618223855652221,17.034994951455907,0.307664867065362,0.017112666760006792,-0.4226601936382155,-0.024811289633055778,-4.318029306174852,stop,6
BTC,long,2025-11-10 19:25:00+00:00,2025-11-11 05:15:00+00:00,105604.04,105630.44101000001,105155.37567114066,105076.5091393873,105155.37567114066,0.00016086962024974778,16.992728932092085,0.30506712349063025,0.016934349466489994,-0.3941779331603291,-0.02319685877033521,-5.461308743190545,stop,118
BTC,short,2025-11-11 06:30:00+00:00,2025-11-11 11:40:00+00:00,104997.49,104971.24062750001,105477.93073073235,105557.0391787804,105477.93073073235,0.00016150434192672278,16.953311138776055,0.3060110815837045,0.017015745474445662,-0.40062009110987085,-0.023630787391942694,-5.163078213114388,stop,62
BTC,short,2025-11-11 20:30:00+00:00,2025-11-12 05:50:00+00:00,102921.93,102896.19951749999,103441.03338737276,103518.6141624133,103441.03338737276,0.0001643719516267319,16.913249129665065,0.3053592519231203,0.01698147302695038,-0.40766676182858064,-0.02410339720672309,-4.777753388558643,stop,112
BTC,long,2025-11-12 09:40:00+00:00,2025-11-12 14:45:00+00:00,104562.42,104588.560605,104056.35000819874,103978.3077456926,104056.35000819874,0.0001613224463161375,16.872482453482206,0.3028186568054657,0.01680703505032298,-0.4012661409403546,-0.023782282307695617,-4.915040833799303,stop,61
BTC,short,2025-11-12 22:30:00+00:00,2025-11-13 01:10:00+00:00,101680.96,101655.53976000001,102086.96839402233,102163.53362031786,102086.96839402233,0.0001655822779469561,16.832355839388168,0.3037394381341575,0.016886985826694477,-0.3878542187086541,-0.023042182711053717,-5.769253924863183,stop,32
BTC,short,2025-11-14 01:30:00+00:00,2025-11-14 12:40:00+00:00,99081.15,99056.3797125,94688.6111308216,94712.28328360432,99959.65777383567,0.00016953547531475263,16.793570417517305,0.2956559614393379,0.008212712138736353,0.4408224914466098,0.02624948003831214,2.9597671635596616,target_R5,134
BTC,short,2025-11-14 12:55:00+00:00,2025-11-14 14:35:00+00:00,95206.0,95182.1985,96172.80057065019,96244.93017107817,96172.80057065019,0.00017689917791363023,16.837652666661967,0.304769715230524,0.016970132802060976,-0.49276607418703144,-0.029265722719336827,-2.8812310560021084,stop,20
BTC,short,2025-11-14 18:20:00+00:00,2025-11-17 19:40:00+00:00,95976.64,95952.64584,91698.96454970479,91721.88929084223,96832.17509005904,0.00017496522281665585,16.788376059243266,0.29552865170562104,0.008209175991824857,0.4447066106007942,0.02648895932706664,2.9708725714625968,target_R5,880
BTC,short,2025-11-18 02:55:00+00:00,2025-11-18 14:30:00+00:00,91068.96,91046.19276,91860.66642548156,91929.56192530067,91860.66642548156,0.00018488248887765294,16.832846720303348,0.30446111637436724,0.016946835475103547,-0.4677806062529296,-0.027789750244009804,-3.1958196574310125,stop,139
BTC,long,2025-11-18 16:50:00+00:00,2025-11-18 21:50:00+00:00,93346.09,93369.4265225,92428.87303058624,92359.5513758133,92428.87303058624,0.0001797812119541398,16.786068659678055,0.30051522667406166,0.01665819940759078,-0.4820718044677606,-0.028718565033976597,-2.9234478178978422,stop,60
BTC,short,2025-11-19 06:20:00+00:00,2025-11-19 07:00:00+00:00,90479.89,90457.2700275,91078.15993713899,91146.46855709185,91078.15993713899,0.0001850361112395144,16.73786147923128,0.30242924616825206,0.016825073147961115,-0.4299558619559206,-0.025687622190530113,-3.8839193357518775,stop,8
BTC,short,2025-11-19 09:50:00+00:00,2025-11-19 12:55:00+00:00,91334.0,91311.1665,91791.82088781986,91860.66475348573,91791.82088781986,0.00018283487697023,16.694865893035686,0.3014117930847851,0.016761819872472748,-0.4018792386562041,-0.02407202556948057,-4.801101900863793,stop,37
BTC,short,2025-11-19 17:50:00+00:00,2025-11-19 21:20:00+00:00,89102.9,89080.624275,89947.28154720005,90014.74200836045,89947.28154720005,0.00018696184613340333,16.654677969170063,0.3013560028284763,0.016777243029519218,-0.47600037876349766,-0.028580581362463758,-3.015196196971712,stop,42
BTC,long,2025-11-20 02:15:00+00:00,2025-11-20 06:40:00+00:00,92588.01,92611.1570025,92010.41731161546,91941.40949863174,92010.41731161546,0.00017932048868415942,16.607077931293713,0.29784650771608895,0.016525246547139553,-0.4179459574047414,-0.02516673668503601,-4.03523217874729,stop,53
BTC,short,2025-11-20 14:35:00+00:00,2025-11-20 17:10:00+00:00,91206.36,91183.55841,86938.18301121131,86959.91755696412,92059.99539775774,0.00018166963018780968,16.565283335553243,0.29126933459360393,0.008090863312208232,0.4760379372235484,0.028737083911015992,3.0696355566042883,target_R5,31
BTC,short,2025-11-21 02:30:00+00:00,2025-11-21 07:30:00+00:00,86392.18,86370.581955,82738.05102010933,82758.73553286436,87123.00579597813,0.00019234427687347396,16.612887129275595,0.2927795064327672,0.008132807995751135,0.4019384818109568,0.024194378658159422,2.8593442873045305,target_R5,60
BTC,short,2025-11-21 16:45:00+00:00,2025-11-21 16:55:00+00:00,83265.23,83244.41369249999,84566.43364238585,84629.85846761764,84566.43364238585,0.00020005043268095084,16.653080977456693,0.3022498870346811,0.016852475052529365,-0.5794087137525293,-0.03479288394363037,-2.225872361722033,stop,2
BTC,long,2025-11-22 23:15:00+00:00,2025-11-23 14:00:00+00:00,84990.81,85012.05770250001,87109.78114333827,87088.00369805245,84567.01577133234,0.0001952092509530376,16.595140106081438,0.3023597166747626,0.008398906871417589,0.10288414613598637,0.006199655168821597,1.2436352533738246,target_R5,177
BTC,long,2025-11-23 16:30:00+00:00,2025-11-23 17:00:00+00:00,87024.21,87045.9660525,86584.72526148167,86519.78671753555,86584.72526148167,0.00019076620403844804,16.60542852069504,0.2979943182631389,0.016538399074671296,-0.3983715526377835,-0.023990440965814305,-4.751635100993707,stop,6
BTC,long,2025-11-23 18:35:00+00:00,2025-11-24 00:05:00+00:00,86996.63,87018.3791575,86524.96915329463,86460.07542642966,86524.96915329463,0.00019036887983684642,16.56559136543126,0.2972240916747293,0.016494108842394155,-0.40350774756732405,-0.024358185510319652,-4.493927866032406,stop,66
BTC,long,2025-11-24 02:40:00+00:00,2025-11-24 04:20:00+00:00,87393.81,87415.6584525,86653.73844047746,86588.7481366471,86653.73844047746,0.0001890421107981933,16.525240590674528,0.2960474427881948,0.01641618179578302,-0.4523683143378283,-0.027374385979778558,-3.233403505870524,stop,20
BTC,long,2025-11-24 06:00:00+00:00,2025-11-24 06:05:00+00:00,87421.06,87442.915265,86883.23784896288,86818.07542057615,86883.23784896288,0.0001884658546584054,16.48000375924075,0.29558021888859776,0.01639986395453376,-0.41334119419256476,-0.025081377421458054,-4.077907085761999,stop,1
BTC,long,2025-11-24 19:30:00+00:00,2025-11-25 00:00:00+00:00,88611.39,88633.54284750001,88096.91869504536,88030.84600602408,88096.91869504536,0.0001854678162657374,16.438669639821494,0.29489002571325773,0.01636299759747697,-0.40667089277205615,-0.02473867421649044,-4.261999299165907,stop,54
BTC,short,2025-11-25 09:55:00+00:00,2025-11-25 11:10:00+00:00,87007.29,86985.5381775,87421.72529511587,87487.29158908721,87421.72529511587,0.00018851412423388162,16.398002550544287,0.2960153343544977,0.01646069825634512,-0.3906029393212232,-0.02382015358988087,-4.9995956037169655,stop,15
BTC,short,2025-11-25 14:10:00+00:00,2025-11-25 17:10:00+00:00,86866.01,86844.2934975,87367.57749704401,87433.1031801668,87367.57749704401,0.00018837095216950664,16.358942256612167,0.2954591923841542,0.01643389357511349,-0.4063738329547251,-0.024841082423313263,-4.301128493133771,stop,36
BTC,long,2025-11-26 00:20:00+00:00,2025-11-26 03:50:00+00:00,87561.9,87583.790475,87069.88100399672,87004.57859324371,87069.88100399672,0.00018631649515071636,16.318304873316695,0.29275823716987415,0.01624547287557853,-0.40067496492835686,-0.024553712413078584,-4.370780845535028,stop,42
BTC,long,2025-11-26 06:05:00+00:00,2025-11-26 09:20:00+00:00,87522.71,87544.59067750002,87181.45556881047,87116.06947713386,87181.45556881047,0.0001859422409865417,16.27823737682386,0.29229115105207254,0.016226578624357016,-0.3719713433583989,-0.022850836656798792,-5.862098654029797,stop,39
BTC,short,2025-11-26 10:50:00+00:00,2025-11-26 12:00:00+00:00,86838.43,86816.72039249999,87148.61303163998,87213.97449141371,87148.61303163998,0.00018707272250163305,16.24104024248802,0.2930075630170628,0.016288621606020116,-0.3673229688257854,-0.022616960695955642,-6.330231355620742,stop,14
BTC,short,2025-11-26 12:50:00+00:00,2025-11-26 13:40:00+00:00,86586.24,86564.59344000001,86953.2452361724,87018.46017009953,86953.2452361724,0.00018719325421238226,16.20430794560544,0.29244219013257244,0.016259885713966866,-0.3774029803186336,-0.023290286853687215,-5.493420839487366,stop,10
BTC,long,2025-11-26 22:20:00+00:00,2025-11-28 14:25:00+00:00,90425.48,90448.08637,92790.16873332989,92766.97119114656,89952.54225333402,0.0001787386366743049,16.16656764757358,0.29472848646015265,0.008186928818000243,0.11974582507632137,0.0074070036192434375,1.4165697447901051,target_R5,481
BTC,short,2025-11-28 18:55:00+00:00,2025-11-30 08:20:00+00:00,90720.11,90697.4299725,91305.70838235521,91374.18766364198,91305.70838235521,0.0001783792797104244,16.17854223008121,0.2923002360868213,0.016260931840283467,-0.41301978557121666,-0.02552886284175082,-3.9539082067729994,stop,449
BTC,long,2025-11-30 09:45:00+00:00,2025-11-30 11:35:00+00:00,91429.87,91452.72746750001,91119.3659845829,91051.02646009445,91119.3659845829,0.00017645444480875495,16.137240251524087,0.28983238717326576,0.016092114589551784,-0.360714315414131,-0.022352912257104385,-6.583601793387072,stop,22
BTC,long,2025-11-30 13:00:00+00:00,2025-11-30 18:05:00+00:00,91484.96,91507.83124000001,91228.1440515984,91159.7229435597,91228.1440515984,0.00017595399871027113,16.10116881998267,0.289269779339002,0.01606325368906094,-0.35052082608189633,-0.0217698994402739,-7.756980423104792,stop,61
BTC,short,2025-11-30 22:45:00+00:00,2025-12-01 00:00:00+00:00,91073.31,91050.5416725,89828.13222321778,89850.58925627358,91322.34555535644,0.00017645273100255407,16.066116737374482,0.2872844873444943,0.007980138380647355,-0.07554960642823016,-0.00470241861572434,-1.7192635867586354,target_R5,15
BTC,short,2025-12-01 06:35:00+00:00,2025-12-01 07:40:00+00:00,86064.69,86043.17382750001,86482.52008848582,86547.38197855219,86482.52008848582,0.00018663376840242994,16.058561776731658,0.28990103238678067,0.016121063324061373,-0.38400329967687097,-0.023912683154059255,-4.924305860219273,stop,13
BTC,short,2025-12-01 16:45:00+00:00,2025-12-01 21:20:00+00:00,85123.76,85102.47906,86049.5744407893,86114.1116216199,86049.5744407893,0.00018824553201874695,16.02016144676397,0.2900768238296781,0.016154877812603618,-0.48051213359930445,-0.029994212929506187,-2.757120396154387,stop,55
BTC,long,2025-12-02 01:25:00+00:00,2025-12-02 15:00:00+00:00,86740.5,86762.185125,89606.05523983952,89583.65372602956,86167.3889520321,0.00018409068663257733,15.972110233404038,0.2921726390299547,0.008115939609849358,0.22723345304583353,0.014226889855205104,2.1537816375150673,target_R5,163
BTC,long,2025-12-02 16:50:00+00:00,2025-12-05 15:50:00+00:00,90633.46,90656.11836500002,89767.72129480966,89700.39550383855,89767.72129480966,0.00017643413227014817,15.994833578708622,0.28638940521345724,0.01587627647682629,-0.45501153891322454,-0.028447406887615826,-2.978879736483525,stop,852
BTC,short,2025-12-05 21:25:00+00:00,2025-12-06 14:15:00+00:00,89425.27,89402.9136825,89866.53592943496,89933.93583138204,89866.53592943496,0.00017839835155103307,15.9493324248173,0.2879405849306902,0.016012361590812044,-0.3826740609283331,-0.02399310834683519,-4.8611362251640955,stop,202
BTC,short,2025-12-06 19:25:00+00:00,2025-12-07 04:05:00+00:00,89533.98,89511.596505,89806.15940417905,89873.51402373219,89806.15940417905,0.00017775423118317074,15.911065018724466,0.28697816166968604,0.01595132956022069,-0.35131053196364836,-0.02207963650140446,-7.261326474910642,stop,104
BTC,short,2025-12-07 09:20:00+00:00,2025-12-07 12:45:00+00:00,89337.03,89314.6957425,89541.28610961599,89608.4420741982,89541.28610961599,0.00017775276323282158,15.8759339655281,0.28623673937884553,0.015907134257431944,-0.33845096152770604,-0.021318491388449646,-9.321897766623351,stop,41
BTC,short,2025-12-07 14:00:00+00:00,2025-12-07 15:55:00+00:00,89060.87,89038.6047825,89388.90609770891,89455.9477772822,89388.90609770891,0.0001779238220103938,15.84208886937533,0.28582589699524413,0.015889824459167836,-0.3600811577161571,-0.022729398924925707,-6.169424590631693,stop,23
BTC,long,2025-12-07 19:10:00+00:00,2025-12-07 21:25:00+00:00,91436.33,91459.18908250002,90870.1058808671,90801.95330145644,90870.1058808671,0.00017282113379931644,15.806080753603716,0.283487195469186,0.015728738600362092,-0.39707142832261655,-0.0251214348776553,-4.057732591853579,stop,27
BTC,long,2025-12-08 02:20:00+00:00,2025-12-08 15:10:00+00:00,91065.64,91088.40641000001,90445.40225372932,90377.56820203902,90445.40225372932,0.00017308869736731462,15.766373610771453,0.2826873824587922,0.015681915894852756,-0.40572544191367577,-0.025733593020812826,-3.7792475442898557,stop,154
BTC,short,2025-12-08 19:15:00+00:00,2025-12-08 20:45:00+00:00,90070.01,90047.4924975,90685.27275347638,90753.28670804149,90685.27275347638,0.00017463896695420677,15.725801066580084,0.2841737517447425,0.015810320138707368,-0.4074329235559672,-0.02590856401088713,-3.791877876905949,stop,18
BTC,short,2025-12-09 02:10:00+00:00,2025-12-09 08:15:00+00:00,90164.0,90141.459,90578.18385630616,90646.11749419839,90578.18385630616,0.00017400492457332525,15.68505777422449,0.28312135750500533,0.015743032542236083,-0.3709344207232839,-0.023648903693096145,-5.146860869126696,stop,73
BTC,short,2025-12-09 10:40:00+00:00,2025-12-09 10:55:00+00:00,90010.48,89987.97738,90305.90862228908,90373.6380537558,90305.90862228908,0.0001738894993280508,15.64796433215216,0.2822669190519681,0.01569040625289131,-0.34932926052188346,-0.022324262319802852,-6.8000019669517915,stop,3
BTC,long,2025-12-09 15:20:00+00:00,2025-12-09 16:50:00+00:00,90882.89,90905.6107225,94497.0952516857,94473.47097787278,90160.04894966286,0.00017174992040656958,15.613031406099973,0.2865495827437379,0.007959749427987491,0.3262301321383007,0.0208947336140529,2.627754081182168,target_R5,18
BTC,long,2025-12-10 07:50:00+00:00,2025-12-10 09:20:00+00:00,92714.02,92737.19850500001,92475.60662688095,92406.24992191078,92475.60662688095,0.00016870958656865458,15.645654419313804,0.28111927175999224,0.015611577017111092,-0.336953470388457,-0.02153655330469937,-8.37721304305398,stop,18
BTC,short,2025-12-10 12:15:00+00:00,2025-12-10 16:15:00+00:00,92052.11,92029.0969725,92416.77780336203,92486.09038671455,92416.77780336203,0.00016964155452856505,15.61195907227496,0.2817129889597193,0.015662260147821495,-0.3592380621563921,-0.023010440937829352,-5.807011424985029,stop,48
BTC,long,2025-12-10 19:00:00+00:00,2025-12-10 19:00:00+00:00,92502.64,92525.76566,91823.74455043998,91754.87674202715,91823.74455043998,0.0001683426789819371,15.57603526605932,0.2792006732382264,0.015486426921457425,-0.408974178887264,-0.02625662897531003,-3.5784813422531627,stop,0
BTC,long,2025-12-10 20:35:00+00:00,2025-12-10 20:50:00+00:00,93792.31,93815.75807750001,92505.7303474822,92436.35104972158,92505.7303474822,0.00016559198759911114,15.535137848170592,0.2775767125041285,0.015371469573016749,-0.5059954639421418,-0.03257103148278324,-2.3750383460080022,stop,3
BTC,short,2025-12-11 01:35:00+00:00,2025-12-11 20:50:00+00:00,91087.56,91064.78811,91706.84939083399,91775.62952787711,91706.84939083399,0.00017003870127136432,15.484538301776377,0.27980952439552625,0.015567387777174611,-0.4006800759012469,-0.025876139675102945,-3.8050146046336573,stop,231
BTC,long,2025-12-11 22:35:00+00:00,2025-12-12 00:55:00+00:00,92697.97,92721.14449250001,91899.15689579282,91830.23252812098,91899.15689579282,0.00016656902132431637,15.444470294186253,0.2766648802894179,0.015340817003911173,-0.42506321428215754,-0.027522032558291342,-3.1945824926061546,stop,28
BTC,long,2025-12-12 07:35:00+00:00,2025-12-12 08:25:00+00:00,92459.66,92482.77491500002,92225.94391009,92156.77445215744,92225.94391009,0.00016653873098978512,15.401963972758034,0.2767467261791896,0.015368922358380483,-0.3310384295630757,-0.021493260869106978,-8.505004545953446,stop,10
BTC,long,2025-12-12 11:15:00+00:00,2025-12-12 12:25:00+00:00,92416.66,92439.76416500002,92178.25280052215,92109.11911092176,92178.25280052215,0.00016625810622330383,15.368860129801726,0.2761447305517227,0.01533529102796359,-0.33111715107487494,-0.021544678543388283,-8.353711666105061,stop,14
BTC,short,2025-12-13 02:05:00+00:00,2025-12-13 03:35:00+00:00,90222.24,90199.68444000001,90384.2823572164,90452.07056898432,90384.2823572164,0.0001700199785609609,15.33574841469424,0.27642966762264726,0.01536024613909545,-0.31934035186164256,-0.020823264911913948,-11.591117016132056,stop,18
BTC,short,2025-12-13 12:15:00+00:00,2025-12-14 11:00:00+00:00,90450.74,90428.127315,89634.29381844435,89656.70239189897,90614.02923631114,0.00016923732508800405,15.303814379508076,0.27429367381671876,0.007619277352956309,-0.1437397833248808,-0.009392415495926915,-5.201436196582658,target_R5,273
BTC,short,2025-12-14 13:15:00+00:00,2025-12-15 02:15:00+00:00,89260.0,89237.685,89689.15984054512,89756.42671042553,89689.15984054512,0.00017133389779413918,15.289440401175586,0.27600982957392095,0.015348410938297509,-0.3648878687695255,-0.023865351457955892,-4.9624604042964755,stop,156
BTC,long,2025-12-15 04:30:00+00:00,2025-12-15 14:45:00+00:00,89350.0,89372.33750000001,88983.32259358489,88916.58510163969,88983.32259358489,0.00017066747990449098,15.252951614298636,0.27385309003777825,0.015202204397801213,-0.35163520332636117,-0.023053584133626067,-5.618979150961315,stop,123
BTC,short,2025-12-15 18:20:00+00:00,2025-12-15 19:00:00+00:00,85810.0,85788.5475,86479.04948436105,86543.90877147432,86479.04948436105,0.00017738717506513325,15.217788093966,0.27512610831029194,0.015310604090846287,-0.40911751041072897,-0.026884163972091844,-3.447208961113217,stop,8
BTC,short,2025-12-16 01:20:00+00:00,2025-12-16 06:05:00+00:00,85890.09,85868.6174775,86274.41708370099,86339.12289651377,86274.41708370099,0.00017674532080246542,15.176876342924926,0.2739322108536546,0.01523161752108027,-0.3570918420765426,-0.023528678366217942,-5.256915705560219,stop,57
BTC,long,2025-12-16 16:50:00+00:00,2025-12-17 04:40:00+00:00,87563.98,87585.870995,86827.93790468205,86762.81695125354,86827.93790468205,0.00017287225652618828,15.141167158717273,0.2712604599688418,0.015041951869579299,-0.41354366975429746,-0.027312535778736623,-3.25007530205105,stop,142
BTC,short,2025-12-17 05:35:00+00:00,2025-12-17 06:00:00+00:00,86350.0,86328.4125,86743.14817445066,86808.2055355815,86743.14817445066,0.00017491127607312183,15.099812791741844,0.27255192116029414,0.015155163225571852,-0.35647313326484925,-0.023607784956102638,-5.183853646909136,stop,5
BTC,short,2025-12-17 10:30:00+00:00,2025-12-17 11:35:00+00:00,86541.73,86520.0945675,86887.47328908667,86952.6388940535,86887.47328908667,0.00017411175465906152,15.06416547841536,0.27183277807645295,0.015113080939575474,-0.34714382974050484,-0.023044345220311655,-5.766703188872719,stop,13
BTC,short,2025-12-17 20:00:00+00:00,2025-12-18 02:15:00+00:00,85981.99,85960.4945025,86712.09537499609,86777.12944652734,86712.09537499609,0.00017484137547631493,15.02945109544131,0.2718151539098254,0.015128948868796264,-0.4145967307855878,-0.027585620270013857,-3.2478511195473603,stop,75
BTC,long,2025-12-18 05:40:00+00:00,2025-12-18 13:10:00+00:00,86574.01,86595.6535025,87864.20566887574,87842.23961745853,86315.97086622484,0.0001730801814658059,14.987991422362752,0.27172567976143747,0.007547949505635946,-0.05596632877166194,-0.003734077982467863,-1.2531235800956704,target_R5,90
BTC,short,2025-12-18 20:10:00+00:00,2025-12-19 03:00:00+00:00,84901.3,84880.07467500001,85892.70948013113,85957.12901224123,85892.70948013113,0.0001765125071679325,14.982394789485586,0.2713941282635434,0.01511738845454164,-0.4615076896860873,-0.03080333258939127,-2.6372444714575174,stop,82
BTC,long,2025-12-19 08:35:00+00:00,2025-12-19 14:40:00+00:00,88018.0,88040.00450000001,87516.63219778234,87450.994723634,87516.63219778234,0.00016965292204769222,14.936244020516975,0.26795304730222913,0.01486871700829674,-0.3678802769773815,-0.02463003928377493,-4.325025978507756,stop,73
BTC,long,2025-12-19 21:20:00+00:00,2025-12-23 06:15:00+00:00,87888.01,87909.98200250001,87328.83807853423,87263.34144997533,87328.83807853423,0.00016948537189321146,14.89945599281924,0.2672038428400134,0.014824653464010622,-0.3767999573658907,-0.0252895110766117,-3.9758800080112326,stop,971
BTC,short,2025-12-23 15:15:00+00:00,2025-12-23 15:40:00+00:00,86904.06,86882.333985,87505.9546804287,87571.58414643903,87505.9546804287,0.0001710563622709364,14.861775997082649,0.2685730735752814,0.014942710806053763,-0.3864736988856958,-0.026004543397879245,-3.753705586852452,stop,5
BTC,short,2025-12-24 03:00:00+00:00,2025-12-24 04:05:00+00:00,87068.93,87047.16276749999,87391.49168539018,87457.03530415423,87391.49168539018,0.00017028847530374026,14.82312862719408,0.267444484413515,0.014868031739226123,-0.337241053749241,-0.022751003666698837,-6.139632848531001,stop,13
BTC,short,2025-12-24 05:30:00+00:00,2025-12-24 12:35:00+00:00,87094.99,87073.2162525,87343.57207672387,87409.07975578141,87343.57207672387,0.00016985021523647383,14.789404521819158,0.2667226997876466,0.014824769086945239,-0.3237691881100695,-0.021891969188644826,-7.66830896450129,stop,85
BTC,long,2025-12-24 21:00:00+00:00,2025-12-25 08:20:00+00:00,87495.0,87516.87375000001,87308.50839942507,87243.0270181255,87308.50839942507,0.00016861922702087094,14.757027603008153,0.2652109144358889,0.014729754716042572,-0.3113867386867604,-0.021100911854585517,-9.902246712959645,stop,136
BTC,short,2025-12-25 10:30:00+00:00,2025-12-25 11:25:00+00:00,87353.41,87331.57164750001,87500.59807134095,87566.22351989445,87500.59807134095,0.00016862045021447895,14.725888929139476,0.26542210466381194,0.01474818551111048,-0.304989209030634,-0.020711089870243667,-12.288577548592425,stop,11
BTC,long,2025-12-25 15:40:00+00:00,2025-12-25 20:25:00+00:00,88011.23,88033.2328075,87750.56089770065,87684.74797702736,87750.56089770065,0.00016693002789492514,14.695390008236414,0.26399346690600967,0.01465908195357973,-0.3221660493777645,-0.021922932919588942,-7.40381825275581,stop,57
BTC,short,2025-12-26 00:00:00+00:00,2025-12-26 02:05:00+00:00,87171.46,87149.66713500001,87547.96178990368,87613.62276124611,87547.96178990368,0.00016825277577462813,14.663173403298636,0.26463967765694485,0.014714350716752506,-0.3427014996091067,-0.02337157791041415,-5.40986866445818,stop,25
BTC,long,2025-12-26 05:05:00+00:00,2025-12-26 07:45:00+00:00,88923.99,88946.22099750002,88552.01874888777,88485.6047348261,88552.01874888777,0.00016446908130868083,14.628903253337723,0.26263844435805866,0.014579363614146135,-0.3383955779158746,-0.02313198549854832,-5.531348694590479,stop,32
BTC,long,2025-12-26 13:35:00+00:00,2025-12-26 14:35:00+00:00,88779.99,88802.18499750001,88594.1087734358,88527.66319185573,88594.1087734358,0.00016435478131486317,14.595063695546138,0.262305075777835,0.014568502990329083,-0.3074240471106625,-0.021063563237786808,-10.062825998742833,stop,12
BTC,short,2025-12-27 11:25:00+00:00,2025-12-27 21:25:00+00:00,87449.95,87428.0875125,87577.12378389775,87642.80662673568,87577.12378389775,0.0001665862962946861,14.564321290835071,0.26247970659288905,0.014583852338888603,-0.29824896857708577,-0.020478054735359737,-14.078036420841086,stop,120
BTC,long,2025-12-28 00:35:00+00:00,2025-12-28 05:25:00+00:00,87742.8,87764.7357,87539.86837773786,87474.21347645455,87539.86837773786,0.00016560747637478913,14.534496393977363,0.2611879212211431,0.014505658432680124,-0.30930057349329854,-0.021280446539686297,-9.203458511364659,stop,58
BTC,long,2025-12-28 09:20:00+00:00,2025-12-28 09:35:00+00:00,87805.94,87827.89148500001,87700.4139781794,87634.63866769576,87700.4139781794,0.00016513622371436612,14.503566336628035,0.2607769766950585,0.014486871724731228,-0.29269001716684495,-0.020180554932042533,-16.796004986254083,stop,3
BTC,long,2025-12-28 10:25:00+00:00,2025-12-28 11:35:00+00:00,87892.61,87914.58315250001,87757.17139620987,87691.35351766272,87757.17139620987,0.00016464045913524585,14.47429733491135,0.26020657836225447,0.014453955659561608,-0.2969592079344593,-0.02051631254100378,-13.317348336399704,stop,14
BTC,long,2025-12-28 14:00:00+00:00,2025-12-28 16:20:00+00:00,87822.04,87843.99551000001,87705.09363004567,87639.31480982313,87705.09363004567,0.00016443470416226182,14.444601414117907,0.25969991596069053,0.014426568635019035,-0.29335652634199966,-0.020309077276114938,-15.255116458527409,stop,28
BTC,short,2025-12-28 19:20:00+00:00,2025-12-28 22:45:00+00:00,87557.34,87535.450665,87751.23391947211,87817.04734491173,87751.23391947211,0.00016467917457409605,14.415265761483708,0.2598921416860027,0.014442818197065234,-0.3062652504966724,-0.02124589692373106,-9.591683777728681,stop,41
BTC,long,2025-12-29 08:45:00+00:00,2025-12-29 09:15:00+00:00,89600.06,89622.460015,89317.38657082897,89250.39853090084,89317.38657082897,0.0001605026154607506,14.38463923643404,0.2583860546840216,0.014347016606914289,-0.31810289599414554,-0.02211406840071739,-7.0113318284794115,stop,6
BTC,short,2025-12-29 13:30:00+00:00,2025-12-29 14:30:00+00:00,87175.99,87154.1960025,87563.04122412662,87628.71350504471,87563.04122412662,0.0001646831662175269,14.352828946834627,0.2590542264457255,0.014404223667156156,-0.3371992711904217,-0.023493575548030735,-5.290162026313129,stop,12
BTC,short,2025-12-30 00:30:00+00:00,2025-12-30 04:25:00+00:00,87175.91,87154.1160225,87356.16264186312,87421.67976384451,87356.16264186312,0.0001642964173489972,14.319109019715587,0.2581396002319191,0.014344900839594357,-0.30209936434731544,-0.02109763700600108,-10.200937331159585,stop,47
BTC,long,2025-12-31 12:10:00+00:00,2025-12-31 12:50:00+00:00,88879.94,88902.159985,88680.7229105453,88614.2123683624,88680.7229105453,0.00016072611830456924,14.288899083280853,0.25678365717478036,0.014261313209227192,-0.30306435987199587,-0.021209776771858178,-9.465026183140894,stop,8
BTC,long,2025-12-31 14:10:00+00:00,2025-12-31 14:30:00+00:00,89012.01,89034.2630025,88764.23483061437,88697.6616544914,88764.23483061437,0.00016014725305125833,14.258592647293653,0.2561695156199734,0.014225268505509127,-0.31007529687690083,-0.02174655693917692,-7.8142966251316395,stop,4
BTC,short,2025-12-31 19:10:00+00:00,2026-01-01 02:30:00+00:00,87630.0,87608.0925,87948.51001704656,88014.47139955935,87948.51001704656,0.0001624003526569873,14.227585117605964,0.2566904968063145,0.014269937507652503,-0.32268657340711127,-0.022680347419450818,-6.238365728902426,stop,88
BTC,short,2026-01-01 08:15:00+00:00,2026-01-01 09:15:00+00:00,87590.49,87568.59237750001,87718.43223253738,87784.22105671179,87718.43223253738,0.00016210511183131245,14.195316460265254,0.2558302868851935,0.014214421244244178,-0.29078479804285656,-0.020484559034439655,-14.020421283454445,stop,12
BTC,long,2026-01-01 12:25:00+00:00,2026-01-01 13:45:00+00:00,87852.68,87874.64317,87745.424004033,87679.61493602998,87745.424004033,0.0001612096216772719,14.166237980460966,0.2547093197979652,0.014149729282236227,-0.28614974761265866,-0.020199416952287243,-16.549345711829513,stop,16
BTC,long,2026-01-01 18:20:00+00:00,2026-01-02 09:45:00+00:00,88085.35,88107.37133750001,89279.09568220687,89256.77590828632,87846.60086355863,0.0001604590261982142,14.137623005699702,0.25613710514581994,0.007114931559088272,-0.07170476700967204,-0.005071911097131651,-1.87172511317334,target_R5,185
BTC,long,2026-01-02 10:35:00+00:00,2026-01-02 14:10:00+00:00,89516.0,89538.379,89186.70419387531,89119.8141657299,89186.70419387531,0.00015781447784529062,14.130452528998735,0.2537536452050946,0.014087945064524817,-0.31980923596983135,-0.02263262519820323,-6.154006625867346,stop,43
BTC,long,2026-01-02 16:10:00+00:00,2026-01-05 14:55:00+00:00,89488.13,89510.50203250001,93468.7791026911,93445.41190791543,88692.00017946179,0.00015750634043235276,14.09847160540175,0.2593504481869018,0.007204218302394386,0.36042280622090705,0.025564672278576145,2.8742883270026116,target_R5,849
BTC,long,2026-01-05 18:25:00+00:00,2026-01-06 07:20:00+00:00,94034.03,94057.53850750001,93479.03620380441,93408.92692665156,93479.03620380441,0.00015027518378972647,14.13451388602384,0.2535440179277478,0.014068429794695416,-0.3510142424478931,-0.024833839018331916,-4.2087132969187975,stop,155
BTC,short,2026-01-06 09:10:00+00:00,2026-01-06 10:10:00+00:00,93329.28,93305.94768,93603.85869946558,93674.06159349017,93603.85869946558,0.00015110947171485876,14.099412461779051,0.2542900538030084,0.014134056777992938,-0.30991555280139793,-0.02198074236366393,-7.469384919308676,stop,12
BTC,long,2026-01-06 14:40:00+00:00,2026-01-06 14:45:00+00:00,94251.42,94274.98285500001,93869.16028095686,93798.75841074614,93869.16028095686,0.00014922750957310595,14.068420906498913,0.25259198422665585,0.014022121930917626,-0.3236577720404965,-0.023005977301331856,-5.673859963782388,stop,1
BTC,short,2026-01-07 02:20:00+00:00,2026-01-07 02:50:00+00:00,92457.15,92434.0357125,92903.23982838953,92972.91725826083,92903.23982838953,0.00015184942452314398,14.036055129294864,0.2533854520007969,0.01409036888334494,-0.335214304610721,-0.0238823730402063,-4.948653795732805,stop,6
BTC,short,2026-01-07 04:10:00+00:00,2026-01-07 15:15:00+00:00,92746.0,92722.8135,91133.41600769245,91156.19936169438,93068.51679846151,0.00015101497862587824,14.002533698833794,0.24991636677350726,0.006942136519536323,-0.013334166162284847,-0.0009522681001221505,-0.2737748169113208,target_R5,133
BTC,short,2026-01-07 15:55:00+00:00,2026-01-12 02:45:00+00:00,91329.24,91306.40769000001,91951.29875036492,92020.2622244277,91951.29875036492,0.00015334301979937596,14.001200282217566,0.2530067865699758,0.014076242733037914,-0.3624713965765959,-0.02588859449692739,-3.799953882604952,stop,1282
BTC,long,2026-01-12 04:35:00+00:00,2026-01-12 07:00:00+00:00,92027.99,92050.99699750001,91642.90419873553,91574.17202058647,91642.90419873553,0.00015170887440729377,13.964953142559906,0.2507181093412467,0.013917647076773239,-0.32305668987808434,-0.02313338874682862,-5.529810476221185,stop,29
BTC,short,2026-01-12 09:55:00+00:00,2026-01-12 14:50:00+00:00,90644.11,90621.4489725,91022.89657556634,91091.16374799801,91022.89657556634,0.00015374558265781097,13.932647473572098,0.2514376036708751,0.013979809078521085,-0.32365417551279957,-0.023229912055603028,-5.5575578063584805,stop,59
BTC,long,2026-01-12 18:40:00+00:00,2026-01-12 21:50:00+00:00,91588.0,91610.89700000001,91012.31779626677,90944.05855791956,91012.31779626677,0.00015173175365831008,13.90028205602082,0.24929445191236196,0.013831295901318461,-0.3504750181360041,-0.02521351845405166,-4.012340536363173,stop,38
BTC,short,2026-01-13 02:10:00+00:00,2026-01-13 04:20:00+00:00,91178.46,91155.66538500001,91454.03727431723,91522.62780227297,91454.03727431723,0.0001521050227174228,13.86523455420722,0.2500765734170716,0.01390013924531553,-0.3058934002328145,-0.022061898703328843,-7.297652032233232,stop,26
BTC,long,2026-01-13 05:40:00+00:00,2026-01-13 16:00:00+00:00,91817.93,91840.8844825,93497.24559281532,93473.87128141712,91482.06688143693,0.00015063710777763785,13.83464521418394,0.2512375095311623,0.0069788355196526725,-0.0052491011032246015,-0.0003794171098687064,-0.10375060860275069,target_R5,124
BTC,long,2026-01-13 16:35:00+00:00,2026-01-14 15:10:00+00:00,93509.16,93532.53729000001,96996.4114085786,96972.16230572645,92811.70971828428,0.00014790703540074588,13.834120304073616,0.25359286812402215,0.007044278573592955,0.25515187084232016,0.01844366430492785,2.4734131802502453,target_R5,271
BTC,long,2026-01-14 22:50:00+00:00,2026-01-14 22:55:00+00:00,97256.6,97280.91415000001,96809.29526459092,96736.68829314248,96809.29526459092,0.00014247024313307038,13.85963549115785,0.2487756149295291,0.013808375737490948,-0.3263116050753256,-0.023544025041892725,-5.120411427683975,stop,1
BTC,short,2026-01-15 04:15:00+00:00,2026-01-15 05:00:00+00:00,96032.18,96008.171955,96445.12267332623,96517.45651533123,96445.12267332623,0.00014401903555804786,13.827004330650318,0.24954619799253727,0.013875065650301605,-0.32289286919604554,-0.02335233731577627,-5.429361897875234,stop,9
BTC,long,2026-01-15 14:05:00+00:00,2026-01-15 14:30:00+00:00,96998.01,97022.2595025,96661.52369019682,96589.02754742917,96661.52369019682,0.00014218092955643093,13.794715043730713,0.24775049488838313,0.013755385774692062,-0.3093478169739043,-0.022425096567289634,-6.466038810889078,stop,5
BTC,short,2026-01-15 19:55:00+00:00,2026-01-19 00:00:00+00:00,95535.2,95511.3162,92844.22676395613,92867.43782064713,96073.39464720877,0.000144106277765161,13.763780262033322,0.2443190494675888,0.0067866644996227975,0.1366804226447397,0.009930442076423263,1.7623170317394903,target_R5,913
BTC,short,2026-01-19 03:35:00+00:00,2026-01-19 08:15:00+00:00,92511.71,92488.58207250001,92893.18782644231,92962.85771731214,92893.18782644231,0.00014896377472300228,13.777448304297799,0.24862991849015398,0.01382351331042925,-0.3192798088005557,-0.023174088680917648,-5.618514247366331,stop,56
BTC,short,2026-01-19 14:25:00+00:00,2026-01-19 15:55:00+00:00,92808.35,92785.1479125,93034.75112258266,93104.5271859246,93034.75112258266,0.00014814354056298215,13.745520323417743,0.24784519160864732,0.013774112460724023,-0.29515916795619945,-0.02147311713281217,-8.800249427133634,stop,18
BTC,short,2026-01-19 22:45:00+00:00,2026-01-20 05:00:00+00:00,92752.79,92729.6018025,91550.87226459775,91573.7599826639,92993.17354708044,0.00014791397935510535,13.716004406622123,0.24534939285150517,0.006815272023819206,-0.07438422977450257,-0.0054231704488655365,-2.092025191982408,target_R5,75
BTC,short,2026-01-20 06:35:00+00:00,2026-01-20 22:30:00+00:00,90937.01,90914.2757475,88281.99185424614,88304.0623522097,91468.01362915077,0.00015078562602993225,13.708565983644673,0.24321194375767904,0.006755912347763019,0.1503707171228831,0.010969106272843303,1.878044325210728,target_R5,191
BTC,short,2026-01-21 08:15:00+00:00,2026-01-21 09:30:00+00:00,89032.12,89009.86197,89368.06257852617,89435.08862546006,89368.06257852617,0.00015418070258307312,13.72360305535696,0.2476149106968882,0.013765881711149014,-0.3131766551927713,-0.02282029390747526,-6.046364291571843,stop,15
BTC,short,2026-01-21 12:45:00+00:00,2026-01-21 13:30:00+00:00,88534.05,88511.9164875,88941.36384042156,89008.06986330188,88941.36384042156,0.000154694259634197,13.692285389837686,0.24715190572929044,0.013742966151904765,-0.32390398486396943,-0.02365594753848533,-5.140589504132841,stop,9
BTC,long,2026-01-21 15:35:00+00:00,2026-01-21 16:20:00+00:00,90100.09,90122.6150225,89317.045314221,89250.05753023534,89317.045314221,0.00015157011353854924,13.659894991351289,0.24468782710077996,0.013567466242187035,-0.37694146527224676,-0.027594755707192907,-3.175950990287655,stop,9
BTC,short,2026-01-22 14:45:00+00:00,2026-01-23 04:10:00+00:00,89403.83,89381.47904250001,89909.2528334229,89976.68477304796,89909.2528334229,0.0001524051849527668,13.622200844824064,0.2460160271618751,0.013683379041939467,-0.33672846661098266,-0.024719094252594807,-4.371447150349086,stop,161
BTC,long,2026-01-23 04:35:00+00:00,2026-01-23 05:15:00+00:00,89939.98,89962.464995,89736.76638285154,89669.46380806439,89736.76638285154,0.000151046639272481,13.588527998162967,0.24419519236562814,0.013562110664792293,-0.2884520369550999,-0.021227614719864858,-9.397443798109482,stop,8
BTC,short,2026-01-23 08:00:00+00:00,2026-01-23 15:45:00+00:00,89415.47,89393.1161325,89650.69628275455,89717.93430496662,89650.69628275455,0.00015168598412397956,13.559682794467456,0.24451772357778173,0.013589833960502659,-0.2937880877297337,-0.021666295014629945,-8.233848716747461,stop,93
BTC,long,2026-01-23 18:05:00+00:00,2026-01-23 19:15:00+00:00,90655.4,90678.06385,89963.58113519501,89896.1084493436,89963.58113519501,0.00014921253731306353,13.530303985694482,0.24249537379792233,0.013449501218999672,-0.35917292319551686,-0.026545813277755508,-3.479412132002261,stop,14
BTC,short,2026-01-23 23:30:00+00:00,2026-01-24 03:10:00+00:00,89446.03,89423.6684925,89720.66781564901,89787.95831651075,89720.66781564901,0.0001509039711841693,13.49438669337493,0.24339371551069555,0.013528844086422326,-0.29836649661589926,-0.022110415493160746,-7.1992797518413045,stop,44
BTC,long,2026-01-24 03:55:00+00:00,2026-01-24 07:15:00+00:00,89625.98,89648.386495,89456.93805180665,89389.84534826779,89456.93805180665,0.00015019288768196965,13.46455004371334,0.2420124214141292,0.013442143073773664,-0.28084346282644795,-0.02085799094025983,-11.061664002966022,stop,40
BTC,short,2026-01-24 12:35:00+00:00,2026-01-24 14:00:00+00:00,89381.66,89359.314585,89056.03713370448,89078.30114298791,89446.78457325911,0.00015036446686987192,13.436465697430695,0.24147609262622977,0.006707672299750917,-0.19922165623481441,-0.014826938922853005,-20.34447265041486,target_R5,17
BTC,short,2026-01-24 15:40:00+00:00,2026-01-24 22:10:00+00:00,89215.98,89193.676005,89343.13225604278,89410.13960523481,89343.13225604278,0.0001504203451717262,13.416543531807214,0.24179082833770973,0.01343424322111579,-0.2743513578021448,-0.020448736081072408,-14.344204322361575,stop,78
BTC,short,2026-01-25 00:25:00+00:00,2026-01-25 07:55:00+00:00,89101.91,89079.63452250001,88495.48126911535,88517.60513943264,89223.19574617693,0.00015030493184887435,13.389108396026998,0.2402436690354149,0.006673440947810421,-0.15576788091640797,-0.011633924852130526,-8.544662555632899,target_R5,90
BTC,short,2026-01-25 08:30:00+00:00,2026-01-25 13:00:00+00:00,88536.5,88514.365875,88670.81408578422,88737.31719634857,88670.81408578422,0.0001510888258163817,13.373531607935357,0.2410267380230473,0.013392095845026129,-0.2747121913798124,-0.020541484436078828,-13.537049806612893,stop,54
BTC,short,2026-01-25 21:25:00+00:00,2026-01-26 01:05:00+00:00,86771.28,86749.58718,87262.72386650041,87328.17090940029,87262.72386650041,0.0001538458086388945,13.346060388797376,0.24103020113378681,0.013406102672513248,-0.33004288284868094,-0.024729611078765795,-4.365266713941349,stop,44
BTC,long,2026-01-26 08:20:00+00:00,2026-01-26 09:50:00+00:00,87838.53,87860.4896325,87520.06205019288,87454.42200365523,87520.06205019288,0.00015152494774611346,13.313056100512506,0.23908124542304626,0.013273536788756545,-0.3006106216651385,-0.022580136325991,-6.229518024566422,stop,18
BTC,long,2026-01-26 14:05:00+00:00,2026-01-26 14:10:00+00:00,87867.22,87889.186805,87631.84275466166,87566.11887259566,87631.84275466166,0.0001511334388360768,13.282995038345994,0.2386544733818105,0.013252995090183206,-0.2874808409837404,-0.02164277259411953,-8.081349073350063,stop,1
BTC,short,2026-01-26 17:45:00+00:00,2026-01-26 18:30:00+00:00,87452.0,87430.137,88098.76191396793,88164.8359854034,88098.76191396793,0.00015159814920852314,13.25424695424762,0.23957885623416997,0.013331097276435487,-0.3509578626467057,-0.02647889871511964,-3.579452797504751,stop,9
BTC,long,2026-01-27 00:55:00+00:00,2026-01-27 09:00:00+00:00,88250.94,88273.00273500002,87991.14885003917,87925.15548840164,87991.14885003917,0.00014975304745968034,13.21915116798295,0.237475900356636,0.013186668818877038,-0.2895670855852023,-0.021905119466864072,-7.4430197907070035,stop,97
BTC,short,2026-01-27 11:20:00+00:00,2026-01-27 11:40:00+00:00,87720.46,87698.52988500001,87910.36932771465,87976.30210471044,87910.36932771465,0.00015040382634373537,13.190194459424427,0.23779950231190766,0.013214915149792363,-0.27957750700834916,-0.021195859383906984,-9.788069548700058,stop,4
BTC,short,2026-01-27 18:35:00+00:00,2026-01-27 18:55:00+00:00,87651.41,87629.4971475,88241.11278062401,88307.29361520948,88241.11278062401,0.0001502032664476964,13.162236708723595,0.23783652594795476,0.013231959553657927,-0.339643769384628,-0.02580441127908912,-3.8345208109432463,stop,4
BTC,long,2026-01-27 20:45:00+00:00,2026-01-29 02:00:00+00:00,88824.0,88846.206,88336.18219606111,88269.93005941407,88336.18219606111,0.0001477640174278813,13.128272331785134,0.23554252633898032,0.013070929645152902,-0.3206953744669898,-0.024427842930295374,-4.4490404974898325,stop,351
BTC,short,2026-01-29 03:20:00+00:00,2026-01-29 15:10:00+00:00,87904.02,87882.043995,85430.55479881141,85451.91243751113,88398.71304023772,0.00014902023438466603,13.096202794338433,0.2324724013295487,0.006457589740873834,0.12966637295301656,0.009901066361699294,1.7589209445480456,target_R5,142
BTC,short,2026-01-30 00:55:00+00:00,2026-01-30 01:35:00+00:00,84054.37,84033.3564075,82445.29508312322,82465.906406894,84376.18498337535,0.00015599959340031476,13.109169431633735,0.23376435570447848,0.006493470013564248,0.010757207065380206,0.0008205864697592505,0.2142741601189595,target_R5,8
BTC,short,2026-01-30 04:30:00+00:00,2026-01-30 14:40:00+00:00,82901.99,82881.26450250001,83421.42564772056,83483.99171695636,83421.42564772056,0.0001581810464769733,13.110245152340273,0.2368424729358306,0.013175147188973663,-0.33218249445868664,-0.025337626459211535,-4.042877168032184,stop,122
BTC,short,2026-01-30 18:35:00+00:00,2026-01-30 18:45:00+00:00,82147.01,82126.47324749999,83046.33521035365,83108.61996176142,83046.33521035365,0.00015923034785001534,13.077026902894403,0.23679397231866361,0.013187696876696704,-0.3931815352702603,-0.030066584567722765,-2.74568368007138,stop,2
BTC,long,2026-01-30 22:10:00+00:00,2026-01-31 07:30:00+00:00,84045.39,84066.40134750001,83376.4554840294,83313.92314241637,83376.4554840294,0.00015508822240973798,13.037708749367377,0.23362845292355638,0.012956642238092772,-0.35032896015204784,-0.026870439191935984,-3.376864359010243,stop,112
BTC,short,2026-01-31 08:05:00+00:00,2026-01-31 14:15:00+00:00,83340.67,83319.8348325,82117.30519065012,82137.83451694778,83585.34296186997,0.00015605738872972788,13.002675853352173,0.23238802641583395,0.006455234888190497,-0.047928143693041145,-0.0036860215722969796,-1.2552212808705265,target_R5,74
BTC,short,2026-01-31 20:15:00+00:00,2026-01-31 23:20:00+00:00,77417.51,77398.1556225,78524.8674552532,78583.76110584465,78524.8674552532,0.0001679353071716392,12.99788303898287,0.23575383989096044,0.013140606633112043,-0.4348588609208247,-0.03345612971101592,-2.338398248565234,stop,37
BTC,short,2026-02-01 06:30:00+00:00,2026-02-01 09:55:00+00:00,78634.83,78615.1712925,78934.67542751407,78993.87643408471,78934.67542751407,0.00016478240700757278,12.954397152890786,0.23374078425502237,0.012994693500489117,-0.29614472903149436,-0.022860556576761226,-5.993710112653457,stop,41
BTC,short,2026-02-01 11:50:00+00:00,2026-02-01 20:25:00+00:00,78667.99,78648.32300250001,76656.24519914252,76675.4092604423,79070.3389601715,0.00016433640523494438,12.924782679987638,0.229728094269902,0.006381356614623245,0.09449345793848314,0.007311028763740383,1.4291080843010848,target_R5,103
BTC,short,2026-02-01 21:35:00+00:00,2026-02-01 22:10:00+00:00,76893.99,76874.7665025,77643.72854064786,77701.96133705335,77643.72854064786,0.00016825068373197414,12.934232025781487,0.23406876133250515,0.013032074408943193,-0.3732448578256628,-0.028857133309630058,-2.9588786821501736,stop,7
BTC,short,2026-02-02 04:15:00+00:00,2026-02-02 06:40:00+00:00,75434.48,75415.62138,76603.53703090984,76660.98968368302,76603.53703090984,0.00017101108900256497,12.89690753999892,0.23406108182837954,0.013050073860113066,-0.44703287165048966,-0.03466202035364263,-2.23603958929337,stop,29
BTC,long,2026-02-02 14:55:00+00:00,2026-02-02 15:00:00+00:00,78288.71,78308.28217750002,77507.35197390463,77449.2214599242,77507.35197390463,0.0001641231795086758,12.852204252833872,0.23007075056377374,0.012752812782152267,-0.3710625269233218,-0.02887150870182472,-2.8935240629839867,stop,1
BTC,long,2026-02-02 22:30:00+00:00,2026-02-03 02:45:00+00:00,78597.01,78616.6592525,78194.0961850433,78135.4506129045,78194.0961850433,0.0001630074099050962,12.81509800014154,0.22996579883686796,0.012762636573343984,-0.3084063728012849,-0.02406586143920855,-4.695737793422298,stop,51
BTC,long,2026-02-03 05:10:00+00:00,2026-02-03 05:15:00+00:00,78693.82,78713.49345500002,78275.55149430467,78216.84483068394,78275.55149430467,0.00016241506762967,12.784257362861414,0.22939066355234713,0.012730112266609367,-0.31005388345882523,-0.024252787992170705,-4.564105695009604,stop,1
BTC,short,2026-02-03 15:15:00+00:00,2026-02-03 15:25:00+00:00,77113.18,77093.901705,77912.56122972327,77970.99565064556,77912.56122972327,0.00016542491289798613,12.75325197451553,0.23086437424733544,0.01285561926251032,-0.3759575638091044,-0.029479348840622765,-2.8430465181589333,stop,2
BTC,short,2026-02-03 17:55:00+00:00,2026-02-03 20:30:00+00:00,75001.14,74982.389715,75844.47051570112,75901.3538685879,75844.47051570112,0.00016958190138331765,12.71565621813462,0.23028436912264008,0.012826096121378406,-0.38612405759118823,-0.03036603467153443,-2.6999116045827347,stop,31
BTC,short,2026-02-04 14:25:00+00:00,2026-02-04 17:30:00+00:00,75180.89,75162.0947775,72272.20653098353,72290.27458261629,75762.6266938033,0.00016866272620398565,12.677043812375501,0.2238274674136283,0.006217460312036188,0.26054155582311933,0.020552232813834337,2.655409031435444,target_R5,37
BTC,short,2026-02-04 18:25:00+00:00,2026-02-04 18:40:00+00:00,72690.0,72671.8275,73928.19461591156,73983.6407618735,73928.19461591156,0.00017480086031905297,12.703097967957813,0.23071951820402148,0.01286860264966998,-0.4600256049574517,-0.036213654820093207,-2.1254433207924146,stop,3
BTC,short,2026-02-04 22:05:00+00:00,2026-02-04 22:20:00+00:00,72136.0,72117.966,72993.46946077791,73048.2145628735,72993.46946077791,0.00017550544073112193,12.657095407462068,0.22929709049046665,0.012773128389302186,-0.3925607745070733,-0.03101507588191495,-2.608540933819561,stop,3
BTC,short,2026-02-05 01:55:00+00:00,2026-02-05 15:10:00+00:00,72366.01,72347.9184975,68026.90000545296,68043.90673045433,73233.8319989094,0.00017440500835483433,12.61783933001136,0.2203653370664863,0.006121306660615724,0.5302758711244187,0.04202588551457972,3.5035817757732133,target_R5,159
BTC,short,2026-02-05 17:30:00+00:00,2026-02-06 15:40:00+00:00,67263.99,67247.1740025,68737.23365796964,68788.78658321312,68737.23365796964,0.0001884222958819466,12.670866917123803,0.23068987214459458,0.01288222939030206,-0.5211640539630529,-0.04113089162500283,-1.8774465520499397,stop,266
BTC,long,2026-02-06 20:15:00+00:00,2026-02-07 06:50:00+00:00,70460.02,70477.635005,69606.93075569792,69554.72555763114,69606.93075569792,0.00017904616848780843,12.618750511727496,0.22565031860738155,0.01250103984214669,-0.39089371901997666,-0.030977212732488175,-2.559170341221008,stop,127
BTC,short,2026-02-07 08:30:00+00:00,2026-02-07 12:15:00+00:00,68379.33,68362.23516750001,69289.04766269829,69341.0144484453,69289.04766269829,0.000184014772322804,12.579661139825498,0.2280548891356958,0.012708357957968175,-0.40816473567312206,-0.03244640146791617,-2.4382383880617904,stop,45
BTC,long,2026-02-07 20:35:00+00:00,2026-02-07 23:05:00+00:00,69494.73,69512.1036825,69100.08800226357,69048.26293626188,69100.08800226357,0.00018038361669400746,12.538844666258186,0.224946180550259,0.01248232052543597,-0.30861545192674006,-0.024612750228672896,-4.335281231141665,stop,30
BTC,short,2026-02-09 02:15:00+00:00,2026-02-09 03:30:00+00:00,70288.2,70270.62795,70954.93227801422,71008.14847722274,70954.93227801422,0.00017799731532163593,12.507983121065513,0.22632518624374143,0.012600118315435322,-0.35760186008398787,-0.02858988988254447,-3.013247717736683,stop,15
BTC,long,2026-02-09 04:45:00+00:00,2026-02-09 06:15:00+00:00,70973.64,70991.38341000001,70500.2887087865,70447.4134922549,70500.2887087865,0.0001756864331411275,12.472222935057115,0.22363989961976566,0.012406734608663324,-0.31920803420447674,-0.025593515756300502,-3.8384158310997094,stop,18
BTC,short,2026-02-09 08:20:00+00:00,2026-02-09 17:40:00+00:00,70310.44,70292.86239000001,70737.40905041496,70790.46210720278,70737.40905041496,0.00017697816974097851,12.440302131636667,0.22471801695438753,0.012500086135691334,-0.31278230416856245,-0.02514266139671419,-4.139292147662569,stop,112
BTC,short,2026-02-10 05:20:00+00:00,2026-02-11 04:20:00+00:00,69613.98,69596.576505,67808.15110782669,67825.10314560366,69975.14577843466,0.00017829934350762662,12.409023901219811,0.22051975738876203,0.006125568939986228,0.09533277963285645,0.007682536546930594,1.4804233248739076,target_R5,276
BTC,short,2026-02-11 07:10:00+00:00,2026-02-11 07:50:00+00:00,66718.0,66701.3205,67215.36834022224,67265.7798664774,67215.36834022224,0.000186181579106565,12.418557179183097,0.224479856651026,0.012491113212066153,-0.32957179284327964,-0.02653865405521764,-3.559059004408563,stop,8
BTC,short,2026-02-11 18:00:00+00:00,2026-02-11 18:45:00+00:00,66470.63,66454.0123425,67181.37723562418,67231.7632685509,67181.37723562418,0.0001863785129491373,12.385599999898767,0.22424540454755743,0.012488048183836066,-0.3692014655897378,-0.02980892856161635,-2.7870989956235404,stop,9
BTC,short,2026-02-12 05:30:00+00:00,2026-02-12 06:25:00+00:00,66819.42,66802.715145,67238.02183429763,67288.45035067336,67238.02183429763,0.00018485296333444108,12.348679853339796,0.22308434368959756,0.01240980263743597,-0.3128739358541834,-0.025336630277087005,-4.043354702385266,stop,11
BTC,short,2026-02-12 09:05:00+00:00,2026-02-12 09:30:00+00:00,67064.01,67047.2439975,67368.78439486545,67419.3109831616,67368.78439486545,0.00018371213677647447,12.317392459754377,0.22232824326421763,0.012362465644385107,-0.29068146422409213,-0.023599269502360947,-5.191597480444729,stop,5
BTC,long,2026-02-12 10:50:00+00:00,2026-02-12 15:00:00+00:00,67797.42,67814.369355,67435.84312359717,67385.26624125446,67435.84312359717,0.0001812053172536941,12.288324313331968,0.22049003574722814,0.012236113260634078,-0.2982458016080372,-0.024270664901353677,-4.552005234643758,stop,50
BTC,short,2026-02-12 17:15:00+00:00,2026-02-13 02:50:00+00:00,65683.59,65667.1691025,66609.51559230401,66659.47272899824,66609.51559230401,0.0001866762325940509,12.258499733171163,0.22232015072033787,0.01239120135037577,-0.4075596533044429,-0.03324710708290001,-2.357903724800464,stop,115
BTC,short,2026-02-13 06:15:00+00:00,2026-02-13 07:10:00+00:00,66183.25,66166.7041875,66475.23269317833,66525.08911769821,66475.23269317833,0.0001846509346032813,12.217743767840721,0.22051497283191246,0.012261235125469443,-0.286691085140744,-0.02346514140322422,-5.317476364932082,stop,11
BTC,long,2026-02-13 13:45:00+00:00,2026-02-13 14:40:00+00:00,67276.26,67293.079065,66868.7141999137,66818.56266426375,66868.7141999137,0.0001811341497325888,12.189074659326646,0.21862978374484587,0.012130662805808963,-0.30458090852637437,-0.02498802550965753,-4.125968605107818,stop,11
BTC,long,2026-02-13 15:55:00+00:00,2026-02-16 15:30:00+00:00,68586.32,68603.46658000001,67748.6253174537,67697.81384846561,67748.6253174537,0.0001772303525550794,12.15861656847401,0.21741051585641136,0.01204422898111455,-0.3779196687587236,-0.031082456349403174,-2.5455148514359935,stop,859
BTC,short,2026-02-16 16:35:00+00:00,2026-02-16 18:20:00+00:00,67624.49,67607.5838775,68170.59411665937,68221.72206224686,68170.59411665937,0.0001792820258679882,12.120824601598137,0.2191657782700852,0.012197285554766613,-0.32926971619439077,-0.027165620080912348,-3.363098504804299,stop,21
BTC,short,2026-02-16 19:30:00+00:00,2026-02-16 20:40:00+00:00,67928.72,67911.73782000001,68229.77315698299,68280.94548685073,68229.77315698299,0.0001779942321902829,12.087897629978698,0.2181736088562353,0.01213110965421178,-0.28389044403609526,-0.02348551027864682,-5.2978744106061315,stop,14
BTC,long,2026-02-16 23:15:00+00:00,2026-02-17 02:00:00+00:00,68698.54,68715.714635,68375.3554074449,68324.07389088933,68375.3554074449,0.0001754985544373956,12.059508585575088,0.2164525630802997,0.012013955640352146,-0.28518494753050844,-0.023648140013899966,-5.028082644647388,stop,33
BTC,short,2026-02-17 08:35:00+00:00,2026-02-17 14:40:00+00:00,68233.33,68216.2716675,67070.20074789567,67086.96829808265,68465.95585042087,0.0001763654007575133,12.030990090822037,0.21476529126287974,0.005965715356066917,-0.015595249938778713,-0.001296256569164304,-0.38012022358183123,target_R5,73
BTC,short,2026-02-17 17:35:00+00:00,2026-02-17 18:40:00+00:00,67138.03,67121.2454925,67842.22947357624,67893.11114568143,67842.22947357624,0.00017921941819706405,12.029430565828159,0.21777475000451207,0.012127093340457971,-0.3561080632939829,-0.029603069018543097,-2.821636393498277,stop,13
BTC,short,2026-02-18 12:35:00+00:00,2026-02-18 15:35:00+00:00,67352.24,67335.40194000001,67703.35531000786,67754.13282649037,67703.35531000786,0.00017812056383336057,11.993819759498763,0.21656001690534266,0.012043724606982203,-0.29114459850144864,-0.024274551755779923,-4.655270370728699,stop,36
BTC,short,2026-02-18 19:15:00+00:00,2026-02-19 02:20:00+00:00,66326.28,66309.69843,66861.98683848356,66912.13332861243,66861.98683848356,0.00018043673222672228,11.964705299648617,0.21634300785403976,0.012040193117480774,-0.32504439233900234,-0.02716693676931168,-3.3627186644458424,stop,85
BTC,long,2026-02-19 07:45:00+00:00,2026-02-19 08:20:00+00:00,67158.0,67174.7895,66937.10700164358,66886.90417139235,66937.10700164358,0.00017762915149015416,11.932200860414717,0.21431938404764153,0.011899790778874613,-0.2654562106946823,-0.02224704510090321,-6.76545016261161,stop,7
BTC,short,2026-02-19 12:20:00+00:00,2026-02-19 15:00:00+00:00,66469.42,66452.802645,66728.23214078521,66778.2783148908,66728.23214078521,0.00017915956536772266,11.90565523934525,0.21482660302421314,0.01194340890043538,-0.27313868257961765,-0.022941927772018943,-5.890586870864856,stop,32
BTC,long,2026-02-20 01:30:00+00:00,2026-02-20 13:30:00+00:00,67169.55,67186.34238750002,66923.13728315617,66872.9449301938,66923.13728315617,0.00017679696421898458,11.878341371087288,0.21331147520815996,0.011842698762746599,-0.2687191942538476,-0.022622619257931825,-6.168232965544404,stop,144
BTC,short,2026-02-20 14:00:00+00:00,2026-02-20 14:35:00+00:00,66791.43,66774.7321425,67286.95081280543,67337.41602591504,67286.95081280543,0.00017748434282552247,11.851469451661904,0.21422525834331213,0.011920393449289711,-0.3140928376097435,-0.026502438274917797,-3.571380194731873,stop,7
BTC,long,2026-02-21 09:40:00+00:00,2026-02-21 12:05:00+00:00,68203.08,68220.13077,68025.5169264319,67974.49778873708,68025.5169264319,0.00017326352257739783,11.820060167900929,0.21237804990186349,0.011794031988723207,-0.25493728549666606,-0.02156818847580699,-8.286546345049668,stop,29
BTC,short,2026-02-22 00:20:00+00:00,2026-02-22 02:05:00+00:00,67976.87,67959.87578249999,68177.05153831869,68228.18432697243,68177.05153831869,0.0001735519128536786,11.794566439351263,0.21272128505847632,0.011823572234977769,-0.2592867461866549,-0.021983575871137872,-7.463231115145229,stop,21
BTC,short,2026-02-22 03:20:00+00:00,2026-02-22 04:00:00+00:00,67837.38,67820.42065500001,68046.70030996976,68097.73533520225,68046.70030996976,0.00017352646372689466,11.768637764732595,0.21226857268734217,0.011798822619779789,-0.26039000848239124,-0.022125756072016188,-7.168812640927521,stop,8
BTC,long,2026-02-22 11:45:00+00:00,2026-02-22 12:05:00+00:00,68173.93,68190.9734825,68074.20257450356,68023.14692257269,68074.20257450356,0.0001722016590201324,11.742598763884358,0.21110667764149427,0.011726783926833573,-0.2400066896886195,-0.020438975606216422,-13.975630441025281,stop,4
BTC,short,2026-02-22 15:00:00+00:00,2026-02-22 15:35:00+00:00,67434.0,67417.1415,67692.02336225806,67742.79237977976,67692.02336225806,0.00017382223325080457,11.718598094915496,0.21144421397712956,0.011755166124830074,-0.26804957716053635,-0.02287386042165219,-5.976552941572353,stop,7
BTC,short,2026-02-22 18:05:00+00:00,2026-02-22 21:35:00+00:00,67354.82,67337.981295,67575.04889672241,67625.73018339495,67575.04889672241,0.00017362850671122783,11.691793137199442,0.2109019291577884,0.011723395327257592,-0.26086333895761776,-0.022311662197275487,-6.822094257659113,stop,42
BTC,short,2026-02-23 14:50:00+00:00,2026-02-23 14:50:00+00:00,65628.01,65611.6029975,66078.42579554052,66127.98461488717,66078.42579554052,0.00017779944812121385,11.66570680330368,0.21080903375878865,0.011728686719196722,-0.3026214003501681,-0.025941111451941085,-3.7788148700604904,stop,0
BTC,short,2026-02-23 18:30:00+00:00,2026-02-25 01:10:00+00:00,64809.63,64793.4275925,65393.74158581467,65442.786892004035,65393.74158581467,0.0001795775450628498,11.635444663268665,0.21048749707865394,0.011717024245299846,-0.32709784594732094,-0.028112191275329535,-3.1183857230363086,stop,368
BTC,long,2026-02-25 03:55:00+00:00,2026-02-25 05:35:00+00:00,65422.7,65439.055675,64973.430784367345,64924.70071127907,64973.430784367345,0.0001773059644426773,11.602734878673932,0.20802844398995496,0.011540091336266364,-0.29922664689837386,-0.02578932036518034,-3.756386399234949,stop,20
BTC,long,2026-02-25 10:35:00+00:00,2026-02-25 13:45:00+00:00,65380.06,65396.405015000004,66613.21837809226,66596.56507349774,65133.428324381544,0.0001769640427685533,11.572812213984093,0.2102220864350036,0.005839516040017062,0.0021630894860990013,0.00018691130955060482,0.049561061735497645,target_R5,38
BTC,long,2026-02-25 14:05:00+00:00,2026-02-25 16:55:00+00:00,66302.34,66318.915585,68325.68284816017,68308.60142744813,65897.67143036796,0.00017450569601216897,11.573028522932704,0.21143941702782637,0.005873339207465209,0.13577209575414378,0.011731768869756314,1.9226553474206565,target_R5,34
BTC,long,2026-02-25 21:25:00+00:00,2026-02-25 22:40:00+00:00,69036.02,69053.279005,68571.41669662489,68519.98813410242,68571.41669662489,0.00016779225982402888,11.586605732508119,0.20775356446180324,0.011525242176411286,-0.297235644833234,-0.025653383889579565,-3.8128232457255278,stop,15
BTC,short,2026-02-26 15:05:00+00:00,2026-02-27 04:15:00+00:00,67548.61,67531.7228475,68121.32173642523,68172.41272772755,68121.32173642523,0.00017113264227128517,11.556882168024794,0.2090106655931646,0.011633279365588431,-0.31865361767297906,-0.027572628416565458,-3.251246625443803,stop,158
BTC,long,2026-02-27 06:30:00+00:00,2026-02-27 09:50:00+00:00,67605.24,67622.14131,67341.07474095302,67290.5689348973,67341.07474095302,0.0001704325917959828,11.525016806257497,0.2069417058593246,0.011488369494869208,-0.2634524451160294,-0.02285918099251605,-5.851589920958622,stop,40
BTC,short,2026-02-27 18:20:00+00:00,2026-02-28 00:10:00+00:00,65525.85,65509.4685375,65991.9256314036,66041.41957562715,65991.9256314036,0.00017552686380234694,11.498671561745894,0.20781643338819583,0.011562903543888689,-0.3011881308070578,-0.026193297998793094,-3.6816106990570887,stop,70
BTC,short,2026-02-28 05:00:00+00:00,2026-02-28 06:15:00+00:00,65660.38,65643.964905,64698.21126078634,64714.38581360154,65852.81374784274,0.0001747084102135282,11.46855274866519,0.20497230190893972,0.0056936855592134685,-0.04256701668297874,-0.003711629323755176,-1.266129604605912,target_R5,15
BTC,short,2026-02-28 07:45:00+00:00,2026-02-28 13:45:00+00:00,64053.63,64037.6165925,64837.87139214476,64886.49979568888,64837.87139214476,0.00017902440248439186,11.46429604699689,0.20772506612001335,0.011572461597680429,-0.35969587434993816,-0.03137531278635827,-2.561966597029207,stop,72
BTC,long,2026-02-28 18:20:00+00:00,2026-02-28 22:35:00+00:00,65337.06,65353.394265,67375.20733640349,67358.36353456939,64929.4305327193,0.00017486966955719901,11.428326459561896,0.20886535109489154,0.005801837583826016,0.14174296254704608,0.012402775073724993,1.9884809966770662,target_R5,51
BTC,long,2026-02-28 23:10:00+00:00,2026-03-01 01:05:00+00:00,67189.98,67206.777495,66601.03048524268,66551.07971237875,66601.03048524268,0.00017025813738306218,11.442500755816603,0.20496027265630112,0.011364435760059334,-0.3165981558115997,-0.027668615678322097,-3.1573478725997317,stop,23
BTC,long,2026-03-01 03:30:00+00:00,2026-03-01 06:10:00+00:00,67568.85,67585.74221250002,66980.88157430671,66930.64591312598,66980.88157430671,0.00016883503186749054,11.410840940235442,0.2043997080830081,0.01133353669208521,-0.3150029126640992,-0.027605582648459883,-3.173204054800568,stop,32
BTC,short,2026-03-01 12:15:00+00:00,2026-03-01 13:50:00+00:00,66509.01,66492.3827475,66772.77198273275,66822.8515617198,66772.77198273275,0.00017113750746730272,11.379340648969032,0.20533713216389382,0.011416040871733618,-0.2618927413251454,-0.023014755371513804,-5.801844174614329,stop,19
BTC,long,2026-03-01 14:30:00+00:00,2026-03-01 16:45:00+00:00,66930.28,66947.01257,66425.03461631588,66375.21584035365,66425.03461631588,0.0001695841373499023,11.353151374836518,0.20348401585082815,0.011286052594482265,-0.3004516709874016,-0.026464164976548462,-3.5066065768296557,stop,27
BTC,short,2026-03-01 18:15:00+00:00,2026-03-02 01:10:00+00:00,66392.36,66375.76191,66925.7373244893,66975.93162748267,66925.7373244893,0.00017059097902470734,11.323106207737778,0.20473736359645714,0.011394179712142837,-0.3071209032828077,-0.02712337919014952,-3.375349638351842,stop,83
BTC,long,2026-03-02 04:15:00+00:00,2026-03-02 06:15:00+00:00,66747.99,66764.6769975,66337.15974538463,66287.40687557559,66337.15974538463,0.00016913725378814217,11.292394117409497,0.2025365766937341,0.011237456698700816,-0.2832607344311621,-0.02508420548256093,-4.07647406189699,stop,24
BTC,short,2026-03-02 13:30:00+00:00,2026-03-02 14:30:00+00:00,65805.08,65788.62873,66189.70092308192,66239.34319877424,66189.70092308192,0.00017121603324785368,11.26406804396638,0.2034477506826333,0.011316274716724455,-0.28061729415357234,-0.02491260644540278,-4.261250799879436,stop,12
BTC,short,2026-03-03 07:30:00+00:00,2026-03-03 09:30:00+00:00,68234.65,68217.5913375,66470.01407946346,66486.63158298333,68587.5771841073,0.0001647083412687786,11.236006314551023,0.19968218207219335,0.005546745445424481,0.0854213278972582,0.0076024635004551915,1.4694865444953291,target_R5,24
BTC,short,2026-03-03 14:10:00+00:00,2026-03-03 15:40:00+00:00,67189.87,67173.0725325,67689.74294315666,67740.51025036402,67689.74294315666,0.0001673966668995282,11.244548447340748,0.20325675669592508,0.01131011808583081,-0.2982439393394382,-0.026523425172308338,-3.564225644338245,stop,18
BTC,long,2026-03-03 18:00:00+00:00,2026-03-04 03:30:00+00:00,68319.5,68336.57987500001,67494.08550936346,67443.46494523143,67494.08550936346,0.00016411011604503133,11.214724053406805,0.2005459102084296,0.01111032692225817,-0.3471151049743008,-0.030951729469335835,-2.5625129642678286,stop,114
BTC,short,2026-03-04 05:25:00+00:00,2026-03-04 05:40:00+00:00,67809.64,67792.68759,68237.77576863972,68288.9541004662,68237.77576863972,0.00016491472665200135,11.180012542909374,0.2019768006756494,0.01123576266491151,-0.2838184565957255,-0.025386237761936128,-4.019755908618365,stop,3
BTC,long,2026-03-04 07:20:00+00:00,2026-03-04 08:45:00+00:00,68406.76,68423.86169,70400.51564233938,70382.9155134288,68008.00887153212,0.00016297868056283044,11.151630697249802,0.2036029086161424,0.005655656659177822,0.11568109867785101,0.01037346929955097,1.7800396736811182,target_R5,17
BTC,long,2026-03-04 16:50:00+00:00,2026-03-04 23:20:00+00:00,73295.99,73314.31399750001,72508.00369690315,72453.62269413048,72508.00369690315,0.0001522649288854868,11.163198807117588,0.19975810062721733,0.01107042169613824,-0.3308112007271359,-0.029634086648731246,-2.757157992538304,stop,78
BTC,short,2026-03-05 08:40:00+00:00,2026-03-05 09:05:00+00:00,72068.49,72050.47287750001,72527.74100029038,72582.1368060406,72527.74100029038,0.0001544766778417716,11.130117687044873,0.201081285463491,0.01118610858888714,-0.2832109628727454,-0.02544545986269261,-3.9920597114285292,stop,5
BTC,long,2026-03-05 11:15:00+00:00,2026-03-05 12:00:00+00:00,73224.73,73243.0361825,72701.84701709966,72647.32063183683,72701.84701709966,0.00015157477310327773,11.1017965907576,0.199019679588804,0.01103957993318019,-0.2893151290146678,-0.02606020806177684,-3.650393729405434,stop,9
BTC,short,2026-03-05 16:45:00+00:00,2026-03-07 07:10:00+00:00,71350.01,71332.1724975,67427.44012306826,67444.29698309903,72134.52397538634,0.00015522960664410168,11.072865077856132,0.1938799509203751,0.005385592248420193,0.40963343586132084,0.03699434906693831,3.363722472599682,target_R5,461
BTC,short,2026-03-07 07:40:00+00:00,2026-03-07 08:15:00+00:00,67690.01,67673.08749749999,67954.1016902262,68005.06726649388,67954.1016902262,0.0001642281863060088,11.113828421442264,0.2005395955041301,0.011149136047814784,-0.25506003085628376,-0.022949790223878955,-5.88084827863959,stop,7
BTC,short,2026-03-07 18:20:00+00:00,2026-03-08 04:50:00+00:00,67606.09,67589.18847749999,66642.45512637735,66659.11574015894,67798.81697472453,0.00016405467602333867,11.088322418356636,0.19821655849599581,0.0055060253943293325,-0.04563377689337039,-0.00411548069866944,-1.4432956311147769,target_R5,126
BTC,long,2026-03-08 10:35:00+00:00,2026-03-08 11:00:00+00:00,68069.64,68086.65741,67798.75117904643,67747.90211566215,67798.75117904643,0.00016278900246084646,11.0837590406673,0.19901135200401907,0.011047915502763966,-0.2541569884476088,-0.022930576848078723,-5.763494870600215,stop,5
BTC,short,2026-03-08 13:35:00+00:00,2026-03-08 19:45:00+00:00,67003.47,66986.7191325,67439.16473997232,67489.7441135273,67439.16473997232,0.00016508262361601992,11.058343341822539,0.19979754630531713,0.011115052842055228,-0.2828382299177015,-0.025576907966676193,-3.932370517831846,stop,74
BTC,short,2026-03-08 21:35:00+00:00,2026-03-09 03:10:00+00:00,66921.95,66905.2195125,67286.39767746271,67336.8624757208,67286.39767746271,0.00016486097197199997,11.030059518830768,0.19918152104510692,0.011077880122015153,-0.2703425995065626,-0.02450962291228144,-4.499470850057948,stop,67
BTC,long,2026-03-09 14:15:00+00:00,2026-03-13 08:35:00+00:00,68856.0,68873.214,72097.60456408732,72079.5801629463,68207.67908718254,0.00015975768546070917,11.003025258880113,0.2026646293922285,0.005629605405627322,0.3095770075396055,0.028135626362373198,2.9889380045733,target_R5,1084
BTC,long,2026-03-13 09:05:00+00:00,2026-03-13 14:20:00+00:00,71865.09,71883.0562725,73775.63571141001,73757.19180248216,71482.980857718,0.0001534990793630918,11.033982959634073,0.20120079597949858,0.005588929328618839,0.08647728247442298,0.007837358711789318,1.474377958985187,target_R5,63
BTC,short,2026-03-13 21:10:00+00:00,2026-03-15 05:15:00+00:00,71459.03,71441.1652425,71775.9740282969,71829.80600881812,71775.9740282969,0.0001545695769434666,11.042630687881516,0.19930800073136226,0.011082134464165824,-0.25938003956413813,-0.023488971685776728,-5.294561051038387,stop,385
BTC,long,2026-03-15 05:40:00+00:00,2026-03-15 06:30:00+00:00,71662.01,71679.9255025,71410.33640906263,71356.77865675582,71410.33640906263,0.00015369285900751766,11.016692683925102,0.19785348004723666,0.010984928873831925,-0.24751884264892104,-0.02246761798212686,-6.399071023619134,stop,10
BTC,long,2026-03-15 09:55:00+00:00,2026-03-15 13:05:00+00:00,71788.2,71806.14705,71568.69558844205,71515.01906675071,71568.69558844205,0.00015307799194414805,10.99194079966021,0.19745384681021283,0.01096399253037746,-0.2420191338847633,-0.02201787093797346,-7.202672907932149,stop,38
BTC,long,2026-03-15 18:20:00+00:00,2026-03-15 18:45:00+00:00,71776.49,71794.43412250001,71529.2021701826,71475.55526855496,71529.2021701826,0.00015276586577112527,10.967738886271732,0.19698087571509998,0.01093666478230095,-0.2456946799141193,-0.022401579984882226,-6.503792603348536,stop,5
BTC,long,2026-03-15 22:05:00+00:00,2026-03-15 22:10:00+00:00,72232.04,72250.09801,71905.19247514875,71851.2635807924,71905.19247514875,0.00015146234703744896,10.94316941828032,0.19643337394050162,0.010903305489775663,-0.2568417726676271,-0.023470510493840902,-5.188188848291053,stop,1
BTC,long,2026-03-16 01:10:00+00:00,2026-03-16 13:40:00+00:00,72437.02,72455.129255,74535.67802023211,74517.04410072706,72017.28839595358,0.00015067925974695796,10.917485241013559,0.1993109245617828,0.005536434335175172,0.11137687805363206,0.010201697148645932,1.761042719679875,target_R5,150
BTC,long,2026-03-16 13:50:00+00:00,2026-03-16 14:25:00+00:00,74210.39,74228.9425975,73666.80067007958,73611.55056957703,73666.80067007958,0.00014722859502496794,10.928622928818921,0.19589713287108412,0.010865867535969012,-0.28679489372180006,-0.02624254634730952,-3.5835075473461817,stop,7
BTC,long,2026-03-16 18:25:00+00:00,2026-03-17 10:05:00+00:00,74211.68,74230.23292,73737.74957323832,73682.44626105839,73737.74957323832,0.00014683967718643581,10.89994343944674,0.19547505056454711,0.010845025291508839,-0.27591186673056906,-0.02531314664735304,-3.96471858624948,stop,188
BTC,short,2026-03-17 11:25:00+00:00,2026-03-17 14:40:00+00:00,73990.45,73971.9523875,74313.07265318124,74368.80745767112,74313.07265318124,0.0001469793874821523,10.872352252773684,0.19622730618612272,0.010910635180492043,-0.25455682131906066,-0.02341322424079111,-5.368258836445385,stop,39
BTC,long,2026-03-17 22:05:00+00:00,2026-03-17 22:20:00+00:00,74790.9,74809.597725,74503.4587804424,74447.58118635706,74503.4587804424,0.0001449933818721357,10.846896570641778,0.19477172825146863,0.010812927718377496,-0.2472617304829537,-0.022795619822926362,-5.9327995875811546,stop,3
BTC,short,2026-03-18 01:15:00+00:00,2026-03-18 02:10:00+00:00,73931.21,73912.7271975,74299.61379755971,74355.33850790789,74299.61379755971,0.0001464182260340074,10.822170397593482,0.19538232442271525,0.010865332389626484,-0.26018868731522493,-0.024042190961351236,-4.823576503628677,stop,11
BTC,long,2026-03-18 03:45:00+00:00,2026-03-18 04:30:00+00:00,74518.54,74537.169635,74212.9264618587,74157.2667670123,74212.9264618587,0.00014484252060722831,10.79615152886196,0.193835492718648,0.010760253789174973,-0.24886158170390066,-0.023050953021417398,-5.6219786795291675,stop,9
BTC,short,2026-03-18 06:50:00+00:00,2026-03-18 09:40:00+00:00,74061.5,74042.984625,74291.1272972246,74346.84564269752,74291.1272972246,0.00014547313868078115,10.771265370691571,0.19428060921615303,0.01079901231314838,-0.23848422518334764,-0.02214078076957041,-7.1392622302363575,stop,34
BTC,short,2026-03-18 11:25:00+00:00,2026-03-18 12:10:00+00:00,73944.73,73926.2438175,72721.40162248675,72739.58197289238,74189.39567550264,0.0001453802654265126,10.747416948173235,0.1919008501416531,0.005330590286089984,-0.019383636201082646,-0.0018035623159085988,-0.5449501129735321,target_R5,9
BTC,short,2026-03-18 23:05:00+00:00,2026-03-19 03:15:00+00:00,71137.8,71120.01555000001,71450.99167351254,71504.57991726768,71450.99167351254,0.00015108937338460866,10.745478584553126,0.19394154682544493,0.010783655576233484,-0.2520451361019652,-0.02345592465879425,-5.32640509807894,stop,50
BTC,short,2026-03-19 06:50:00+00:00,2026-03-19 12:50:00+00:00,70649.04,70631.37774,69201.10426262971,69218.40453869538,70938.62714747405,0.00015177778508590267,10.72027407094293,0.19103481179105497,0.005306536285032564,0.02342313108869694,0.00218493771089163,0.532914399490687,target_R5,72
BTC,short,2026-03-19 16:00:00+00:00,2026-03-19 19:05:00+00:00,69408.9,69391.547775,70075.37510355789,70127.93163488556,70075.37510355789,0.00015452337824801892,10.7226163840518,0.1940311916083839,0.010802537196869112,-0.3078197133252173,-0.028707518976716404,-2.9889476200088674,stop,37
BTC,short,2026-03-20 00:00:00+00:00,2026-03-20 00:35:00+00:00,69917.19,69899.7107025,70238.70720328839,70291.38623369085,70238.70720328839,0.00015295963753304747,10.69183441271928,0.19299221435448066,0.010731392405885507,-0.2529027616359968,-0.02365382327050793,-5.142478805818517,stop,7
BTC,long,2026-03-20 02:30:00+00:00,2026-03-20 13:30:00+00:00,70248.21,70265.77205250002,69976.53229564805,69924.04989642631,69976.53229564805,0.00015180284546771971,10.666544136555679,0.19153092489714002,0.010632947080588689,-0.24340532054849326,-0.022819510933659436,-5.901958563139311,stop,132
BTC,short,2026-03-20 14:15:00+00:00,2026-03-20 21:15:00+00:00,69796.12,69778.67096999999,70404.83752337798,70457.64115152051,70404.83752337798,0.00015251370449684032,10.642203604500828,0.19249163519965418,0.010714493144067916,-0.29604389282624066,-0.027817912889867753,-3.18883047729985,stop,84
BTC,long,2026-03-20 22:40:00+00:00,2026-03-21 16:25:00+00:00,70730.11,70747.7925275,70359.40526978587,70306.63571583353,70359.40526978587,0.0001500060826787357,10.612599215218205,0.19043120002744152,0.010568240755229052,-0.25660740519256964,-0.02417950588623011,-4.614580086065686,stop,213
BTC,short,2026-03-22 02:35:00+00:00,2026-03-23 11:05:00+00:00,69248.43,69231.1178925,69644.31673352212,69696.54997107227,69644.31673352212,0.00015292167448658028,10.586938474698949,0.19120546441991643,0.010634990617813997,-0.262380117234957,-0.02478337980918682,-4.3340201730920285,stop,390
BTC,long,2026-03-23 11:55:00+00:00,2026-03-24 14:50:00+00:00,70477.07,70494.68926750001,69477.45178650053,69425.34369766066,69477.45178650053,0.00014980845468942617,10.560700462975452,0.18865083526743856,0.010445747502856024,-0.34884784261405566,-0.03303264246884705,-2.329515243998725,stop,323
BTC,short,2026-03-24 16:50:00+00:00,2026-03-24 20:25:00+00:00,69474.18,69456.81145499999,69986.38065621497,70038.87044170713,69986.38065621497,0.00015154475793254004,10.525815678714046,0.19025855411103976,0.010586663784006235,-0.2784665423540328,-0.026455578441979086,-3.5875005263684705,stop,43
BTC,long,2026-03-25 00:35:00+00:00,2026-03-25 03:10:00+00:00,70776.0,70793.694,70420.262945196,70367.4477479871,70420.262945196,0.00014828960647933758,10.497969024478643,0.18839457143984698,0.010455781107281702,-0.2516024604141332,-0.023966774890215346,-4.769524301255572,stop,31
BTC,long,2026-03-25 05:30:00+00:00,2026-03-25 07:45:00+00:00,71168.0,71185.792,70875.2883239395,70822.13185769654,70875.2883239395,0.0001471193686857797,10.472808778437228,0.1880290449569033,0.01043789356288869,-0.24153049550876898,-0.023062628242202145,-5.608698221807215,stop,27
BTC,long,2026-03-25 09:55:00+00:00,2026-03-25 15:05:00+00:00,71211.58,71229.382895,70916.25940476327,70863.0722102097,70916.25940476327,0.00014669024641542698,10.44865572888635,0.18759219527840587,0.010413553729666177,-0.24132639989489824,-0.023096406481048784,-5.570701154176,stop,62
BTC,long,2026-03-25 23:50:00+00:00,2026-03-26 02:15:00+00:00,71199.79,71217.5899475,70938.19573975282,70884.992092948,70938.19573975282,0.00014637567905038045,10.424523088896862,0.18720325746884675,0.010393199331386903,-0.2358874942795961,-0.022628132938842964,-6.1603839908159,stop,29
BTC,short,2026-03-26 05:30:00+00:00,2026-03-26 09:35:00+00:00,70535.69,70518.0560775,69388.65309262653,69406.0002558997,70765.0973814747,0.00014749320837826525,10.400934339468902,0.1857406319812282,0.005159472573239325,-0.02171995095767043,-0.0020882692120503766,-0.6419178164784936,target_R5,49
BTC,short,2026-03-26 10:30:00+00:00,2026-03-27 08:35:00+00:00,69615.96,69598.55601000001,68086.22868097448,68103.25023814473,69921.90626380511,0.00014941060476713087,10.398762344373134,0.1851669913415543,0.005143541822144127,0.03824754834312577,0.0036780865911241706,0.8367139785863095,target_R5,265
BTC,short,2026-03-27 13:50:00+00:00,2026-03-28 13:40:00+00:00,66377.54,66360.94561499999,66786.7570075599,66836.84707531559,66786.7570075599,0.00015675766827614467,10.402587099207446,0.18791797861496856,0.010453299324251484,-0.2625191818632535,-0.025235951341686373,-4.092404674268691,stop,286
BTC,long,2026-03-28 13:55:00+00:00,2026-03-28 21:50:00+00:00,66815.36,66832.06384,66546.77282027638,66496.86274066118,66546.77282027638,0.0001552598346485707,10.37633518102112,0.18630564385306386,0.010342466144750238,-0.23834891111042894,-0.022970432908372314,-5.715691419614633,stop,95
BTC,short,2026-03-29 00:10:00+00:00,2026-03-29 01:20:00+00:00,66327.99,66311.4080025,66553.05347984517,66602.96826995506,66553.05347984517,0.00015611944613692683,10.352500289910077,0.18675466926561696,0.010381441651541864,-0.2322728967362353,-0.0224364057214871,-6.610533414531315,stop,14
BTC,long,2026-03-29 03:40:00+00:00,2026-03-29 04:55:00+00:00,66896.41,66913.13410250001,66667.87557456408,66617.87466788315,66667.87557456408,0.00015436839327259266,10.329273000236453,0.18551670548357274,0.010300232458360717,-0.23109543000395194,-0.022372864963358195,-6.5506039656596835,stop,15
BTC,short,2026-03-29 10:05:00+00:00,2026-03-29 11:05:00+00:00,66491.99,66475.3670025,66639.53279811758,66689.51244771617,66639.53279811758,0.00015503733069797816,10.306163457236059,0.18580974707411602,0.010325896623585795,-0.21901028528156125,-0.021250418372492624,-9.574370137283253,stop,12
BTC,short,2026-03-29 15:50:00+00:00,2026-03-29 20:20:00+00:00,66373.15,66356.5567125,66608.68344471538,66658.63995729892,66608.68344471538,0.0001549848717025215,10.284262428707903,0.18553808871319,0.010314212227775274,-0.23235642165183254,-0.02259339678101013,-6.365210752293515,stop,54
BTC,long,2026-03-30 09:20:00+00:00,2026-03-30 14:25:00+00:00,67574.99,67591.8837475,67279.53189292103,67229.07224400133,67279.53189292103,0.00015180856365646476,10.26102678654272,0.18420278111875135,0.01022482236785878,-0.23928067434292682,-0.023319369427701145,-5.334766823646119,stop,61
BTC,long,2026-03-31 03:45:00+00:00,2026-03-31 05:00:00+00:00,67666.56,67683.47664000001,67301.63355419904,67251.15732903339,67301.63355419904,0.00015124959927159594,10.237098719108426,0.183679283841082,0.010193143850070866,-0.2490674063821553,-0.024329882246544088,-4.512501178350065,stop,15
BTC,long,2026-03-31 06:05:00+00:00,2026-03-31 06:25:00+00:00,67637.88,67654.78947,67345.20589348866,67294.69698906854,67345.20589348866,0.00015094558801337455,10.21219197847021,0.18333026627100324,0.010176506169750042,-0.23768463754439736,-0.023274595507555527,-5.380174822544596,stop,4
BTC,long,2026-03-31 17:25:00+00:00,2026-03-31 17:45:00+00:00,68263.79,68280.8559475,67508.4829811703,67457.85161893441,67508.4829811703,0.00014921347094051487,10.188423514715772,0.18228639327270485,0.01010135055902665,-0.3050897257370437,-0.02994474319764816,-2.7070484527358905,stop,4
BTC,long,2026-03-31 20:40:00+00:00,2026-04-01 02:10:00+00:00,68030.73,68047.7376825,67660.5077067865,67609.76232600641,67660.5077067865,0.0001492763005514936,10.157914542142066,0.18225404769000642,0.01011392663748334,-0.24763338864008988,-0.02437836896665502,-4.480802174745141,stop,66
BTC,long,2026-04-01 04:20:00+00:00,2026-04-02 01:05:00+00:00,68059.03,68076.0447575,67781.2237056007,67730.3877878215,67781.2237056007,0.0001488504691977082,10.133151203278059,0.1819336608399421,0.010099604850690534,-0.23338486295804498,-0.023031814908924416,-5.643914102006575,stop,249
BTC,short,2026-04-02 06:10:00+00:00,2026-04-02 07:35:00+00:00,66552.45,66535.8118875,66830.96375575417,66881.086978571,66830.96375575417,0.00015194543254504984,10.109812716982255,0.18244879566321892,0.010144079972000416,-0.23491176872303376,-0.023236015868863112,-5.550990387096766,stop,17
BTC,short,2026-04-02 11:55:00+00:00,2026-04-02 14:20:00+00:00,66217.49,66200.9356275,66465.884733905,66515.73414745543,66465.884733905,0.00015235919922436977,10.086321540109951,0.18198544977573594,0.010117227668110233,-0.22994790019316116,-0.022797994222049606,-6.076008634334789,stop,29
BTC,long,2026-04-02 19:40:00+00:00,2026-04-03 01:35:00+00:00,66962.79,66979.5306975,66627.95924519374,66577.98827575984,66627.95924519374,0.00015024480830628227,10.063326750090635,0.1805969145240007,0.010023081610276527,-0.24092657870519132,-0.023941047000488325,-4.789166077134576,stop,71
BTC,short,2026-04-03 03:05:00+00:00,2026-04-03 07:00:00+00:00,66507.99,66491.3630025,66813.47977257211,66863.58988240155,66813.47977257211,0.00015098553614914845,10.039234092220116,0.18121202153524163,0.010076337931177914,-0.23741289656630088,-0.0236485068866243,-5.147214725476595,stop,47
BTC,long,2026-04-03 16:05:00+00:00,2026-04-05 06:10:00+00:00,66837.56,66854.26939,66631.21766368832,66581.24425044055,66631.21766368832,0.00014981081827605155,10.015492802563486,0.17991075137003673,0.009989805319490688,-0.22081287093737162,-0.022047129910657427,-7.143200899388215,stop,457
BTC,short,2026-04-05 06:55:00+00:00,2026-04-05 09:00:00+00:00,66812.77,66796.0668075,66963.58603048981,67013.80872001268,66963.58603048981,0.00014961077789609717,9.99341151546975,0.18017459611065995,0.010012833270824233,-0.21275113302226537,-0.0212891396189307,-9.42891009425169,stop,25
BTC,short,2026-04-05 13:10:00+00:00,2026-04-05 14:00:00+00:00,66803.99,66787.28900250001,66948.94277534854,66999.15448243005,66948.94277534854,0.00014931189079697848,9.972136402167523,0.17978316155764207,0.009990862439405083,-0.21141719696060596,-0.021200792732302853,-9.768308801882927,stop,10
BTC,long,2026-04-05 16:05:00+00:00,2026-04-05 23:15:00+00:00,67337.3,67354.134325,68809.00591990136,68791.80366842139,67042.95881601973,0.00014774140863358891,9.950994682471464,0.18102953393000396,0.005028611754216976,0.0313737600163978,0.003152826528152229,0.7214617356938459,target_R5,86
BTC,long,2026-04-06 00:25:00+00:00,2026-04-06 02:00:00+00:00,69237.36,69254.66934000001,68747.77534293363,68696.21451142643,68747.77534293363,0.00014373228770473405,9.954132058473105,0.17845196514170014,0.009898867305348585,-0.2587199552323359,-0.02599121186182271,-3.6766119143157674,stop,19
BTC,long,2026-04-06 05:30:00+00:00,2026-04-06 06:25:00+00:00,69158.88,69176.16972,68960.40299127651,68908.68268903306,68960.40299127651,0.00014352139043164515,9.928260062949871,0.17836317013763636,0.00990441434609953,-0.2167532807444455,-0.021831950348815105,-7.6091972181636285,stop,11
BTC,long,2026-04-06 09:45:00+00:00,2026-04-06 12:10:00+00:00,69857.49,69874.95437250001,69478.268001194,69426.1593001931,69478.268001194,0.0001417759027371081,9.906584734875427,0.17774587028907518,0.009863785301785033,-0.24137419680935274,-0.024365026219339957,-4.489468176217433,stop,29
BTC,long,2026-04-06 15:10:00+00:00,2026-04-06 22:30:00+00:00,69688.0,69705.422,69241.16716682975,69189.23629145462,69241.16716682975,0.0001417744420971225,9.88244731519449,0.17722541420587304,0.009832465214140418,-0.25040735505340234,-0.02533859752213354,-3.952792861341744,stop,88
BTC,short,2026-04-07 00:00:00+00:00,2026-04-07 09:05:00+00:00,68853.6,68836.38660000001,69199.0038955373,69250.90314845895,69199.0038955373,0.00014320052324898107,9.857406579689151,0.17796754931411685,0.009896968061504315,-0.23732653594879835,-0.02407596095689119,-4.798157107108004,stop,109
BTC,short,2026-04-07 12:10:00+00:00,2026-04-07 12:30:00+00:00,68152.7,68135.661825,68478.6757512206,68530.03475803402,68478.6757512206,0.00014432491976596823,9.83367392609427,0.1775183912469589,0.0098714177774396,-0.23443623316496248,-0.023840147123738893,-4.983082932392914,stop,4
BTC,short,2026-04-07 14:35:00+00:00,2026-04-07 16:20:00+00:00,68099.26,68082.235185,68540.32085386838,68591.72609450879,68540.32085386838,0.00014409383411282572,9.810230302777775,0.1772448759373707,0.009860349085779959,-0.25065937453412346,-0.025550814486296928,-3.944028461758369,stop,21
BTC,long,2026-04-07 21:40:00+00:00,2026-04-07 23:25:00+00:00,69862.79,69880.2556975,72249.92050408325,72231.85802395723,69385.36389918334,0.00014002759817712617,9.785164365324363,0.17909656160661244,0.004974925380582388,0.15019266403493542,0.015349018005990006,2.2466163896976163,target_R5,21
BTC,long,2026-04-08 00:15:00+00:00,2026-04-08 14:30:00+00:00,71954.56,71972.54864000001,71190.05400808495,71136.66146757887,71190.05400808495,0.00013616557725011882,9.800183631727856,0.17537893383696315,0.009719659648405744,-0.2891979931856566,-0.029509446358676902,-2.7780947250251757,stop,171
BTC,long,2026-04-08 22:10:00+00:00,2026-04-08 22:25:00+00:00,71511.24,71529.11781000001,71248.21539881392,71194.77923726481,71248.21539881392,0.00013660540115095947,9.771263832409291,0.17547169688972863,0.009741873691134618,-0.22114415173845986,-0.022632092995480253,-6.154761337382508,stop,3
BTC,short,2026-04-08 23:20:00+00:00,2026-04-09 08:45:00+00:00,71085.95,71068.1785125,71387.79351640867,71441.33436154597,71387.79351640867,0.00013718023482930117,9.749149417235445,0.1759453959732385,0.00978264253741039,-0.2271350029732922,-0.02329793023499486,-5.485429949307433,stop,113
BTC,long,2026-04-09 10:20:00+00:00,2026-04-09 11:15:00+00:00,71417.05,71434.90426250001,71189.89196910789,71136.49955013106,71189.89196910789,0.00013615803111034671,9.726435916938115,0.1747101747218942,0.009700807873032725,-0.2153403728321001,-0.022139699954954243,-6.9623219591729475,stop,11
BTC,long,2026-04-09 16:45:00+00:00,2026-04-12 01:45:00+00:00,71990.44,72008.43761000001,71418.3579384399,71364.79416998607,71418.3579384399,0.00013477450979032434,9.704901879654905,0.17390751327181955,0.009644649701036656,-0.26065424237945645,-0.026857998732154623,-3.380638296470426,stop,684
BTC,short,2026-04-12 11:05:00+00:00,2026-04-12 14:55:00+00:00,71473.97,71456.1015075,70736.29361720715,70753.97769061146,71621.50527655857,0.00013545150450729635,9.678836455416961,0.17336312265137366,0.004815648540832931,-0.0782593953034146,-0.008085620173860372,-3.9161271078452047,target_R5,46
BTC,short,2026-04-12 16:50:00+00:00,2026-04-12 17:50:00+00:00,70885.99,70868.26850250001,71094.37212094365,71147.69290003435,71094.37212094365,0.000136464608494639,9.67101051588662,0.1744213731550795,0.00969475646151756,-0.2125529141684538,-0.021978356224439215,-7.4745762405326355,stop,12
BTC,short,2026-04-13 05:00:00+00:00,2026-04-13 06:45:00+00:00,70913.71,70895.98157250001,71113.56630873069,71166.90148346224,71113.56630873069,0.00013611145526776707,9.649755224469773,0.17402747177053463,0.009672570316305302,-0.21090277511261735,-0.02185576423511881,-7.7529994840138015,stop,21
BTC,short,2026-04-13 08:10:00+00:00,2026-04-13 11:40:00+00:00,70754.73,70737.0413175,70957.14130892251,71010.3591649042,70957.14130892251,0.0001361191359946861,9.628664946958512,0.17365080314841852,0.009651736754502031,-0.2108545923890066,-0.02189863221438721,-7.6529540764881006,stop,42
BTC,long,2026-04-13 14:55:00+00:00,2026-04-13 22:50:00+00:00,72096.63,72114.65415750002,74622.77772607638,74604.12203164486,71591.40045478473,0.00013322645168257263,9.607579487719612,0.17592139752200364,0.00488672652108048,0.15574157392807125,0.016210282113943455,2.313797558977744,target_R5,95
BTC,long,2026-04-13 23:05:00+00:00,2026-04-14 01:00:00+00:00,74671.25,74689.9178125,74100.3326039813,74044.75735452831,74100.3326039813,0.0001288414009139785,9.623153645112417,0.1724686552170491,0.009565580110166711,-0.25559203243642625,-0.026560111358737475,-3.474710261604921,stop,23
BTC,long,2026-04-14 03:55:00+00:00,2026-04-14 05:55:00+00:00,74469.4,74488.01735,74231.38827850891,74175.71473730002,74231.38827850891,0.00012884749498395364,9.597594441868775,0.17239454526972792,0.009572195232390857,-0.21263395459306367,-0.022154921827647167,-6.933592140534479,stop,24
BTC,long,2026-04-14 07:30:00+00:00,2026-04-14 10:35:00+00:00,74705.83,74724.50645750001,74441.19371699837,74385.36282171062,74441.19371699837,0.00012815515953733413,9.57633104640947,0.17198279177461445,0.009548501683220904,-0.21544579852527634,-0.022497739215694215,-6.352615144960834,stop,37
BTC,long,2026-04-14 13:35:00+00:00,2026-04-14 17:30:00+00:00,74780.54,74799.235135,74380.8590090449,74325.07336478811,74380.8590090449,0.00012773909317805406,9.55478646655694,0.17144103544710582,0.009514107201456928,-0.23201002999367248,-0.024282073786341465,-4.544325569173849,stop,47
BTC,short,2026-04-14 20:55:00+00:00,2026-04-15 00:00:00+00:00,74189.12,74170.57272,74575.77122717437,74631.70305559474,74575.77122717437,0.00012850899101912144,9.531585463557574,0.17210187289143664,0.009571235075106179,-0.23136126704702625,-0.024273114680825915,-4.656265624014645,stop,37
BTC,short,2026-04-15 04:10:00+00:00,2026-04-15 19:05:00+00:00,74401.98,74383.379505,74631.20482551002,74687.17822912916,74631.20482551002,0.0001278302948874986,9.50844933685287,0.17150160018777852,0.009532803451393576,-0.21033628067965432,-0.022120986632850056,-7.178252792101428,stop,179
BTC,long,2026-04-15 20:25:00+00:00,2026-04-16 13:50:00+00:00,74660.24,74678.90506,74274.63286454433,74218.92688989591,74274.63286454433,0.0001270427800349019,9.487415708784905,0.17024755060875973,0.009448302995806648,-0.2286844560941506,-0.024103977638757778,-4.66811553039858,stop,209
BTC,short,2026-04-16 14:15:00+00:00,2026-04-16 15:10:00+00:00,73833.57,73815.1116075,74406.90962282344,74462.71480504057,74406.90962282344,0.00012821964306579525,9.46454726317549,0.1711091697946911,0.009522049043020401,-0.2541446206316099,-0.02685227444744576,-3.4571195786059223,stop,11
BTC,short,2026-04-16 17:55:00+00:00,2026-04-16 18:50:00+00:00,74331.38,74312.79715500001,74814.26571703448,74870.37641632225,74814.26571703448,0.00012701894105027957,9.43913280111233,0.17054179856594465,0.00948749489872508,-0.2413649258906932,-0.02557066745180767,-3.9351501948203125,stop,11
BTC,long,2026-04-16 21:00:00+00:00,2026-04-16 21:20:00+00:00,75245.99,75264.80149750001,74876.0896114646,74819.93254425601,74876.0896114646,0.00012509162478606934,9.41499630852326,0.16896908913181516,0.009377939567278445,-0.22461846930998552,-0.02385752069882828,-4.854365162279217,stop,4
BTC,short,2026-04-17 05:30:00+00:00,2026-04-17 06:50:00+00:00,74692.67,74673.9968325,74898.0399841494,74954.21351413752,74898.0399841494,0.0001257805241449778,9.392534461592263,0.16938283251847552,0.009414256840575792,-0.20462863360900976,-0.021786306395336904,-7.921657010859462,stop,16
BTC,long,2026-04-17 12:30:00+00:00,2026-04-17 14:20:00+00:00,75807.03,75825.9817575,77636.96093118253,77617.55169094974,75441.04381376349,0.0001235997395748109,9.372071598231363,0.17069022696300457,0.004741409329604174,0.050747350241443764,0.00541474205671033,1.121840517085425,target_R5,22
BTC,long,2026-04-18 02:40:00+00:00,2026-04-18 03:30:00+00:00,77385.01,77404.3562525,77156.76691160229,77098.89933641859,77156.76691160229,0.00012114494309165763,9.377146333255507,0.1684555929521584,0.009354064760631714,-0.20546015366779447,-0.021910733432744023,-7.430613685994626,stop,10
BTC,short,2026-04-18 11:40:00+00:00,2026-04-18 12:00:00+00:00,75858.76,75839.79531,76161.32627272714,76218.44726743168,76161.32627272714,0.00012337322746775654,9.356600317888725,0.168839245348675,0.009386936486092737,-0.2155547594240046,-0.02303772226028391,-5.7745237923600055,stop,4
BTC,short,2026-04-18 17:05:00+00:00,2026-04-19 13:20:00+00:00,75927.99,75909.0080025,76203.92084023109,76261.07378086126,76203.92084023109,0.00012297677294951454,9.335044841946326,0.16842047037463329,0.009362828999959223,-0.21171638366345946,-0.02267973933152712,-6.239231950186182,stop,243
BTC,short,2026-04-19 19:25:00+00:00,2026-04-20 07:20:00+00:00,74894.01,74875.2864975,75250.56785491062,75307.0057808018,75250.56785491062,0.00012439182057608498,9.313873203579979,0.16813303879308902,0.009349466914677517,-0.2218353864208032,-0.023817737430174183,-5.0016004113933255,stop,143
BTC,long,2026-04-20 10:40:00+00:00,2026-04-20 13:30:00+00:00,75225.22,75244.026305,74920.2126473554,74864.02248786988,74920.2126473554,0.00012348740652545943,9.291689664937898,0.1668280827962576,0.009261118897895694,-0.21375376864343199,-0.023004832958426258,-5.67519517564838,stop,34
BTC,long,2026-04-20 14:50:00+00:00,2026-04-20 15:00:00+00:00,75445.99,75464.85149750001,74915.00972799576,74858.82347069976,74915.00972799576,0.00012284280832886368,9.270314288073555,0.16619564152268068,0.009219076957917027,-0.2406418262608237,-0.025958324473466257,-3.6892916833233538,stop,2
BTC,long,2026-04-20 18:35:00+00:00,2026-04-20 23:05:00+00:00,76173.71,76192.7534275,75752.60553003843,75695.7910758909,75752.60553003843,0.00012135340553410494,9.246250105447473,0.16588972923394446,0.00920561227453141,-0.2261978030239471,-0.0244637339942472,-4.426358267604506,stop,54
BTC,long,2026-04-21 01:25:00+00:00,2026-04-21 02:10:00+00:00,76056.62,76075.634155,75783.56694161816,75726.72926641194,75783.56694161816,0.00012124289764515705,9.223630325145079,0.16564462569535662,0.009196495685891697,-0.20794686539033394,-0.02254501297861405,-6.281292615966113,stop,9
BTC,long,2026-04-21 05:45:00+00:00,2026-04-21 08:45:00+00:00,75874.22,75893.188555,76865.14570833607,76845.929421909,75676.03485833279,0.00012126036359556465,9.202835638606047,0.16669080883031248,0.004630307755286571,-0.05116110489657455,-0.005559276173742893,-2.1288739979894507,target_R5,36
BTC,long,2026-04-21 09:10:00+00:00,2026-04-21 12:40:00+00:00,76446.52,76465.63163,76108.77450965781,76051.69292877556,76108.77450965781,0.00012028566732597054,9.19771952811639,0.16511083346991556,0.00916495121667998,-0.21490172637874294,-0.023364674876398723,-5.289766031941148,stop,42
BTC,short,2026-04-21 16:15:00+00:00,2026-04-22 00:05:00+00:00,75980.29,75961.2949275,76469.7629686302,76527.11529085667,76469.7629686302,0.00012080138133817515,9.176229355478517,0.16578729533195807,0.009222870744528723,-0.2341391768147124,-0.02551583746922405,-3.9598020310417015,stop,94
BTC,long,2026-04-22 01:25:00+00:00,2026-04-22 03:05:00+00:00,76195.34,76214.388835,77728.72220120393,77709.29002065363,75888.66355975921,0.00012009301101413267,9.152815437797045,0.1663664225413305,0.004621301024318071,0.013160762012410107,0.001437892209435583,0.35734103300109393,target_R5,20
BTC,long,2026-04-22 04:30:00+00:00,2026-04-22 15:30:00+00:00,77527.15,77546.5317875,79265.61064859637,79245.79424593422,77179.45787028072,0.00011804694939914609,9.154131513998287,0.16657970199698902,0.004627226770610851,0.03401304744966298,0.003715595236713719,0.828697285630078,target_R5,132
BTC,short,2026-04-23 10:05:00+00:00,2026-04-23 13:00:00+00:00,77638.08,77618.67048,77910.70097654425,77969.13400227665,77910.70097654425,0.00011798105741972062,9.157532818743254,0.16520772324988572,0.009183945857752066,-0.20655578019512494,-0.022555832917394,-6.421933428636915,stop,35
BTC,long,2026-04-23 16:00:00+00:00,2026-04-23 17:00:00+00:00,78410.44,78430.04261,77952.02040163687,77893.55638633564,77952.02040163687,0.00011649716022924572,9.13687724072374,0.16390129823899618,0.009094540156274042,-0.22640041979800699,-0.024778752502980287,-4.239344525344506,stop,12
BTC,short,2026-04-23 19:55:00+00:00,2026-04-23 22:05:00+00:00,77738.53,77719.0953675,78186.26128097424,78244.90097693498,78186.26128097424,0.0001172715296755148,9.114237198743941,0.1646112278305646,0.00915589592697846,-0.2262732559609703,-0.024826351457273205,-4.309463418183386,stop,26
BTC,long,2026-04-24 01:00:00+00:00,2026-04-24 01:05:00+00:00,78446.02,78465.63150500001,78215.79491505082,78157.13306886452,78215.79491505082,0.00011586741480017917,9.091609873147844,0.16332727347027692,0.009069330849703622,-0.19907218973519403,-0.021896252975301508,-7.462711188398524,stop,1
BTC,short,2026-04-24 04:55:00+00:00,2026-04-24 05:55:00+00:00,77695.33,77675.9061675,77987.05644759683,78045.54673993253,77987.05644759683,0.00011678914481682572,9.071702654174324,0.1636791778322338,0.009099524008713339,-0.20684918417623094,-0.02280158334786797,-6.0712138484172655,stop,12
BTC,short,2026-04-24 07:55:00+00:00,2026-04-24 08:15:00+00:00,77677.76,77658.34056,77873.48135394075,77931.8864649562,77873.48135394075,0.00011654920347884269,9.051017735756702,0.1632052532596585,0.00907038943194949,-0.19508681059720342,-0.02155412974460307,-8.552249994589275,stop,4
BTC,long,2026-04-24 13:00:00+00:00,2026-04-24 13:55:00+00:00,78290.74,78310.31268500001,77973.02905789341,77914.54928609998,77973.02905789341,0.00011532975345183274,9.031509054696981,0.16215637332756205,0.009001770598296516,-0.207799668547962,-0.023008299863231878,-5.671152352176143,stop,11
BTC,short,2026-04-24 18:40:00+00:00,2026-04-25 10:30:00+00:00,77563.77,77544.3790575,77892.17552306241,77950.5946547047,77892.17552306241,0.00011620093161311706,9.010729087842185,0.16261794725863798,0.009041603104220598,-0.2098205780896033,-0.023285638270126863,-5.498294741746512,stop,190
BTC,long,2026-04-25 15:35:00+00:00,2026-04-25 15:45:00+00:00,77729.68,77749.11242,77640.60051651389,77582.3700661265,77640.60051651389,0.00011562507596833636,8.989747030033225,0.16164193016459416,0.008979775288462324,-0.18092152749835705,-0.02012531908783738,-17.565500326377474,stop,2
BTC,short,2026-04-25 16:40:00+00:00,2026-04-25 21:00:00+00:00,77299.71,77280.38507250001,77521.79769744108,77579.93904571417,77521.79769744108,0.00011609226414783904,8.971654877283388,0.1618027708819652,0.008993235349598202,-0.19657866986687844,-0.021911082465356977,-7.6244515557973855,stop,52
BTC,short,2026-04-26 04:05:00+00:00,2026-04-26 04:10:00+00:00,77402.63,77383.27934250001,77508.51374208592,77566.64512739249,77508.51374208592,0.00011568386719145066,8.951997010296699,0.16132685835330318,0.008963422349756119,-0.1825393214602607,-0.020390905096404933,-14.902336034186462,stop,1
BTC,long,2026-04-26 06:55:00+00:00,2026-04-26 12:45:00+00:00,77988.58,78008.077145,77803.12580431828,77744.77345996503,77803.12580431828,0.00011452330842029083,8.933743078150675,0.16053598572454703,0.00891558107956416,-0.19069039485400652,-0.021344960694065572,-8.978385926286842,stop,70
BTC,long,2026-04-26 14:35:00+00:00,2026-04-26 17:00:00+00:00,78086.95,78106.4717375,77918.90079103166,77860.46161543838,77918.90079103166,0.00011413489612775858,8.914674038665273,0.160211427638424,0.008898060717926771,-0.18828976736630415,-0.02112132945631463,-9.816841937940168,stop,29
BTC,long,2026-04-26 23:05:00+00:00,2026-04-27 05:20:00+00:00,78338.11,78357.6945275,77889.51550494725,77831.09836831853,77889.51550494725,0.00011352867278154291,8.895845061928643,0.15958715724732198,0.008855425403285499,-0.21937092029105243,-0.024659930424135806,-4.307443173186124,stop,75
BTC,short,2026-04-27 07:05:00+00:00,2026-04-27 09:40:00+00:00,77676.96,77657.54076,77965.99428753142,78024.46878324707,77965.99428753142,0.00011426975259652218,8.873907969899538,0.16010770242812622,0.008900897909046638,-0.20203647686529902,-0.022767474888246594,-6.117150059382322,stop,31
BTC,short,2026-04-28 03:05:00+00:00,2026-04-28 05:25:00+00:00,76808.15,76788.9479625,77090.605855038,77148.42380942928,77090.605855038,0.00011529920069404688,8.853704322213009,0.15973970330021203,0.008880343502527019,-0.2011869811199743,-0.022723480906767738,-6.177645680744994,stop,28
BTC,short,2026-04-28 10:00:00+00:00,2026-04-29 03:15:00+00:00,76587.24,76568.09319000001,76801.26706542142,76858.86801572048,76801.26706542142,0.00011536901672842885,8.83358562410101,0.15930645888541295,0.0088543136418111,-0.19285286461816334,-0.0218317762259524,-7.810308819029969,stop,207
BTC,long,2026-04-29 05:10:00+00:00,2026-04-29 06:35:00+00:00,77254.21,77273.52355250002,77004.1125526982,76946.35946828368,77004.1125526982,0.00011406624070469252,8.814300337639194,0.15832154068288412,0.008790701556594248,-0.19563991786303458,-0.02219573991909543,-6.85789899060295,stop,17
BTC,long,2026-04-29 11:05:00+00:00,2026-04-29 12:10:00+00:00,77679.49,77698.90987250001,77404.70081531684,77346.64728970535,77404.70081531684,0.00011318995800950888,8.794736345852892,0.15794640094275839,0.0087692106790945,-0.19781898789760724,-0.022492884393389197,-6.3600487015877665,stop,13
BTC,short,2026-04-29 16:15:00+00:00,2026-04-30 01:50:00+00:00,76000.01,75981.00999749999,76405.5163958785,76462.82053317541,76405.5163958785,0.00011548878393893227,8.774954447063129,0.1584499734628234,0.008812272314652685,-0.21409368631694364,-0.02439826754754245,-4.571580200197225,stop,115
BTC,short,2026-04-30 03:20:00+00:00,2026-04-30 07:45:00+00:00,75765.69,75746.74857750001,76092.481848088,76149.55120947407,76092.481848088,0.00011556331120239804,8.753545078431435,0.1579827542649735,0.008784057872962598,-0.2045319601769368,-0.02336561454180428,-5.415891921453957,stop,53
BTC,long,2026-04-30 13:35:00+00:00,2026-05-01 03:20:00+00:00,76241.43,76260.4903575,77412.24972004918,77392.89665761917,76007.26605599016,0.00011451659753922452,8.73309188241374,0.15836276773214197,0.0043989741502309795,-0.02868345121051291,-0.0032844554479352496,-1.069653076078964,target_R5,165
BTC,long,2026-05-01 03:45:00+00:00,2026-05-01 13:50:00+00:00,77126.0,77145.28150000001,78581.61265103905,78561.9672478763,76834.87746979219,0.00011316600792094703,8.730223537292689,0.15858690970635933,0.004405202231655148,0.0017337608593008813,0.00019859295147424532,0.05262563888291437,target_R5,121
BTC,long,2026-05-01 14:15:00+00:00,2026-05-01 14:30:00+00:00,78683.86,78703.53096500001,78176.71069576168,78118.07816273985,78176.71069576168,0.00011092763953959175,8.73039691337862,0.15656265836406613,0.00868602220325539,-0.22150555578062492,-0.025371762358385536,-3.9373952950775366,stop,3
BTC,long,2026-05-01 16:00:00+00:00,2026-05-01 20:40:00+00:00,78438.2,78457.80955,77988.50532124758,77930.01394225664,77988.50532124758,0.00011099272854732095,8.708246357800556,0.15622120116884147,0.008668635210785171,-0.21480267578756881,-0.02466658233608145,-4.3035555247011095,stop,56
BTC,long,2026-05-02 09:35:00+00:00,2026-05-02 10:20:00+00:00,78318.39,78337.9695975,78227.46471478172,78168.79411624563,78227.46471478172,0.00011088832318292584,8.6867660902218,0.15619295335503272,0.008677033027178016,-0.17495253879499548,-0.020140123145704316,-17.352008859696543,stop,9
BTC,long,2026-05-02 13:35:00+00:00,2026-05-02 21:35:00+00:00,78310.45,78330.02761250001,78918.74335488604,78899.01366904733,78188.79132902279,0.00011067621320433245,8.6692708363423,0.15661363405310388,0.004350382931422992,-0.09364041194838023,-0.010801417295193027,-6.954500720668765,target_R5,96
BTC,long,2026-05-02 22:10:00+00:00,2026-05-03 00:15:00+00:00,78742.42,78762.105605,78521.45793927727,78462.56684582282,78521.45793927727,0.00010995016865823494,8.659906795147462,0.15558191327883342,0.008639521247675223,-0.18851625037004352,-0.021768854426433056,-7.759525801065485,stop,25
BTC,short,2026-05-03 04:00:00+00:00,2026-05-03 06:50:00+00:00,78196.0,78176.451,78326.22959547846,78384.97426767508,78326.22959547846,0.00011053271233955678,8.641055170110457,0.15574643084324652,0.008654011946915528,-0.17879507320527993,-0.02069134725857727,-12.420956151642562,stop,34
BTC,long,2026-05-03 09:35:00+00:00,2026-05-03 11:00:00+00:00,78506.19,78525.81654750001,78390.4523654855,78331.65952621138,78390.4523654855,0.00010981325686150361,8.62317566278993,0.15502527279656664,0.008611488262748797,-0.17634628764679927,-0.02045027198132532,-13.875126381218829,stop,17
BTC,long,2026-05-03 12:05:00+00:00,2026-05-03 17:00:00+00:00,78738.04,78757.72451,78568.40439983283,78509.47809653296,78568.40439983283,0.0001092659937493825,8.605541034025249,0.15465561459289467,0.008589488634658336,-0.1817805056550914,-0.021123657993884833,-9.807205770996207,stop,59
BTC,long,2026-05-03 18:10:00+00:00,2026-05-03 22:10:00+00:00,78680.39,78700.06009750001,79335.00450723764,79315.17075611083,78549.46709855247,0.00010911507529754132,8.587362983459741,0.15517659431475106,0.004310465417457785,-0.08805874848411104,-0.01025445746892526,-6.164134846913106,target_R5,48
BTC,long,2026-05-04 03:45:00+00:00,2026-05-04 06:25:00+00:00,79983.87,80003.86596750001,79527.86666650863,79468.22076650875,79527.86666650863,0.0001072267821669543,8.578557108611331,0.15389710835343479,0.008539741177781258,-0.21133261963889916,-0.02463498429435868,-4.3221043287278516,stop,32
BTC,short,2026-05-04 11:25:00+00:00,2026-05-04 14:35:00+00:00,78952.53,78932.7918675,79418.51606512662,79478.07995217547,79418.51606512662,0.0001084140525652799,8.557423846647442,0.15456568125933098,0.008597453315901855,-0.21368257233455823,-0.024970432242674652,-4.229710024734281,stop,38
BTC,long,2026-05-04 17:50:00+00:00,2026-05-04 19:05:00+00:00,80406.1,80426.20152500001,79941.73711284308,79881.78081000845,79941.73711284308,0.00010613525726141131,8.536055589413987,0.1531289605156551,0.008496958153018926,-0.21091119315972584,-0.02470827315385433,-4.27939572900256,stop,15
BTC,long,2026-05-05 04:40:00+00:00,2026-05-05 09:50:00+00:00,80804.03,80824.2310075,80526.71795396163,80466.32291549616,80526.71795396163,0.00010535162987579647,8.514964470098013,0.15293000465421916,0.008490924804007332,-0.19063620549256016,-0.022388373570085586,-6.525223491591358,stop,62
BTC,long,2026-05-05 12:00:00+00:00,2026-05-05 22:40:00+00:00,81026.16,81046.41654,80809.3096062587,80748.702624054,80809.3096062587,0.00010482759401651836,8.49590084954876,0.15264533759025295,0.00847672847642016,-0.18385397110410873,-0.021640315060159124,-8.087926234133583,stop,128
BTC,long,2026-05-06 04:50:00+00:00,2026-05-06 05:10:00+00:00,81482.75,81503.1206875,81239.5813411064,81178.65165510056,81239.5813411064,0.00010401461172195987,8.477515452438348,0.1522915324601028,0.00845642678306074,-0.18604105288093095,-0.021945233119854808,-7.355409170001102,stop,4
BTC,long,2026-05-06 12:35:00+00:00,2026-05-06 13:00:00+00:00,82428.38,82448.98709500002,82084.13998914683,82022.57688415497,82084.13998914683,0.0001025956975966686,8.458911347150254,0.15186667357130865,0.008430308989824007,-0.19561452661529868,-0.02312526028319233,-5.538735261865528,stop,5
BTC,short,2026-05-07 01:35:00+00:00,2026-05-07 06:55:00+00:00,81137.83,81117.54554250001,81436.78833918842,81497.86593044281,81436.78833918842,0.00010403852628981588,8.439349894488725,0.1522644098549129,0.008464787648325974,-0.19183238253445328,-0.022730706148317,-6.167612170327091,stop,64
BTC,long,2026-05-07 08:25:00+00:00,2026-05-07 09:00:00+00:00,81415.87,81436.2239675,81168.873277968,81107.99662300952,81168.873277968,0.00010339583843665988,8.42016665623528,0.15125756373890215,0.008398908315827344,-0.18519490522033433,-0.021994208996231005,-7.2516157909700905,stop,7
BTC,short,2026-05-07 15:00:00+00:00,2026-05-09 04:05:00+00:00,80153.5,80133.461625,80564.61473917271,80625.03820022709,80564.61473917271,0.00010484567863834934,8.401647165713248,0.15169350609953006,0.008436075805609362,-0.20323318573193055,-0.024189683489841875,-4.714992893601405,stop,445
BTC,long,2026-05-09 04:25:00+00:00,2026-05-09 05:00:00+00:00,80516.75,80536.8791875,80356.95686216159,80296.68914451497,80356.95686216159,0.00010406814780626496,8.381323847140054,0.15063886405246632,0.008366757007965393,-0.17563499694742613,-0.02095551969482217,-10.561731128153006,stop,7
BTC,long,2026-05-09 09:25:00+00:00,2026-05-09 10:00:00+00:00,80300.44,80320.51511000001,80175.02323720756,80114.89196977965,80175.02323720756,0.00010412981460578325,8.363760347445313,0.1503549827587874,0.0083518752117696,-0.17176648222859198,-0.020536992344724173,-13.15248270813853,stop,7
BTC,long,2026-05-09 12:15:00+00:00,2026-05-09 17:25:00+00:00,80300.78,80320.85519500001,80827.43081538158,80807.22395767774,80195.44983692368,0.00010391552329664476,8.346583699222453,0.15069337796640334,0.004185930586184283,-0.10015211347760597,-0.011999174403167596,-9.150123018399508,target_R5,62
BTC,long,2026-05-09 18:00:00+00:00,2026-05-09 23:30:00+00:00,80795.4,80815.59885,80622.55938951526,80562.09246997311,80622.55938951526,0.0001031554378919843,8.336568487874692,0.14982287772698366,0.008321112780013901,-0.17597343936706863,-0.021108617967094873,-9.869819350454524,stop,66
BTC,long,2026-05-10 08:50:00+00:00,2026-05-10 10:00:00+00:00,80836.5,80856.70912500001,80731.6330817945,80671.08435698315,80731.6330817945,0.00010288535402890705,8.318971143937985,0.14956959796111818,0.008308799968454876,-0.16866766793506655,-0.02027506346839228,-15.632908236533817,stop,14
BTC,long,2026-05-10 15:15:00+00:00,2026-05-10 20:40:00+00:00,81034.01,81054.2685025,80839.12744072739,80778.49809514685,80839.12744072739,0.00010242649191126083,8.30210437714448,0.1491836630300175,0.008285058517141067,-0.17742985842814,-0.021371672815461186,-8.888765178359748,stop,65
BTC,long,2026-05-10 23:25:00+00:00,2026-05-11 00:15:00+00:00,82260.19,82280.7550475,81732.68099468858,81671.38148394256,81732.68099468858,0.00010068407109924028,8.284361391301664,0.14856631714263702,0.008242457002949753,-0.20992052834185182,-0.025339373601236448,-3.952430709897619,stop,10
BTC,short,2026-05-11 04:40:00+00:00,2026-05-11 10:05:00+00:00,80771.93,80751.7370175,81046.69485115306,81107.47987229143,81046.69485115306,0.0001023305459878429,8.263369338467479,0.14906827833747333,0.008286523325318903,-0.18547163889955443,-0.022445038010845093,-6.596461662375527,stop,65
BTC,short,2026-05-11 14:45:00+00:00,2026-05-11 15:25:00+00:00,80768.01,80747.8179975,81197.47828452152,81258.37639323491,81197.47828452152,0.00010210582005860255,8.244822174577523,0.14887597799555427,0.00827977230408616,-0.20100696167987234,-0.02437978132501957,-4.58384056798226,stop,8
BTC,long,2026-05-11 17:30:00+00:00,2026-05-12 01:20:00+00:00,81614.97,81635.37374250001,81244.2330307569,81183.29985598383,81244.2330307569,0.00010074948029701591,8.224721478409535,0.1476350707292704,0.008194652144225099,-0.19318127985162808,-0.023487881061838065,-5.1719739545188395,stop,94
BTC,short,2026-05-12 02:20:00+00:00,2026-05-13 14:00:00+00:00,81106.45,81086.1733875,79488.99372126634,79508.86596969666,81429.94125574673,0.00010119361917859713,8.205403350424373,0.14626073929215577,0.0040628085434372225,0.013352706872612016,0.001627306581086161,0.407899939316691,target_R5,428
BTC,short,2026-05-13 14:35:00+00:00,2026-05-14 14:15:00+00:00,79743.91,79723.9740225,80109.21112967342,80169.29303802068,80109.21112967342,0.00010293940714490094,8.206738621111633,0.14813386305904183,0.008236993730105772,-0.19397473850709188,-0.023636032224554664,-5.15837008429182,stop,284
BTC,long,2026-05-14 17:00:00+00:00,2026-05-14 17:20:00+00:00,81877.23,81897.6993075,81324.5117415507,81263.51835774453,81324.5117415507,9.997034369085317e-05,8.187341147260923,0.14680154706311338,0.00814385324786071,-0.21020083457236027,-0.025673882496356343,-3.8041658233650635,stop,4
BTC,long,2026-05-14 23:00:00+00:00,2026-05-14 23:05:00+00:00,81444.01,81464.3710025,81236.0256303895,81175.0986111667,81236.0256303895,0.00010024408171706226,8.166321063803688,0.14673279854134863,0.008148643092199545,-0.17573064377665426,-0.021518948667786385,-8.428650773802424,stop,1
BTC,long,2026-05-15 00:50:00+00:00,2026-05-15 01:30:00+00:00,81555.0,81575.38875000001,81232.1155062863,81171.19141965658,81232.1155062863,9.989223617921183e-05,8.148747999426021,0.14631407841299732,0.008122521081018803,-0.18669025359867064,-0.022910299055980216,-5.7881892387420795,stop,8
BTC,short,2026-05-15 06:35:00+00:00,2026-05-15 07:20:00+00:00,80511.48,80491.35213,80827.42023386757,80888.04079904297,80827.42023386757,0.00010100562059058748,8.130078974066155,0.14670203159997222,0.008156045806609653,-0.18676981679791133,-0.02297269404069525,-5.852699362688376,stop,9
BTC,short,2026-05-15 12:15:00+00:00,2026-05-15 13:40:00+00:00,80398.01,80377.9104975,79088.09802161486,79107.87004612027,80659.99239567702,0.0001009158106024497,8.111401992386362,0.14485173140811453,0.004023667467708314,-0.016684569759228413,-0.0020569279854320026,-0.631078943627487,target_R5,17
BTC,short,2026-05-15 17:45:00+00:00,2026-05-16 09:15:00+00:00,79363.91,79344.0690225,77897.03409391736,77916.50835244085,79657.28518121653,0.00010220970055254819,8.10973353541044,0.14466200869992185,0.0040183985011143075,0.001248539907418439,0.00015395572517479136,0.0416377201166923,target_R5,186
BTC,short,2026-05-16 09:40:00+00:00,2026-05-17 10:10:00+00:00,78101.47,78081.9446325,78382.6800682168,78441.46707826796,78382.6800682168,0.00010386342742321532,8.10985838940118,0.14631352211029858,0.008133791942124663,-0.18365475556333571,-0.022645864668038487,-6.287943964373551,stop,294
BTC,long,2026-05-17 11:10:00+00:00,2026-05-17 13:10:00+00:00,78414.09,78433.6935225,78240.5538629731,78181.87344757587,78240.5538629731,0.00010316348179527803,8.091492913844846,0.1454130647277711,0.008076043602124815,-0.17139170044289287,-0.021181715447051223,-9.57356897599571,stop,24
BTC,short,2026-05-17 15:15:00+00:00,2026-05-17 18:55:00+00:00,78055.61,78036.0960975,78238.326762115,78297.0055071866,78238.326762115,0.00010346947307195228,8.074353743800557,0.1455813328206681,0.008090552042333096,-0.1725774919604535,-0.02137353619080134,-9.128376098734734,stop,44
BTC,long,2026-05-17 21:45:00+00:00,2026-05-17 22:00:00+00:00,78389.92,78409.51748000001,78226.4373771496,78167.76754911673,78226.4373771496,0.0001027566072786973,8.057095994604513,0.1448041552785144,0.008042483034295715,-0.16964555798593955,-0.02105542221410094,-10.098599272267158,stop,3
BTC,short,2026-05-18 00:05:00+00:00,2026-05-21 00:45:00+00:00,77275.93,77256.61101749999,77783.34904423376,77841.68655601694,77783.34904423376,0.00010407046507624683,8.040131438805918,0.14527036764909027,0.008081747476240984,-0.20615945104728448,-0.025641303580218867,-3.9039926451123845,stop,872
BTC,long,2026-05-21 03:10:00+00:00,2026-05-21 05:45:00+00:00,77891.37,77910.8428425,77680.42624672984,77622.16592704479,77680.42624672984,0.00010293195659444955,8.01951549370119,0.1440838521690383,0.008001226475981985,-0.17379793190049425,-0.021671874321709493,-8.00438016393256,stop,31
BTC,long,2026-05-21 08:30:00+00:00,2026-05-21 09:30:00+00:00,77975.97,77995.46399250001,77745.88342715886,77687.57401458849,77745.88342715886,0.00010259744978606218,8.00213570051114,0.14375414407026482,0.007982430944892127,-0.17534287061867343,-0.02191200914119381,-7.427801191837734,stop,12
BTC,short,2026-05-21 15:00:00+00:00,2026-05-21 15:45:00+00:00,76891.99,76872.76700250001,77267.48858145936,77325.43919789545,77267.48858145936,0.00010386775089271343,7.984601413449273,0.1441459878275334,0.00801584970780396,-0.1911640306549247,-0.023941587157115668,-4.901366189044381,stop,9
BTC,long,2026-05-21 19:10:00+00:00,2026-05-22 13:30:00+00:00,77476.0,77495.369,77047.08015326419,76989.29484314924,77047.08015326419,0.00010278659374321811,7.965485010383779,0.14291057143803057,0.007930428729324472,-0.19492821020219187,-0.024471605928337584,-4.421423130385516,stop,220
BTC,short,2026-05-22 18:30:00+00:00,2026-05-22 22:40:00+00:00,76716.02,76696.840995,75486.9876255197,75505.85937242609,76961.82647489606,0.00010360260065837096,7.94599218936356,0.14191736026762922,0.003942156854507754,-0.01852856683264474,-0.002331812867554404,-0.7275751414137439,target_R5,50
BTC,short,2026-05-22 23:50:00+00:00,2026-05-23 18:10:00+00:00,75400.05,75381.1999875,75668.61166722907,75725.3631259795,75668.61166722907,0.00010538621478561793,7.944139332680296,0.14332093844214314,0.00796735288730608,-0.17959098887523495,-0.02260672696618505,-6.345366500302938,stop,220
BTC,long,2026-05-23 21:35:00+00:00,2026-05-24 14:15:00+00:00,76732.94,76752.123235,76199.42719794122,76142.27762754276,76199.42719794122,0.00010326984974115123,7.926180233792772,0.14210443623004318,0.00788287734381937,-0.20508310047745407,-0.02587414043439173,-3.722300959895817,stop,200
BTC,long,2026-05-25 04:40:00+00:00,2026-05-26 00:40:00+00:00,77059.33,77078.5948325,76862.25974806497,76804.61305325392,76862.25974806497,0.00010256637320549101,7.905671923745027,0.14204918277061557,0.007888536413989575,-0.17015050019227362,-0.02152258553523063,-8.417965846843169,stop,240
BTC,short,2026-05-26 08:25:00+00:00,2026-05-26 10:20:00+00:00,76693.48,76674.30662999999,76857.06249140612,76914.70528827468,76857.06249140612,0.00010288527174811441,7.888656873725799,0.14221842505862464,0.007903252202920742,-0.16695190634309792,-0.021163540133067902,-9.91976434391449,stop,23
BTC,long,2026-05-26 12:55:00+00:00,2026-05-26 13:20:00+00:00,77029.42,77048.677355,76789.13553667054,76731.54368501804,76789.13553667054,0.0001021686802853423,7.871961683091489,0.14140370013882186,0.007851582024662171,-0.17380482867492658,-0.02207897290052226,-7.079757200155046,stop,5
BTC,long,2026-05-26 14:10:00+00:00,2026-05-26 14:40:00+00:00,77161.99,77181.28049750002,76784.22999154111,76726.64181904745,76784.22999154111,0.00010176795655105015,7.854581200223996,0.14096605276055524,0.007823785147618884,-0.187233702035743,-0.0238375156183252,-4.870314321537567,stop,6
BTC,short,2026-05-26 16:45:00+00:00,2026-05-28 01:15:00+00:00,76434.0,76414.8915,74106.75507957078,74125.28176834068,76899.44898408584,0.0001025435968854372,7.835857830020422,0.13893237758423335,0.0038592476259277923,0.09585243976401425,0.01223253941601496,2.008272021648366,target_R5,390
BTC,short,2026-05-28 09:00:00+00:00,2026-05-28 09:45:00+00:00,73193.91,73175.61152250001,73398.63701208179,73453.68598984086,73398.63701208179,0.0001072139051627127,7.845443073996823,0.1414862963780697,0.007863867112071524,-0.17129974594772324,-0.021834298500677973,-7.804237109237192,stop,9
BTC,short,2026-05-28 15:10:00+00:00,2026-05-28 17:05:00+00:00,72855.32,72837.10617000001,73355.44541854267,73410.46200260658,73355.44541854267,0.00010747699230569322,7.8283130994020516,0.14146423883292225,0.007870584648888785,-0.20308679924240275,-0.02594260048923121,-3.7782201745837205,stop,23
BTC,long,2026-05-29 07:10:00+00:00,2026-05-29 07:30:00+00:00,73661.73,73680.14543250001,73501.85293109121,73446.7265413929,73501.85293109121,0.00010597162062649421,7.808004419477811,0.14032145754702147,0.007793346082182229,-0.16505723572248113,-0.021139490560575264,-9.74223976898652,stop,4
BTC,short,2026-05-29 13:50:00+00:00,2026-05-29 15:05:00+00:00,73098.28,73080.00543,73412.46635814935,73467.52570791797,73412.46635814935,0.0001066160114529368,7.791498695905563,0.14061881932379885,0.00781857002993936,-0.1819346857125461,-0.023350409569875545,-5.431324479556323,stop,15
BTC,short,2026-05-29 23:10:00+00:00,2026-05-30 01:25:00+00:00,73352.53,73334.1918675,73547.927895457,73603.0888413786,73547.927895457,0.00010599837578327846,7.773305227334308,0.14017601787437506,0.007790782934256514,-0.16867866035854495,-0.02169973459493109,-8.144061616102,stop,27
BTC,short,2026-05-30 04:55:00+00:00,2026-05-30 05:05:00+00:00,73232.76,73214.45181,73424.36771525527,73479.43599104171,73424.36771525527,0.00010594134313027854,7.7564373612984525,0.13986852752380263,0.007773601339568132,-0.1679413075716386,-0.02165186151178106,-8.273305535422297,stop,2
BTC,long,2026-05-30 13:20:00+00:00,2026-05-31 14:15:00+00:00,73664.01,73682.4260025,73557.9301251739,73502.76167758001,73557.9301251739,0.0001050405592003538,7.739643230541289,0.13914372977932166,0.00772935178631208,-0.15801577093727084,-0.020416415360559152,-14.18111603644701,stop,299
BTC,short,2026-05-31 16:15:00+00:00,2026-05-31 21:45:00+00:00,73511.57,73493.19210750001,73682.5068238311,73737.76870394898,73682.5068238311,0.0001050960154533734,7.723841653447562,0.1392604859938955,0.007739246681030497,-0.16496451175382987,-0.02135783191259461,-9.182662977890375,stop,66
BTC,short,2026-06-01 10:05:00+00:00,2026-06-01 13:40:00+00:00,72693.48,72675.30662999999,71470.76674412115,71488.6344358072,72938.02265117576,0.00010605177411237268,7.70734520227218,0.1375995754175435,0.003822218532698672,-0.011750883933575318,-0.0015246344396396148,-0.4531040898866583,target_R5,43
BTC,short,2026-06-01 15:40:00+00:00,2026-06-01 17:30:00+00:00,71167.87,71150.0780325,71678.02317940784,71731.7816967924,71678.02317940784,0.00010830866707354547,7.706170113878823,0.13927809398642058,0.007749537646312492,-0.20228164249772831,-0.026249309255893378,-3.6609404336632263,stop,22
BTC,short,2026-06-02 01:05:00+00:00,2026-06-02 06:55:00+00:00,71157.25,71139.4606875,69894.74869677646,69912.22238395066,71409.75026064471,0.00010804048660688757,7.685941949629049,0.13715363228184013,0.003809831644019459,-0.004562208783758209,-0.0005935783556078508,-0.16723485348449865,target_R5,70
BTC,short,2026-06-02 14:55:00+00:00,2026-06-03 20:40:00+00:00,67943.97,67926.98400750001,65112.07824351691,65128.356263077796,68510.34835129662,0.00011314333826306933,7.685485728750674,0.13548892834747595,0.0037636013685906893,0.18115715721209733,0.02357133479988201,2.8269613030256613,target_R5,357
BTC,short,2026-06-04 00:40:00+00:00,2026-06-04 03:05:00+00:00,63041.99,63026.2295025,63821.67815097283,63869.544409586066,63821.67815097283,0.00012222849923405798,7.703601444471883,0.13959252003976744,0.007777002910851963,-0.24266963551460652,-0.031500803522065204,-2.5463730208258832,stop,29
BTC,short,2026-06-04 07:45:00+00:00,2026-06-04 14:05:00+00:00,63858.84,63842.875289999996,64345.146348250935,64393.405208012126,64345.146348250935,0.00012028490956959254,7.679334480920423,0.1388240046291986,0.0077251262809612115,-0.20504444603264277,-0.026700809365978642,-3.505313982894213,stop,76
BTC,short,2026-06-05 01:20:00+00:00,2026-06-05 13:55:00+00:00,63272.0,63256.182,60887.01216943634,60902.23392247871,63748.99756611273,0.00012107638801717686,7.658830036317159,0.13529387287645256,0.003758181183314754,0.14971365792980318,0.019547849634980907,2.5923032360436626,target_R5,151
BTC,short,2026-06-06 02:45:00+00:00,2026-06-06 08:25:00+00:00,60910.39,60895.1624025,61369.634798984574,61415.66202508382,61369.634798984574,0.00012601660130879457,7.673801402110138,0.13871874957876718,0.007719124683746414,-0.2043103429992903,-0.026624398038644723,-3.530354717172373,stop,68
BTC,short,2026-06-06 11:45:00+00:00,2026-06-07 01:05:00+00:00,60798.63,60783.430342499996,61192.71629877049,61238.610835994565,61192.71629877049,0.00012591211658646623,7.653370367810209,0.1382764812748667,0.007692499368854504,-0.19558922063964004,-0.025555959170913908,-3.941722584488242,stop,160
BTC,long,2026-06-07 02:25:00+00:00,2026-06-07 22:10:00+00:00,61271.91,61287.227977500006,63171.492849193615,63155.69997598132,60891.99343016128,0.00012455794947274817,7.633811445746244,0.1395032033904351,0.0038751037710767497,0.09322983738764505,0.01221275087159706,1.9701316192071303,target_R5,237
BTC,long,2026-06-07 22:30:00+00:00,2026-06-09 13:35:00+00:00,62963.08,62978.820770000006,62156.943146218946,62110.32543885928,62156.943146218946,0.00012136039284377677,7.643134429485008,0.1366278113195981,0.007567849309508913,-0.2420287458898222,-0.03166616368229049,-2.4738946466304355,stop,469
BTC,short,2026-06-10 02:35:00+00:00,2026-06-10 07:30:00+00:00,61303.99,61288.6640025,61696.96845580752,61743.24118214937,61696.96845580752,0.0001243122472792888,7.618931554896026,0.1376493535850053,0.007657475790317042,-0.19415886434909968,-0.025483739150318346,-3.974427359132934,stop,59
BTC,short,2026-06-10 11:20:00+00:00,2026-06-10 12:30:00+00:00,60995.96,60980.71101,61401.98426831172,61448.03575651295,61401.98426831172,0.00012462163104682233,7.599515668461115,0.13731543098155097,0.007639365577388185,-0.195554203120538,-0.02573245607376151,-3.864752897496409,stop,14
BTC,long,2026-06-10 14:25:00+00:00,2026-06-10 18:50:00+00:00,62094.04,62109.56351000001,61578.140823122034,61531.95721750469,61578.140823122034,0.00012204175685325244,7.579960248149061,0.1358048556863325,0.007530844800287906,-0.20629694239195434,-0.02721609819026817,-3.276570412987317,stop,53
BTC,short,2026-06-10 22:50:00+00:00,2026-06-11 00:15:00+00:00,61373.69,61358.3465775,61753.41591211325,61799.730974047336,61753.41591211325,0.00012319971080644894,7.559330553909866,0.13655735584045958,0.007596307451043883,-0.19093578584957024,-0.025258292978180948,-4.081383558699745,stop,17
BTC,long,2026-06-11 04:15:00+00:00,2026-06-12 15:10:00+00:00,62589.25,62604.897312500005,64315.82299114355,64299.744035395765,62243.93540177129,0.00012044164752298679,7.540236975324908,0.13756143674028884,0.003821164017519875,0.06656869486421152,0.008828461901403713,1.6005837969196686,target_R5,419
BTC,long,2026-06-12 15:55:00+00:00,2026-06-15 11:20:00+00:00,63806.37,63822.32159250001,66322.75836957991,66306.17767998752,63303.09232608402,0.00011824850078312086,7.546893844811329,0.13848749953316175,0.0038468935844795755,0.1552247589732647,0.020568032645640756,2.608300868625991,target_R5,809
BTC,long,2026-06-15 12:10:00+00:00,2026-06-16 02:25:00+00:00,66164.97,66181.51124250001,65891.63969288256,65842.2209631129,65891.63969288256,0.00011426780952460742,7.562416320708656,0.13577456415958877,0.007537101547559384,-0.1745445211781468,-0.02308052264990757,-5.588490662988549,stop,171
BTC,long,2026-06-16 12:30:00+00:00,2026-06-16 13:05:00+00:00,66532.82,66549.45320500001,66291.55092338743,66241.83226019489,66291.55092338743,0.00011337376199544748,7.544961868590841,0.1354954283406048,0.007522560912415337,-0.1703715721217555,-0.022580839385153248,-6.228492001919315,stop,7
BTC,short,2026-06-16 15:20:00+00:00,2026-06-16 18:00:00+00:00,65740.0,65723.565,66147.11901332231,66196.7293525823,66147.11901332231,0.00011453920236035075,7.527924711378666,0.13599040761258713,0.007564780478457829,-0.19018627514271574,-0.025264104309550804,-4.07852973558122,stop,32
BTC,short,2026-06-16 21:55:00+00:00,2026-06-17 01:55:00+00:00,65709.62,65693.192595,65895.7521830945,65945.17399723183,65895.7521830945,0.00011430265126794745,7.508906083864393,0.13541952879066688,0.007526740331320026,-0.16422167113598032,-0.021870252377888987,-7.71885161220302,stop,48
BTC,short,2026-06-17 06:40:00+00:00,2026-06-17 11:05:00+00:00,65610.01,65593.6074975,64609.69271919511,64625.845142374914,65810.07345616097,0.00011422582478081209,7.492483916750796,0.13386981942266046,0.0037186132364536518,-0.023326366216677052,-0.0031133021406327963,-1.0207397320452105,target_R5,53
BTC,short,2026-06-17 22:15:00+00:00,2026-06-17 23:20:00+00:00,64041.44,64025.42964,64447.96435392011,64496.300327185556,64447.96435392011,0.0001169871303050131,7.490151280129128,0.13531849533627158,0.007527692874374157,-0.19040430577485903,-0.025420622181555795,-4.003613169040467,stop,13
BTC,short,2026-06-18 10:45:00+00:00,2026-06-18 10:50:00+00:00,63943.77,63927.7840575,64155.060614359645,64203.17690982042,64155.060614359645,0.00011686797782372267,7.471110849551642,0.1347696567437497,0.007491498924449972,-0.16695426250154377,-0.022346645079099992,-6.761168759700118,stop,1
BTC,short,2026-06-18 14:00:00+00:00,2026-06-18 17:25:00+00:00,63906.48,63890.50338,62181.89728409182,62197.44275841285,64251.39654318164,0.00011667485821742616,7.454415423301487,0.13240163914763206,0.0036778358856224777,0.06513596882955634,0.008737904333309648,1.618562859269545,target_R5,41
BTC,short,2026-06-18 22:55:00+00:00,2026-06-19 00:40:00+00:00,62784.78,62769.083805,62990.73655236342,63037.9796047777,62990.73655236342,0.00011886311808155033,7.460929020184444,0.13458437850212546,0.007481155197366675,-0.16654617170273467,-0.022322444195912942,-6.803179381218543,stop,21
BTC,short,2026-06-19 03:35:00+00:00,2026-06-19 13:40:00+00:00,62667.79,62652.1230525,62965.86509655097,63013.08949537339,62965.86509655097,0.00011881918824644079,7.44427440301417,0.13438294691179284,0.0074726987177552735,-0.1772726866382141,-0.02381329288002022,-5.005293542022278,stop,121
BTC,long,2026-06-19 15:10:00+00:00,2026-06-22 01:25:00+00:00,63103.56,63119.33589,64630.374012774555,64614.21641927136,62798.197197445086,0.0001176588287825591,7.426547134350348,0.13526082144850154,0.0037572562679335265,0.04062507079541858,0.005470250179590672,1.130715842267092,target_R5,699
BTC,long,2026-06-22 06:00:00+00:00,2026-06-22 06:35:00+00:00,64164.81,64180.8512025,63946.31034227445,63898.35060951774,63946.31034227445,0.00011577611549565193,7.430609641429891,0.1334566121542117,0.007409779672111061,-0.1661634334349158,-0.022362018926207587,-6.568492711751423,stop,7
BTC,long,2026-06-22 10:30:00+00:00,2026-06-22 12:35:00+00:00,64103.02,64119.045755,65042.00447030016,65025.743969182586,63915.223105939964,0.00011562856575276243,7.4139932980864,0.1343954412922439,0.0037332134884019985,-0.02955522721572043,-0.003986411374737664,-1.3610709304561097,target_R5,25
BTC,long,2026-06-22 12:50:00+00:00,2026-06-22 14:55:00+00:00,65104.59,65120.866147500004,64757.60186623763,64709.03366483795,64757.60186623763,0.00011380434895596574,7.411037775364827,0.1329768650084524,0.007379568910002193,-0.17984519257672626,-0.02426720764729511,-4.554338973606968,stop,25
BTC,short,2026-06-22 22:40:00+00:00,2026-06-23 01:00:00+00:00,63824.49,63808.5338775,64121.45960177556,64169.550696476894,64121.45960177556,0.00011586307985543724,7.393053256107155,0.13345141529466525,0.007420707841116508,-0.17527993582094126,-0.023708734368462495,-5.094190015064273,stop,28
BTC,short,2026-06-23 06:50:00+00:00,2026-06-24 14:10:00+00:00,62841.0,62825.28975,61050.19608959164,61065.45863861404,63199.16078208167,0.00011739739349988529,7.375525262525061,0.13090005845616062,0.0036361258746253496,0.07569952702055738,0.010263611651523397,1.8003489163182476,target_R5,376
BTC,short,2026-06-24 16:30:00+00:00,2026-06-24 20:45:00+00:00,60462.61,60447.494347500004,60934.5517195405,60980.25263333016,60934.5517195405,0.0001221406328736018,7.383095215227117,0.13348135678188766,0.007428173895818088,-0.1985527909818379,-0.02689289318283972,-3.444510076880656,stop,51
BTC,short,2026-06-25 03:25:00+00:00,2026-06-25 04:45:00+00:00,60711.82,60696.642045,60966.82821447524,61012.5533356361,60966.82821447524,0.00012131214657097318,7.363239936128934,0.13288323374145844,0.0073882829018492935,-0.17120711053452994,-0.023251600113487328,-5.534308186761818,stop,16
BTC,short,2026-06-25 14:15:00+00:00,2026-06-25 14:30:00+00:00,59165.09,59150.2987275,60175.819207862005,60220.951072267904,60175.819207862005,0.00012419411876376783,7.346119225075481,0.13342686457150593,0.007442101181588614,-0.2663955890323178,-0.03626344480266458,-2.122223812551251,stop,3
BTC,short,2026-06-26 01:20:00+00:00,2026-06-26 03:55:00+00:00,59496.75,59481.8758125,59803.72775503674,59848.580550853025,59803.72775503674,0.00012305394821852735,7.319479666172249,0.13215675418406353,0.007349641112250252,-0.17728122006884497,-0.02422046759528125,-4.693105027922166,stop,31
BTC,short,2026-06-26 11:10:00+00:00,2026-06-26 12:30:00+00:00,59336.29,59321.4559275,59741.10614228922,59785.91197189594,59741.10614228922,0.00012308786812463326,7.301751544165365,0.13194604793405723,0.007340948405477877,-0.18911495227635372,-0.025899943476914173,-3.7953584232142643,stop,16
BTC,long,2026-06-26 16:35:00+00:00,2026-06-26 18:45:00+00:00,60198.18,60213.229545,59630.77584995816,59586.052768070695,59630.77584995816,0.00012095082931060758,7.282840048937729,0.1304084029192335,0.007229548792112837,-0.20626595421318716,-0.02832218651338814,-3.0055654644422214,stop,26
BTC,long,2026-06-26 22:35:00+00:00,2026-06-28 16:25:00+00:00,59822.99,59837.9457475,59570.16764905823,59525.490023321436,59570.16764905823,0.00012136468528115909,7.262213453516409,0.1303785523476323,0.007237385575138157,-0.16829964297686062,-0.023174703422600293,-5.484984381129233,stop,502
BTC,long,2026-06-29 10:45:00+00:00,2026-06-29 11:35:00+00:00,60043.17,60058.1807925,59787.30161929376,59742.46114307929,59787.30161929376,0.0001206394098790871,7.245383489218724,0.1300741087161969,0.007220421738229021,-0.16816234090954438,-0.02320958458027423,-5.44782213024312,stop,10
BTC,long,2026-06-29 19:10:00+00:00,2026-06-30 00:25:00+00:00,60117.38,60132.409345,59803.128423810565,59758.27607749271,59803.128423810565,0.00012021083694909063,7.228567255127769,0.1297094367333419,0.0071984282312470204,-0.17468430995089146,-0.024165827581803943,-4.624159579183027,stop,63
BTC,short,2026-06-30 01:55:00+00:00,2026-06-30 12:50:00+00:00,59814.12,59799.166470000004,58542.587189066035,58557.22283586331,60068.426562186796,0.0001205886176983811,7.21109882413268,0.1284519004394896,0.003568117928815999,0.021312365660358573,0.002955494880895899,0.6949727481043538,target_R5,131
BTC,short,2026-06-30 23:05:00+00:00,2026-07-01 01:35:00+00:00,58475.89,58461.2710275,58677.693623235675,58721.7018934531,58677.693623235675,0.00012338476283393898,7.2132300606987165,0.1301273398982492,0.007233708438297417,-0.16226054052851002,-0.0224948517048675,-6.516620470713119,stop,30
BTC,long,2026-07-01 04:10:00+00:00,2026-07-01 06:20:00+00:00,59050.94,59065.702735000006,58709.657749814,58665.62550650164,58709.657749814,0.00012184742876818776,7.197004006645866,0.1291073366852145,0.007164016931843586,-0.17785571828644348,-0.02471246620429942,-4.276985345344998,stop,26
BTC,short,2026-07-01 08:10:00+00:00,2026-07-01 08:55:00+00:00,58642.77,58628.109307499995,58887.7494270287,58931.91523909897,58887.7494270287,0.00012245352135036055,7.179218434817222,0.12956075078189278,0.0072035126333628765,-0.16676285691331394,-0.023228553139511714,-5.559022522976222,stop,9
BTC,long,2026-07-01 14:50:00+00:00,2026-07-03 15:05:00+00:00,59552.67,59567.55816750001,62223.17007567257,62207.614283153656,59018.569984865484,0.00012024233273059975,7.1625421491258905,0.13178277723723894,0.0036606527702322525,0.1856637286486419,0.025921484967638214,2.890993296843264,target_R5,579
BTC,long,2026-07-03 15:35:00+00:00,2026-07-05 22:20:00+00:00,61959.33,61974.819832500005,63540.86993969183,63524.98472220691,61643.022012061636,0.00011587139004839727,7.181108521990755,0.13087653124100462,0.00363547065459139,0.04874322933355464,0.006787702648454335,1.3299273643272944,target_R5,657
BTC,long,2026-07-06 01:30:00+00:00,2026-07-06 02:40:00+00:00,63672.02,63687.938005,63347.68688572773,63300.17612056343,63347.68688572773,0.00011283114307076409,7.185982844924109,0.1289539266586917,0.007156740641211231,-0.17270554331894358,-0.024033670417253482,-4.7193914041157905,stop,14
BTC,short,2026-07-06 13:00:00+00:00,2026-07-06 14:25:00+00:00,61688.01,61672.587997500006,62094.539514907534,62141.110419543715,62094.539514907534,0.00011623822711774004,7.1687122905922145,0.12952696317198928,0.007205945619383869,-0.1839871788752595,-0.025665303811496686,-3.8935566785529256,stop,17
BTC,long,2026-07-06 21:25:00+00:00,2026-07-07 01:05:00+00:00,64216.45,64232.5041125,63850.07925597951,63802.19169653752,63850.07925597951,0.00011131924049202993,7.150313572704689,0.1282745258468113,0.007117938356372826,-0.17617657716604485,-0.024639000146591337,-4.31973541576046,stop,44
BTC,short,2026-07-07 04:35:00+00:00,2026-07-07 12:00:00+00:00,63210.24,63194.43744,63422.219872432725,63469.78653733705,63422.219872432725,0.00011286904676950763,7.1326959149880835,0.128668231981093,0.007152424009473518,-0.1597466221263702,-0.022396387569346855,-6.6767051838011096,stop,89
BTC,long,2026-07-07 12:55:00+00:00,2026-07-07 13:20:00+00:00,63441.16,63457.02029000001,63157.3202408504,63109.95225066976,63157.3202408504,0.00011215025887209755,7.116721252775448,0.127750668615844,0.00709106799029665,-0.16667443907296245,-0.023420116251983474,-5.235950018591157,stop,5
BTC,long,2026-07-07 17:25:00+00:00,2026-07-07 18:55:00+00:00,64007.33,64023.33183250001,63642.2025116118,63594.47085972809,63642.2025116118,0.00011089791183382256,7.100053808868151,0.12737293048249987,0.007067910332047659,-0.17493271682992717,-0.02463822409506695,-4.320192938541156,stop,18
BTC,short,2026-07-08 00:20:00+00:00,2026-07-08 00:25:00+00:00,63419.8,63403.94505,63641.4283048062,63689.159376034804,63641.4283048062,0.00011170536047244206,7.0825605371851585,0.12777282939124746,0.007102899422349799,-0.1596327984928696,-0.022538854084586887,-6.447968219216212,stop,1
BTC,short,2026-07-08 01:55:00+00:00,2026-07-08 15:10:00+00:00,63067.67,63051.9030825,61490.41517386711,61505.78777766058,63383.120965226575,0.00011207587577633639,7.0665972573358715,0.125639210590476,0.0034899891202210555,0.0476430162505992,0.006742002482332035,1.3475821409918427,target_R5,159
BTC,short,2026-07-08 16:00:00+00:00,2026-07-08 16:40:00+00:00,61627.21,61611.8031975,61998.54277804217,62045.0416851257,61998.54277804217,0.00011477283883890392,7.071361558960932,0.12773202416136845,0.007105094029239377,-0.177456035280444,-0.025095030681265215,-4.163785647260472,stop,8
BTC,short,2026-07-09 03:20:00+00:00,2026-07-09 04:05:00+00:00,61727.1,61711.668225,62030.10264673034,62076.62522371539,62030.10264673034,0.00011429955077077951,7.053615955432888,0.12734051698682636,0.007081354600185803,-0.1690549379906472,-0.023967131051476718,-4.881315908339652,stop,9
BTC,long,2026-07-09 06:15:00+00:00,2026-07-10 01:45:00+00:00,62478.19,62493.80954750001,63792.74696847956,63776.79878173744,62215.27860630409,0.00011259851995877116,7.036710461633823,0.12796095250949235,0.0035544801541151946,0.016501736388679383,0.002345092423320757,0.5574264287830745,target_R5,234
BTC,long,2026-07-10 04:00:00+00:00,2026-07-10 20:20:00+00:00,63899.99,63915.96499750001,63676.80770454096,63629.05009876255,63676.80770454096,0.00011011897630815692,7.03836063527269,0.12640613846047968,0.007018169030473335,-0.158000913397007,-0.02244853902557744,-6.428915123633344,stop,196
BTC,long,2026-07-10 22:55:00+00:00,2026-07-11 02:00:00+00:00,64084.7,64100.721175000006,63940.09159374561,63892.1365250503,63940.09159374561,0.0001095550941581585,7.02256054393299,0.12620042619210714,0.007008923401925743,-0.14905193715729365,-0.021224727964227277,-9.408307611500751,stop,37
BTC,short,2026-07-11 23:55:00+00:00,2026-07-12 01:40:00+00:00,63852.88,63836.91678,64066.473309959896,64114.523164942366,64066.473309959896,0.00010977433910800571,7.00765535021726,0.12641206282086356,0.007026993000471585,-0.15688612026007445,-0.02238781909490033,-6.6910772847481415,stop,21
BTC,short,2026-07-12 06:55:00+00:00,2026-07-12 08:00:00+00:00,63725.47,63709.5386325,63875.00271251442,63922.908964548806,63875.00271251442,0.00010974756509419228,6.991966738191252,0.1260661531570938,0.0070060233053085355,-0.14948302756278953,-0.021379253243052357,-9.108791899236882,stop,13
BTC,long,2026-07-12 15:25:00+00:00,2026-07-12 16:10:00+00:00,64153.99,64170.0284975,64021.080879878864,63973.06506921895,64021.080879878864,0.00010872705839154788,6.9770184354349745,0.12539359455032012,0.006964436503533512,-0.1468088487180334,-0.02104177451680773,-10.159207051787686,stop,9
BTC,long,2026-07-12 20:10:00+00:00,2026-07-12 21:20:00+00:00,64171.04,64187.082760000005,64073.874534279224,64025.81912837851,64073.874534279224,0.00010846944978938889,6.96233755056317,0.12516464631359986,0.006952692787759599,-0.1426568237066218,-0.020489788475579238,-13.535464877987822,stop,14
BTC,short,2026-07-12 23:05:00+00:00,2026-07-13 00:05:00+00:00,63773.66,63757.716585,63985.04957042428,64033.0383576021,63985.04957042428,0.00010897617167530668,6.948071868192509,0.12533532524227847,0.006967086640110607,-0.1553388379993142,-0.022357114455081838,-6.743183044577604,stop,12
BTC,short,2026-07-13 02:25:00+00:00,2026-07-14 12:45:00+00:00,63328.72,63312.88782,63728.70029402264,63776.496819243155,63728.70029402264,0.00010949647414760078,6.932537984392578,0.1252425556762684,0.00696711887622346,-0.17600610647649123,-0.02538840852696932,-4.018731635077429,stop,412
BTC,long,2026-07-14 16:00:00+00:00,2026-07-16 07:35:00+00:00,64703.12,64719.29578000001,64222.811787375875,64174.64467853534,64222.811787375875,0.00010684506514488109,6.9149373737449285,0.1239451331856537,0.006874720149777304,-0.18213841560287736,-0.026339850349828477,-3.5491722206414162,stop,475
BTC,short,2026-07-16 13:00:00+00:00,2026-07-16 13:20:00+00:00,63914.11,63898.131472500005,64144.01852102877,64192.12653491954,64144.01852102877,0.00010793310184903921,6.896723532184641,0.1244266097704607,0.006917059199082299,-0.15615840878570286,-0.022642405202552368,-6.292969821267657,stop,4
BTC,short,2026-07-16 17:40:00+00:00,2026-07-17 05:45:00+00:00,64188.65,64172.6028375,62776.84520111141,62792.539412411694,64471.01095977772,0.0001072281220808612,6.88110769130607,0.12252810395868695,0.00340356790487064,0.025453505466013646,0.0036990418705658184,0.8406868464605489,target_R5,145
BTC,long,2026-07-18 02:40:00+00:00,2026-07-18 17:45:00+00:00,63963.98,63979.97099500001,64420.08076504789,64403.97574485663,63872.759846990426,0.00010759074964867716,6.883653041852672,0.12431632565337315,0.003453234335163629,-0.07869733676169957,-0.011432496130066269,-8.018521638801623,target_R5,181
BTC,long,2026-07-18 17:55:00+00:00,2026-07-19 12:25:00+00:00,64421.01,64437.11525250001,64281.03150360106,64232.820729973355,64281.03150360106,0.00010670532473766723,6.875783308176503,0.12356790572686205,0.006862862453793376,-0.14536721909519512,-0.021141913957981803,-9.732380197071386,stop,222
BTC,short,2026-07-19 14:00:00+00:00,2026-07-19 14:45:00+00:00,64432.29,64416.1819275,64565.376544152736,64613.800576560854,64565.376544152736,0.00010651433197312552,6.861246586266984,0.12369188151831703,0.006873594045107803,-0.14474109990846526,-0.021095452275125843,-10.21056260982997,stop,9
BTC,short,2026-07-20 08:55:00+00:00,2026-07-20 10:20:00+00:00,63957.82,63941.830545000004,64232.86014004804,64281.034785153075,64232.86014004804,0.00010707814302340968,6.846772476276136,0.12356879681424177,0.006870572688014803,-0.15989015695549927,-0.02335263184361886,-5.42906220111593,stop,17
BTC,long,2026-07-21 04:20:00+00:00,2026-07-21 13:15:00+00:00,65567.71,65584.10192750001,66602.8139843107,66586.16328081462,65360.68920313787,0.00010415303800502873,6.830783460580587,0.12389341189838689,0.0034414904019218428,-0.019525677683239817,-0.0028584828952519918,-0.9055661865945936,target_R5,107
BTC,long,2026-07-21 14:30:00+00:00,2026-07-21 17:15:00+00:00,66706.31,66722.9865775,66377.09925938366,66327.31643493912,66377.09925938366,0.0001023460016268973,6.828830892812263,0.12255449875713245,0.006801854059539571,-0.16304975581138417,-0.023876672064467638,-4.839218995984861,stop,33
BTC,short,2026-07-22 07:50:00+00:00,2026-07-22 08:00:00+00:00,65731.97,65715.53700750001,65910.64583586644,65960.07882024335,65910.64583586644,0.00010366689868871682,6.812525917231125,0.12285362453210161,0.006828121551930891,-0.14820451585892025,-0.021754708555906135,-8.001207036533405,stop,2
BTC,short,2026-07-22 10:10:00+00:00,2026-07-22 10:45:00+00:00,65874.7,65858.231325,66032.95350822652,66082.4782233577,66032.95350822652,0.00010321724906488343,6.797705465645233,0.12256701371325252,0.006811656185805431,-0.14571316167306664,-0.021435639188764948,-8.920581288297202,stop,7
BTC,short,2026-07-22 12:20:00+00:00,2026-07-22 14:00:00+00:00,65813.76,65797.30656,65981.24375868491,66030.72969150393,65981.24375868491,0.00010309136504383267,6.783134149477926,0.12231298987393857,0.006797779954046856,-0.1463768991334854,-0.02157953770452137,-8.4776904275157,stop,20
BTC,short,2026-07-22 19:40:00+00:00,2026-07-22 21:40:00+00:00,65868.19,65851.7229525,66089.4359771785,66139.00305416138,66089.4359771785,0.00010278389320878987,6.768496459564577,0.12209868617777395,0.006787244398985172,-0.15162645346794765,-0.022401792536019424,-6.6676766490140675,stop,24
BTC,long,2026-07-23 01:05:00+00:00,2026-07-23 01:15:00+00:00,66117.82,66134.34945500002,65926.24985205458,65876.80516466554,65926.24985205458,0.00010211537377884049,6.753333814217783,0.12132331557267106,0.006736974209796473,-0.14762254704478284,-0.021859210740329958,-7.546294124715498,stop,2
BTC,short,2026-07-23 08:25:00+00:00,2026-07-23 09:00:00+00:00,65495.02,65478.646244999996,65666.08890086654,65715.3384675422,65666.08890086654,0.00010291250577019784,6.738571559513305,0.1215135153787027,0.006753460470605816,-0.14587210509683804,-0.021647333386391118,-8.285773029318024,stop,7
BTC,short,2026-07-23 15:45:00+00:00,2026-07-23 21:00:00+00:00,64852.0,64835.787000000004,65157.71659955471,65206.58488700438,65157.71659955471,0.000103707915953941,6.723984349003621,0.12137781036697731,0.006749444689003858,-0.15983248646832576,-0.023770502453952052,-5.041202329975551,stop,63
BTC,short,2026-07-24 22:45:00+00:00,2026-07-25 17:25:00+00:00,64120.53,64104.4998675,64216.184318345506,64264.346456584266,64216.184318345506,0.00010464165720381264,6.708001100356788,0.12089455931424356,0.006717185589779305,-0.13762117129439777,-0.020515973273629595,-13.749156637660553,stop,224
BTC,long,2026-07-25 19:50:00+00:00,2026-07-25 20:45:00+00:00,64341.12,64357.20528000001,64252.96145002618,64204.77172893866,64252.96145002618,0.00010401693103519032,6.694238983227348,0.12035360066657846,0.006685688355408554,-0.13620927083477635,-0.020347237553970436,-14.853821263288198,stop,11
BTC,long,2026-07-25 22:00:00+00:00,2026-07-26 16:30:00+00:00,64288.0,64304.07200000001,64777.83000370703,64761.635546206104,64190.033999258594,0.00010389105772561137,6.680618056143871,0.12067895585771796,0.003352196398830419,-0.07314219506568495,-0.010948417414526384,-7.186450568377619,target_R5,222
BTC,long,2026-07-26 16:45:00+00:00,2026-07-26 17:00:00+00:00,64771.5,64787.69287500001,64634.693614592135,64586.21759438119,64634.693614592135,0.00010300264665254607,6.673303836637302,0.11993269667522222,0.006661067362824461,-0.140685183814025,-0.02108178905951279,-9.98374798640599,stop,3
BTC,long,2026-07-27 04:15:00+00:00,2026-07-27 08:15:00+00:00,65262.25,65278.56556250001,65094.65076951279,65045.82978143565,65094.65076951279,0.00010201258653393835,6.6592353182559,0.11965255791755786,0.006644748002273399,-0.1433945369229295,-0.021533183626928135,-8.387003538581455,stop,48
BTC,long,2026-07-27 14:05:00+00:00,2026-07-27 14:25:00+00:00,65248.12,65264.43203000001,64864.263064043786,64815.61486674575,64864.263064043786,0.00010181496502580697,6.644895864563607,0.1191968588281275,0.006613923270418515,-0.1648931626078417,-0.024815010794555288,-4.219117680629054,stop,4
BTC,short,2026-07-27 16:45:00+00:00,2026-07-28 01:05:00+00:00,64855.07,64838.8562325,63200.54967640072,63216.34981381983,65185.974064719856,0.00010222892465182604,6.628406548302824,0.11781851409164959,0.0032727470737859794,0.0480485723307102,0.007248887342767598,1.4203801475246542,target_R5,100
BTC,short,2026-07-28 01:40:00+00:00,2026-07-28 05:15:00+00:00,63216.04,63200.23599,63542.01773042853,63589.67424372635,63542.01773042853,0.00010495548476409882,6.633211405535895,0.1197656684259959,0.006660529986106196,-0.16063934913152927,-0.024217432448702617,-4.695251555429351,stop,43
BTC,short,2026-07-28 09:15:00+00:00,2026-07-28 09:35:00+00:00,63358.57,63342.730357500004,63486.89291848083,63534.50808816969,63486.89291848083,0.00010446577584004078,6.617147470622742,0.1192889623560186,0.006628856186093163,-0.13932317177926995,-0.02105486879320799,-10.393099630756561,stop,4
BTC,short,2026-07-28 10:25:00+00:00,2026-07-28 10:40:00+00:00,63305.84,63290.01354,63455.77332151877,63503.36515150991,63455.77332151877,0.00010433265509212616,6.603215153444815,0.11905820862287977,0.006616598576177975,-0.14131774871989272,-0.021401354557736774,-9.033962604262792,stop,3
BTC,long,2026-07-29 01:20:00+00:00,2026-07-29 04:05:00+00:00,63774.89,63790.83372250001,63507.99910621407,63460.36810688441,63507.99910621407,0.00010329200911899595,6.589083378572825,0.11829629069787571,0.006566760746967635,-0.15243074807955667,-0.023133832025141667,-5.529324778175899,stop,33
BTC,long,2026-07-29 09:55:00+00:00,2026-07-29 10:50:00+00:00,64585.81,64601.9564525,64401.56824498915,64353.267068805406,64401.56824498915,0.00010175915196312095,6.57384030376487,0.11810136768068472,0.0065581360408920285,-0.14340778846767804,-0.021814918197137784,-7.649115127585183,stop,11
BTC,short,2026-07-29 17:05:00+00:00,2026-07-29 17:50:00+00:00,63701.23,63685.3046925,64029.572744134304,64077.594923692406,64029.572744134304,0.00010299863613105383,6.5594995249181025,0.11843463967754903,0.006586503950992869,-0.15883999845790248,-0.02421526182820871,-4.696788204667476,stop,9
BTC,short,2026-07-30 01:10:00+00:00,2026-07-30 01:35:00+00:00,63712.46,63696.531885000004,63959.27615623746,64007.24561335464,63959.27615623746,0.00010273111159154456,6.543615525072312,0.11807235915160723,0.0065642686115981366,-0.14999232585223185,-0.02292193440728997,-5.915527362945923,stop,5
BTC,long,2026-07-30 03:15:00+00:00,2026-07-30 05:00:00+00:00,64109.75,64125.77743750001,63877.43510358204,63829.52702725435,63877.43510358204,0.00010180954607295305,6.52861629248709,0.11724364318664829,0.006509245640738652,-0.14740476297768493,-0.022578254927818828,-6.232265656454452,stop,21
BTC,long,2026-07-30 13:45:00+00:00,2026-07-30 14:05:00+00:00,64937.24,64953.474310000005,64703.49599826717,64654.96837626847,64703.49599826717,0.00010028525626051797,6.513875816189321,0.11698034299487181,0.006494666946416483,-0.14691608705442372,-0.022554327285344383,-6.26746315219866,stop,4
BTC,long,2026-07-30 16:50:00+00:00,2026-07-31 01:45:00+00:00,64740.29,64756.475072500005,64531.63232255107,64483.233598309154,64531.63232255107,0.0001003634648150247,6.499184207483879,0.11673850458498117,0.006481853611928506,-0.14416196566594008,-0.022181547877953064,-6.883997127686339,stop,107
BTC,short,2026-07-31 17:40:00+00:00,2026-07-31 17:55:00+00:00,62989.84,62974.09254,63218.47831489714,63265.892173633314,63218.47831489714,0.00010297517200106184,6.484768010917285,0.11699625725368026,0.006504047660671272,-0.14704437471691784,-0.02267534851969486,-6.245495190508229,stop,3
BTC,short,2026-07-31 22:50:00+00:00,2026-08-01 02:20:00+00:00,62869.26,62853.542685,63000.66080702692,63047.911302632194,63000.66080702692,0.00010293872544100324,6.470063573445593,0.11664121684190375,0.006481826167517421,-0.13664927460669146,-0.021120236772869873,-10.102538436076202,stop,42
BTC,short,2026-08-01 19:10:00+00:00,2026-08-01 21:30:00+00:00,62530.5,62514.867375,62756.17241940672,62803.23954872128,62756.17241940672,0.00010327781081667736,6.456398645984925,0.11648321764895006,0.006475493364350794,-0.14626566445133007,-0.02265437319956832,-6.275623488940134,stop,28
BTC,long,2026-08-02 02:10:00+00:00,2026-08-02 08:40:00+00:00,63328.64,63344.472160000005,63143.41031239696,63096.05275466266,63143.41031239696,0.00010169430512055894,6.441772079539792,0.11572453188247805,0.0064260344357544375,-0.14098737068672162,-0.021886426428299514,-7.484675634396365,stop,78
BTC,long,2026-08-02 19:50:00+00:00,2026-08-02 23:10:00+00:00,63395.16,63411.00879000001,63285.05271195192,63237.58892241795,63285.05271195192,0.00010136525920535064,6.4276733424711185,0.11553991141602081,0.00641769603542054,-0.1331186612448338,-0.020710240572626288,-11.927069227427477,stop,40
BTC,short,2026-08-03 04:45:00+00:00,2026-08-03 13:50:00+00:00,62893.52,62877.79662,63051.10887535641,63098.39720701293,63051.10887535641,0.00010201314010908537,6.414361476346635,0.11566104400155927,0.006428022569729468,-0.1381652025926558,-0.02153997761151266,-8.594428562250167,stop,109
BTC,long,2026-08-03 19:05:00+00:00,2026-08-03 21:45:00+00:00,63827.23,63843.18680750001,63598.84155846192,63551.142427293074,63598.84155846192,0.00010025415829235301,6.400544956087369,0.11494630123787772,0.006381772551555524,-0.1442249647595359,-0.02253323205274385,-6.298888567354229,stop,32
BTC,short,2026-08-04 10:25:00+00:00,2026-08-04 10:40:00+00:00,63426.09,63410.2334775,63548.562955842775,63596.22437805966,63548.562955842775,0.00010071122765818894,6.386122459611416,0.11511878662036301,0.006396970190762446,-0.1338501585489789,-0.020959535210216346,-10.851775496998934,stop,3
BTC,long,2026-08-04 12:30:00+00:00,2026-08-04 13:55:00+00:00,63773.68,63789.62342,63611.01212457872,63563.303865485286,63611.01212457872,9.99024151905946e-05,6.372737443756518,0.1145057851567094,0.006358956472371351,-0.1371156552575891,-0.021515974330924885,-8.437412098299042,stop,17
BTC,long,2026-08-04 15:40:00+00:00,2026-08-09 22:10:00+00:00,63857.93,63873.89448250001,65425.62541539019,65409.26900903635,63544.39091692196,9.955594425157507e-05,6.359025878230759,0.11583816675507591,0.0032177366088952638,0.03701749401406436,0.00582125229915931,1.1859001801697784,target_R5,1518
BTC,long,2026-08-10 06:35:00+00:00,2026-08-10 09:40:00+00:00,65138.35,65154.634587500004,64996.586253859336,64947.838814168936,64996.586253859336,9.765579483202046e-05,6.3627276276321645,0.11434734404686601,0.0063507543048166295,-0.13454214965941386,-0.021145357389670723,-9.718408771302279,stop,37
BTC,short,2026-08-10 15:10:00+00:00,2026-08-11 18:30:00+00:00,64606.34,64590.188415,63360.19108342943,63376.031131200296,64855.56978331411,9.830089628894334e-05,6.349273412666224,0.1132127466848927,0.0031448061751226004,0.0061400025483668505,0.0009670401870107062,0.25061735019516596,target_R5,328
BTC,short,2026-08-11 23:50:00+00:00,2026-08-12 00:35:00+00:00,63562.23,63546.33944250001,63664.81829892521,63712.5669126494,63664.81829892521,9.992530598346684e-05,6.349887412921061,0.11444746640993692,0.006359163657111358,-0.13105779722747282,-0.020639389126930033,-12.784670777141532,stop,9
BTC,long,2026-08-12 12:30:00+00:00,2026-08-12 12:30:00+00:00,64355.9,64371.98897500001,64197.38834869197,64149.24030743045,64197.38834869197,9.844004720219712e-05,6.336781633198314,0.11386472289342167,0.006323494912912939,-0.13579211224319515,-0.0214291923098284,-8.70245007056817,stop,0
BTC,short,2026-08-12 15:50:00+00:00,2026-08-13 04:45:00+00:00,63419.29,63403.4351775,63695.37584716365,63743.14737904902,63695.37584716365,9.972965036156135e-05,6.323202421973995,0.11412255800728827,0.006345434076633854,-0.14800193709132795,-0.023406167826764638,-5.375253602472135,stop,155
BTC,long,2026-08-13 07:10:00+00:00,2026-08-13 08:45:00+00:00,63824.3,63840.256075000005,63699.58115736729,63651.806471499265,63699.58115736729,9.881542800914997e-05,6.308402228264862,0.11338364455471478,0.00629758241252293,-0.13200537278279498,-0.020925325939323197,-10.711117407922854,stop,19
BTC,long,2026-08-13 15:05:00+00:00,2026-08-13 15:25:00+00:00,63839.03,63854.98975750001,63628.092538348006,63580.37146894424,63628.092538348006,9.858590088094388e-05,6.295201690986582,0.1130699690153776,0.006278031689151807,-0.14014346039103065,-0.02226194922264157,-6.739137412865204,stop,4
BTC,short,2026-08-13 16:30:00+00:00,2026-08-13 22:05:00+00:00,63297.99,63282.1655025,63570.327518507365,63618.005264146246,63570.327518507365,9.925683318626853e-05,6.2811873449474795,0.11336138172984597,0.006303031554189561,-0.1466957729288836,-0.023354783876472676,-5.426873633300293,stop,67
BTC,short,2026-08-14 04:25:00+00:00,2026-08-14 08:30:00+00:00,63314.18,63298.351455,62657.99883533122,62673.66333504006,63445.416232933756,9.899969941728383e-05,6.266517767654591,0.11224072439283239,0.0031178019599096096,-0.050396788287249715,-0.008042231771427984,-3.8789593526916826,target_R5,49
BTC,short,2026-08-14 08:45:00+00:00,2026-08-14 15:35:00+00:00,62764.31,62748.6189225,62941.79773034327,62989.00407864103,62941.79773034327,9.978670760163401e-05,6.261478088825866,0.11292249078845415,0.006276327036976615,-0.13690973407607263,-0.02186540176837791,-7.7302456935908594,stop,82
BTC,short,2026-08-14 21:10:00+00:00,2026-08-14 23:40:00+00:00,62832.73,62817.021817500005,62946.42022948807,62993.63004466018,62946.42022948807,9.94600975125775e-05,6.247787115418259,0.11261825732098252,0.006257830183764524,-0.13018372881585716,-0.0208367741107232,-11.512898688070985,stop,30
BTC,long,2026-08-15 03:55:00+00:00,2026-08-15 08:40:00+00:00,63011.54,63027.292885,62951.50843937961,62904.29480805008,62951.50843937961,9.89217283044771e-05,6.234768742536673,0.11211633272450998,0.006228756620629761,-0.12428351507452347,-0.019933941451043713,-20.928697391896357,stop,57
BTC,long,2026-08-15 16:25:00+00:00,2026-08-15 18:15:00+00:00,63033.5,63049.258375000005,62983.31831330991,62936.08082457492,62983.31831330991,9.8690144046111e-05,6.2223403910292205,0.11190160145973782,0.006217070866315528,-0.12307111021397532,-0.01977890994060813,-24.850611557213444,stop,22
BTC,long,2026-08-15 20:30:00+00:00,2026-08-16 01:35:00+00:00,63006.0,63021.751500000006,62969.596449668854,62922.3692523316,62969.596449668854,9.853793543024305e-05,6.210033280007824,0.11169246274660788,0.006205790811699856,-0.1214853842502698,-0.019562758969645447,-33.86700811389174,stop,61
BTC,short,2026-08-16 08:35:00+00:00,2026-08-16 14:20:00+00:00,63006.88,62991.12828,63032.66270044046,63079.93719746579,63032.66270044046,9.839297867523127e-05,6.197884741582797,0.11164056891379179,0.0062013372277541475,-0.12037874283617406,-0.019422552670031113,-47.45230274029132,stop,69
BTC,long,2026-08-16 17:00:00+00:00,2026-08-16 17:30:00+00:00,63186.93,63202.72673250001,63102.3582527637,63055.03148407412,63102.3582527637,9.787310116350255e-05,6.18584686729918,0.11121514508347023,0.006178092817722648,-0.12567053707402573,-0.020315817667322097,-15.182553445270209,stop,6
BTC,long,2026-08-17 03:10:00+00:00,2026-08-17 17:20:00+00:00,63321.01,63336.840252500006,64327.29088434231,64311.20906162122,63119.75382313154,9.746744215501194e-05,6.173279813591776,0.111973759764518,0.0031103883456577294,-0.017004524223847906,-0.0027545364437245924,-0.8668734417026203,target_R5,170
BTC,long,2026-08-17 20:55:00+00:00,2026-08-18 01:40:00+00:00,64340.59,64356.6751475,64185.85548849828,64137.71609688191,64185.85548849828,9.589649165412382e-05,6.171579361169392,0.11089945185811731,0.006158907979363328,-0.13189685662830986,-0.0213716536577629,-8.888828732963516,stop,57
BTC,long,2026-08-18 07:00:00+00:00,2026-08-18 07:50:00+00:00,64266.41,64282.476602500006,64125.41833630353,64077.324272551305,64125.41833630353,9.580199769818848e-05,6.158389675506561,0.11067412813174438,0.006146720000610546,-0.13032813117326789,-0.021162696425595658,-9.648730301905248,stop,10
BTC,long,2026-08-18 12:35:00+00:00,2026-08-18 12:55:00+00:00,64243.48,64259.54087000001,64155.90866858082,64107.79173707939,64155.90866858082,9.563337644788923e-05,6.145356862389234,0.11048581298541807,0.0061375398505853565,-0.12499809493965688,-0.020340250003164057,-14.925605277460026,stop,4
BTC,long,2026-08-18 15:15:00+00:00,2026-08-19 01:40:00+00:00,64685.0,64701.17125000001,64382.95745204255,64334.67023395352,64382.95745204255,9.478741936832044e-05,6.132857052895268,0.1100787697825526,0.006109851846595359,-0.1448184552894666,-0.023613538362368822,-5.058305857018898,stop,125
BTC,long,2026-08-19 12:10:00+00:00,2026-08-19 12:45:00+00:00,64441.88,64457.990470000004,64921.42561595765,64905.19525955366,64345.97087680847,9.492035297336693e-05,6.118375207366322,0.1105127932608761,0.0030698026577177994,-0.06806395678506313,-0.011124515002466076,-7.476492935717472,target_R5,7
BTC,long,2026-08-19 13:10:00+00:00,2026-08-19 14:55:00+00:00,64815.37,64831.57384250001,65828.75082618164,65812.2936384751,64612.693834763675,9.426840117340183e-05,6.111568811687815,0.11084029659487174,0.0030789030982479168,-0.018389409429195668,-0.003008950728661945,-0.9624960642324507,target_R5,21
BTC,long,2026-08-19 23:30:00+00:00,2026-08-20 09:05:00+00:00,69343.04,69360.37576,71802.88220857804,71784.9314880259,68851.07155828438,8.808674699061198e-05,6.1097298707448955,0.11189727871622143,0.003108271284585377,0.10167394826303586,0.01664131645981262,2.3461829355731485,target_R5,115
BTC,long,2026-08-20 10:00:00+00:00,2026-08-20 13:35:00+00:00,71734.53,71752.4636325,71146.75379000122,71093.39372465872,71146.75379000122,8.52918068000555e-05,6.119897265571199,0.1096522314110556,0.00608076830244517,-0.16586549465838504,-0.027102659972986335,-3.308542589806028,stop,43
BTC,long,2026-08-21 00:45:00+00:00,2026-08-21 07:15:00+00:00,73674.0,73692.4185,76223.15648891147,76204.10069978924,73164.1687022177,8.282141962955606e-05,6.10331071610536,0.11173178265889996,0.003103673824711251,0.09628930278593117,0.01577656902373393,2.2803886933743973,target_R5,78
BTC,long,2026-08-21 07:30:00+00:00,2026-08-23 05:15:00+00:00,76373.5,76392.59337500001,75705.76833083737,75648.98900458924,75705.76833083737,8.002005660910648e-05,6.112939646383953,0.1094973842605757,0.0060713378489619454,-0.1690006480756247,-0.02764637929569537,-3.1629151489483744,stop,549
BTC,short,2026-08-23 07:55:00+00:00,2026-08-23 08:35:00+00:00,76018.01,75999.0054975,76324.38598584072,76381.62927533011,76324.38598584072,8.021209674614652e-05,6.096039581576391,0.1100049319677372,0.00611599526773271,-0.14069598745242243,-0.023079900576373796,-5.725153314390116,stop,8
BTC,long,2026-08-23 12:20:00+00:00,2026-08-24 04:50:00+00:00,77076.38,77095.64909500002,76765.46812071577,76707.89401962524,76765.46812071577,7.888862801241518e-05,6.081969982831149,0.10920015449785017,0.006062054311671974,-0.13978962039901704,-0.022984266741472005,-5.699322159982381,stop,198
BTC,long,2026-08-24 12:00:00+00:00,2026-08-24 13:45:00+00:00,78430.25,78449.85756250001,77920.23499584463,77861.79481959774,77920.23499584463,7.734865568056584e-05,6.067991020791247,0.10881446561066858,0.006036887670980725,-0.15430032822998552,-0.025428568977985278,-3.9113900534060217,stop,21
BTC,long,2026-08-24 14:30:00+00:00,2026-08-24 17:20:00+00:00,79365.18,79385.021295,78504.10169190197,78445.22361563305,78504.10169190197,7.624311097022359e-05,6.052560987968248,0.10830121989461067,0.006001809759163502,-0.17995431865214376,-0.029731929840917087,-2.741062992024617,stop,34
BTC,long,2026-08-25 01:20:00+00:00,2026-08-25 09:50:00+00:00,79728.38,79748.31209500002,79209.13618395582,79149.72933181786,79209.13618395582,7.56701351736996e-05,6.034565556103034,0.10821452646243084,0.006003588854469787,-0.15350936506507146,-0.025438345749648934,-3.906960609523955,stop,102
BTC,short,2026-08-25 11:40:00+00:00,2026-08-27 08:05:00+00:00,79317.4,79297.57065,79695.27528248311,79755.04673894498,79695.27528248311,7.590667116605452e-05,6.019214619596526,0.10865839253618637,0.006042232240653567,-0.14338387958606588,-0.023821027932656943,-4.998870614221459,stop,533
BTC,long,2026-08-27 09:10:00+00:00,2026-08-27 10:25:00+00:00,79794.48,79814.42862,79408.58243605075,79349.02599922371,79408.58243605075,7.523547227566333e-05,6.00487623163792,0.10777263909573062,0.005981600498686754,-0.1427874250681666,-0.02377857920132672,-4.9180764266211865,stop,15
BTC,long,2026-08-27 15:40:00+00:00,2026-08-27 18:15:00+00:00,80463.31,80483.4258275,79884.04919146118,79824.13615456758,79884.04919146118,7.443268508438918e-05,5.990597489131103,0.10738910049891692,0.005956763261070664,-0.15646180110368624,-0.026117895817163308,-3.628862335902642,stop,31
BTC,long,2026-08-27 22:35:00+00:00,2026-08-28 02:20:00+00:00,80294.17,80314.2435425,80023.22437789993,79963.2069596165,80023.22437789993,7.439466582112502e-05,5.974951309020735,0.10731408631890176,0.005958340262776314,-0.1334293355935098,-0.022331451537029885,-6.619533556220808,stop,45
BTC,short,2026-08-28 07:35:00+00:00,2026-08-28 14:05:00+00:00,79733.59,79713.65660249999,78637.94015283634,78657.59963787455,79952.71996943273,7.478779207419291e-05,5.961608375461384,0.1065981292401047,0.0029610642668859164,-0.027617960551193678,-0.004632635827752817,-1.6852297405685936,target_R5,78
BTC,short,2026-08-28 19:15:00+00:00,2026-08-29 14:45:00+00:00,77663.68,77644.26408,78101.82009861522,78160.39646368919,78101.82009861522,7.674548339162088e-05,5.958846579406265,0.10761573589283543,0.005985555618818745,-0.1472265651731324,-0.024707225334840214,-4.378449575023031,stop,234
BTC,long,2026-08-29 16:10:00+00:00,2026-08-30 13:45:00+00:00,77959.01,77978.4997525,78944.84650708344,78925.11029545666,77761.8426985833,7.622772869130996e-05,5.944123922888951,0.1076436523568046,0.0029901061511118767,-0.03548568071197131,-0.005969875657424825,-2.3610504588239802,target_R5,259
BTC,long,2026-08-30 14:25:00+00:00,2026-08-30 20:40:00+00:00,78836.57,78856.27914250002,78589.26996469058,78530.32801221707,78589.26996469058,7.533420825097044e-05,5.940575354817754,0.10670935895376418,0.005925117967902301,-0.13126462928213906,-0.022096282168306242,-7.045816198510655,stop,75
BTC,short,2026-08-31 01:30:00+00:00,2026-08-31 07:15:00+00:00,77763.8,77744.35905,78204.43729865001,78263.090626624,78204.43729865001,7.624281638333914e-05,5.92744889188954,0.10705002606115077,0.005954127696161117,-0.1465995824099349,-0.024732323312061856,-4.363676496757214,stop,69
BTC,long,2026-08-31 12:05:00+00:00,2026-08-31 12:20:00+00:00,78495.89,78515.5139725,78224.94345824188,78166.2747506482,78224.94345824188,7.530726902863421e-05,5.912788933648546,0.10619349853735571,0.005896007922787846,-0.13249375057270063,-0.022407995965948346,-6.493440768588047,stop,3
BTC,short,2026-08-31 13:35:00+00:00,2026-08-31 14:40:00+00:00,77992.73,77973.2318175,78407.06356439617,78465.86886206947,78407.06356439617,7.566108805646821e-05,5.899539558591276,0.1065271731479244,0.005924526508520045,-0.1438006279569739,-0.024374890028080666,-4.587098690533077,stop,13
BTC,long,2026-08-31 15:30:00+00:00,2026-09-01 08:25:00+00:00,78441.23,78460.84030750001,77876.53004976259,77818.12265222527,77876.53004976259,7.500760217110524e-05,5.885159495795579,0.10549899253256367,0.005851920981742781,-0.15370770272775697,-0.026117848265211404,-3.628879940667143,stop,203
BTC,short,2026-09-01 13:35:00+00:00,2026-09-01 14:00:00+00:00,77789.82,77770.372545,78183.98972653634,78242.62771883124,78183.98972653634,7.547589825580926e-05,5.8697887255228025,0.10597699201046823,0.00589356927528919,-0.14162087546133384,-0.024127082265421766,-4.760315290303652,stop,5
BTC,short,2026-09-01 21:35:00+00:00,2026-09-01 23:30:00+00:00,77008.72,76989.46782,77365.59061280024,77423.61480575985,77365.59061280024,7.605750245821961e-05,5.85562663797667,0.10569846070250996,0.005877447926337414,-0.13871859613916782,-0.02368979525427873,-5.110717060955112,stop,23
BTC,short,2026-09-02 02:05:00+00:00,2026-09-02 02:25:00+00:00,76943.3,76924.064175,77262.23963664098,77320.18631636846,77262.23963664098,7.594183746028979e-05,5.841754778362752,0.10542232619999756,0.005861381228792034,-0.13550456947422262,-0.023195867443138382,-5.594539501527468,stop,4
BTC,long,2026-09-02 07:40:00+00:00,2026-09-02 08:00:00+00:00,77560.53,77579.9201325,77357.52208172425,77299.50394016296,77357.52208172425,7.512516526778121e-05,5.82820432141533,0.10471808097033819,0.005815309381948407,-0.12578439376342032,-0.021582015115913893,-8.247614296092387,stop,4
BTC,long,2026-09-02 20:35:00+00:00,2026-09-02 22:05:00+00:00,77436.0,77455.35900000001,77146.36427492854,77088.50450172233,77146.36427492854,7.50835830744647e-05,5.815625882038988,0.10443336312492271,0.0057978621729371455,-0.131978113322596,-0.022693707607670907,-6.068827556957885,stop,18
BTC,short,2026-09-02 23:20:00+00:00,2026-09-02 23:55:00+00:00,77122.25,77102.9694375,77320.3849127009,77378.37520138542,77320.3849127009,7.525557203617433e-05,5.802428070706728,0.10463023763745043,0.005815062107613655,-0.1253560559407079,-0.021604068919623794,-8.407089103725722,stop,7
BTC,short,2026-09-03 00:50:00+00:00,2026-09-03 01:05:00+00:00,77050.01,77030.7474975,77262.71296728452,77320.66000200999,77262.71296728452,7.516339453022401e-05,5.789892465112658,0.10441418164362941,0.0058033309079740065,-0.1262049895993594,-0.021797466940848227,-7.893990353973556,stop,3
BTC,long,2026-09-03 03:50:00+00:00,2026-09-03 05:20:00+00:00,77655.07,77674.48376750002,77382.09585276885,77324.05928087927,77382.09585276885,7.437798986145314e-05,5.777271966152722,0.10375632057053125,0.005760600557884776,-0.1298201894836139,-0.02247084614402626,-6.394053765751382,stop,18
BTC,long,2026-09-03 07:15:00+00:00,2026-09-03 07:45:00+00:00,78025.38,78044.886345,77717.67509397936,77659.38683765887,77717.67509397936,7.385865003022909e-05,5.764289947204361,0.10350096679088266,0.005745804233171475,-0.13197343999041775,-0.022895003755739926,-5.806985624938872,stop,6
BTC,long,2026-09-03 13:15:00+00:00,2026-09-03 14:45:00+00:00,78525.67,78545.3014175,80375.72325138998,80355.62932057714,78155.659349722,7.322007172187091e-05,5.7510926032053185,0.10471263790782644,0.002908692852642762,0.027839700995585734,0.004840767296994928,1.0275907629923,target_R5,18
BTC,long,2026-09-03 16:50:00+00:00,2026-09-04 12:30:00+00:00,81006.56,81026.81164,80389.77314704812,80329.48081718784,80389.77314704812,7.101200771504128e-05,5.753876573304877,0.10312410856356252,0.0057195890091186734,-0.15264297033303575,-0.02652871822819821,-3.4850571873239504,stop,236
BTC,short,2026-09-05 03:00:00+00:00,2026-09-05 06:35:00+00:00,79584.5,79564.603875,79709.5308953769,79769.31304354843,79709.5308953769,7.212519131355475e-05,5.738612276271574,0.10342790316439508,0.0057468106960306894,-0.1181925911095896,-0.020596023118394112,-13.106475930413547,stop,43
BTC,short,2026-09-05 10:30:00+00:00,2026-09-05 12:35:00+00:00,79615.45,79595.5461375,79693.75243597147,79753.52275029845,79693.75243597147,7.194866164078671e-05,5.726793017160615,0.1031845701616436,0.0057324503900319625,-0.11455077602303668,-0.020002604543202396,-20.332933618675703,stop,25
BTC,long,2026-09-06 00:40:00+00:00,2026-09-06 06:40:00+00:00,79909.86,79929.837465,79776.26839062969,79716.43618933672,79776.26839062969,7.150443590056049e-05,5.715337939558311,0.10273875067151872,0.0057067451676911345,-0.11799788850828209,-0.02064582877795694,-12.352704981477952,stop,72
BTC,short,2026-09-06 15:10:00+00:00,2026-09-06 16:30:00+00:00,79520.44,79500.55989,79776.55796764493,79836.39038612066,79776.55796764493,7.174211299390993e-05,5.703538150707484,0.1028805254173301,0.005718745224936434,-0.1269737148168193,-0.022262271499151644,-6.910343170688587,stop,16
BTC,long,2026-09-06 21:00:00+00:00,2026-09-06 22:05:00+00:00,79909.85,79929.82746250002,79799.50037559145,79739.65075030975,79799.50037559145,7.119796151062285e-05,5.690840779225802,0.10231327227795176,0.005683525923387455,-0.11585346651269117,-0.020357882254518497,-14.745877249940243,stop,13
BTC,long,2026-09-07 00:10:00+00:00,2026-09-07 00:20:00+00:00,80383.2,80403.2958,80063.75160585924,80003.70379215485,80063.75160585924,7.063460988839878e-05,5.679255432574532,0.10197257255604358,0.005660912889057351,-0.13019759814470844,-0.02292511750711783,-5.77011823500479,stop,2
BTC,short,2026-09-07 10:25:00+00:00,2026-09-07 12:50:00+00:00,79387.42,79367.573145,79568.07151121135,79627.74756484476,79568.07151121135,7.13923262137318e-05,5.6662356727600605,0.1021594122231673,0.005677325434620498,-0.12073386927719254,-0.021307597539158177,-9.361296204462944,stop,29
BTC,short,2026-09-07 15:25:00+00:00,2026-09-07 19:30:00+00:00,79094.63,79074.8563425,79367.43252512498,79426.95809951883,79367.43252512498,7.150392106110504e-05,5.654162285832341,0.1020015110511363,0.005670206017544015,-0.1271781672904869,-0.022492839940084098,-6.519800673333808,stop,49
BTC,short,2026-09-07 22:55:00+00:00,2026-09-07 23:05:00+00:00,78914.06,78894.331485,79130.91817873446,79190.26636736852,79130.91817873446,7.150633464935168e-05,5.641444469103292,0.1017364514124568,0.0056544852330243315,-0.12289767014551628,-0.021784787711479656,-7.925438980765203,stop,2
BTC,short,2026-09-08 08:05:00+00:00,2026-09-08 09:35:00+00:00,78321.21,78301.62969750002,78622.8764204974,78681.84357781278,78622.8764204974,7.189064549276509e-05,5.629154702088741,0.10157078902912625,0.005646827587943753,-0.12890461031011952,-0.022899461310290244,-5.94386719222556,stop,18
BTC,short,2026-09-08 19:10:00+00:00,2026-09-09 00:45:00+00:00,78433.63,78414.02159250001,78738.74741563447,78797.8014761962,78738.74741563447,7.162321389718013e-05,5.6162642410577295,0.10134014427733379,0.005634058775664974,-0.1288276929767408,-0.022938324738167634,-5.895062684554561,stop,67
BTC,long,2026-09-09 04:15:00+00:00,2026-09-09 15:00:00+00:00,78823.49,78843.19587250001,78597.8415287462,78538.89314759964,78597.8415287462,7.106994344599466e-05,5.603381471760056,0.1006662254946388,0.005589953358448742,-0.12229300294377082,-0.02182485764356819,-7.625761949638024,stop,129
BTC,short,2026-09-10 01:50:00+00:00,2026-09-10 03:00:00+00:00,78063.46,78043.94413500001,78380.20333512517,78438.98848762651,78380.20333512517,7.16410764913948e-05,5.591152171465678,0.10089545171053828,0.005609569184167059,-0.12919685439454695,-0.02310737580241515,-5.693539677851446,stop,14
BTC,short,2026-09-10 08:35:00+00:00,2026-09-10 12:45:00+00:00,78084.88,78065.35878000001,76967.13769259138,76986.37947701453,78308.42846148173,7.14559258191143e-05,5.578232486026224,0.09971428956316161,0.0027698463685864793,-0.022614824528671695,-0.004054120115166061,-1.4157392953184156,target_R5,50
BTC,short,2026-09-10 14:40:00+00:00,2026-09-11 12:45:00+00:00,77217.22,77197.915695,77704.97483374494,77763.25356487025,77704.97483374494,7.222955378229861e-05,5.575971003573357,0.10073498498301309,0.005603788080406582,-0.14156908705997598,-0.02538913616467007,-4.018388455856909,stop,265
BTC,long,2026-09-11 14:15:00+00:00,2026-09-11 15:50:00+00:00,79025.32,79045.07633000001,78033.40263162111,77974.8775796474,78033.40263162111,7.036256213666885e-05,5.5618140948673584,0.09943493637298001,0.005508078603270202,-0.17473686244325143,-0.03141724255122171,-2.5036141262432565,stop,19
BTC,short,2026-09-11 19:50:00+00:00,2026-09-14 02:25:00+00:00,77286.27,77266.94843250001,77620.29776760246,77678.51299092817,77620.29776760246,7.175565388694675e-05,5.544340408623033,0.10006391611127494,0.005563703125993737,-0.12959600011798,-0.02337446667531835,-5.406956805424977,stop,655
BTC,long,2026-09-14 04:45:00+00:00,2026-09-14 06:30:00+00:00,77597.89,77617.28947250001,77347.41038236163,77289.39982457485,77347.41038236163,7.126480254854837e-05,5.531380808611235,0.09935455163584833,0.005516610523665113,-0.12272154265294763,-0.022186420877386554,-6.875009902342848,stop,21
BTC,long,2026-09-14 09:10:00+00:00,2026-09-14 13:05:00+00:00,77776.35,77795.7940875,77524.02845861322,77465.88543726926,77524.02845861322,7.094353517541553e-05,5.51910865434594,0.09913331180483605,0.00550430378543026,-0.12253819773715492,-0.022202534034307157,-6.845486740689819,stop,47
BTC,long,2026-09-14 19:35:00+00:00,2026-09-14 21:00:00+00:00,79145.28,79165.06632000001,78803.95015612913,78744.84719351203,78803.95015612913,6.956167777732272e-05,5.506854834572224,0.0988603066950464,0.00548767085749533,-0.12809145416767131,-0.02326036512956702,-5.394806171142191,stop,17
BTC,short,2026-09-15 03:40:00+00:00,2026-09-15 08:05:00+00:00,77795.12,77775.67122,76777.3545157423,76796.54885437124,77998.67309685153,7.06396435154476e-05,5.494045689155457,0.09827033871100407,0.0027297361242725167,-0.029105483844986575,-0.005297641390648985,-2.0241775802659148,target_R5,53
BTC,short,2026-09-15 09:05:00+00:00,2026-09-15 11:05:00+00:00,76909.8,76890.57255000001,77145.28468691335,77203.14365042854,77145.28468691335,7.141493369944944e-05,5.491135140770958,0.09904133273359844,0.005505121110314832,-0.12136357714706555,-0.022101728337726913,-7.216666903091358,stop,24
BTC,short,2026-09-15 14:05:00+00:00,2026-09-15 17:30:00+00:00,76381.8,76362.70455000001,76883.10909036934,76940.77142218711,76883.10909036934,7.174966910016614e-05,5.478998783056252,0.09899526305618725,0.005507345446287528,-0.14047136985338002,-0.025638145839306684,-3.9053713438437527,stop,41
BTC,short,2026-09-15 20:30:00+00:00,2026-09-16 18:05:00+00:00,75673.68,75654.76157999999,76279.36847766934,76336.5780040276,76279.36847766934,7.223539578922713e-05,5.464951646070914,0.09881239114248352,0.005499132335810064,-0.14806367038771337,-0.02709331755829264,-3.3841463984441735,stop,259
BTC,long,2026-09-16 21:50:00+00:00,2026-09-18 05:00:00+00:00,75901.82,75920.79545500001,77590.80276556037,77571.40506486897,75564.02344688794,7.178725204825558e-05,5.450145279032142,0.09916904957545097,0.002754703399505414,0.01932367852148483,0.0035455345742483406,0.7968696030501895,target_R5,374
BTC,long,2026-09-18 05:10:00+00:00,2026-09-18 13:40:00+00:00,77410.0,77429.35250000001,78942.06142684736,78922.32591149065,77103.58771463053,7.041357664568215e-05,5.452077646884291,0.0990835280235769,0.0027523269652474608,0.006042069716385268,0.0011082141722317804,0.28004198879872805,target_R5,102
BTC,long,2026-09-18 19:45:00+00:00,2026-09-18 23:40:00+00:00,81240.54,81260.850135,80849.11434162334,80788.47750586712,80849.11434162334,6.71009698372254e-05,5.452681853855928,0.09786300341555232,0.005431620243128146,-0.12955966495492846,-0.023760723333474666,-4.932779792485469,stop,47
BTC,long,2026-09-19 01:25:00+00:00,2026-09-19 04:35:00+00:00,81287.22,81307.541805,80946.99348735217,80886.28324223665,80946.99348735217,6.690309123360953e-05,5.439725887360436,0.09766141447197038,0.005421294641725188,-0.12584491452946617,-0.02313442205274997,-5.528678448805999,stop,38
BTC,long,2026-09-19 12:05:00+00:00,2026-09-19 20:50:00+00:00,81292.33,81312.65308250001,81142.26080712293,81081.4041115176,81142.26080712293,6.674411902906549e-05,5.42714139590749,0.0975496345467334,0.00541827277261637,-0.11298414339133263,-0.020818352637086618,-11.280099887758135,stop,105
BTC,short,2026-09-19 22:50:00+00:00,2026-09-20 02:55:00+00:00,81183.86,81163.564035,80234.60470151674,80254.66335269212,81373.71105969665,6.672751555405938e-05,5.415842981568357,0.09693933550848827,0.0026927632785205364,-0.036290651092693915,-0.0067008314709642155,-2.8646843744266937,target_R5,49
BTC,short,2026-09-20 07:55:00+00:00,2026-09-20 09:35:00+00:00,80299.99,80279.91500250001,80493.10082513385,80553.4706507527,80493.10082513385,6.74167868300626e-05,5.412213916459088,0.09758583068168328,0.005423331491785163,-0.11602807350609434,-0.021438190599458992,-8.912271582595656,stop,20
BTC,long,2026-09-20 18:00:00+00:00,2026-09-20 21:00:00+00:00,81129.33,81149.61233250001,80774.93585315978,80714.35465126991,80774.93585315978,6.655128661588887e-05,5.400611109108478,0.0969502973356948,0.005381572253954598,-0.12591725603100623,-0.02331537181387467,-5.338782824020688,stop,36
BTC,long,2026-09-21 06:05:00+00:00,2026-09-21 08:35:00+00:00,81639.0,81659.40975,82950.20399039653,82929.46643939894,81376.7592019207,6.598161069251883e-05,5.388019383505377,0.09773855237743292,0.0027149651954717626,-0.013938166340083366,-0.0025868812541307846,-0.8055313965364592,target_R5,30
BTC,long,2026-09-21 10:45:00+00:00,2026-09-21 20:25:00+00:00,84241.51,84262.5703775,87348.93212421748,87327.09489118643,83620.0255751565,6.392667043906982e-05,5.386625566871369,0.09872240384143458,0.002742301411042489,0.09718244479744823,0.01804143309962664,2.446107199952874,target_R5,116
BTC,long,2026-09-21 20:55:00+00:00,2026-09-21 22:25:00+00:00,86929.5,86951.232375,86426.75383970045,86361.93377432067,86426.75383970045,6.206172890198916e-05,5.396343811351113,0.0968050325943409,0.005371594090656101,-0.1333779225920234,-0.02471635004268359,-4.2747558623674715,stop,18
BTC,long,2026-09-22 09:10:00+00:00,2026-09-23 12:15:00+00:00,85823.4,85844.85585,85329.96500627362,85265.96753251892,85329.96500627362,6.270621536714841e-05,5.383006019091911,0.09656740928406893,0.005358454523201806,-0.13286730479356437,-0.024682733833535354,-4.294153748444409,stop,325
BTC,short,2026-09-24 10:55:00+00:00,2026-09-24 13:20:00+00:00,83466.38,83445.513405,83889.91082303293,83952.82825615021,83889.91082303293,6.43500060039274e-05,5.369719288612554,0.09694875861848255,0.005391502712380383,-0.12959447233587995,-0.02413431044909705,-4.755025647670516,stop,29
BTC,long,2026-09-25 00:25:00+00:00,2026-09-25 01:30:00+00:00,84597.12,84618.26928000001,84354.47494873896,84291.20909252741,84354.47494873896,6.33050035997967e-05,5.356759841378967,0.09623533622771366,0.005343900501750531,-0.11693988257301666,-0.021830338868227727,-7.612953502349082,stop,13
BTC,short,2026-09-25 14:25:00+00:00,2026-09-26 08:35:00+00:00,83597.81,83576.9105475,84296.35539387805,84359.57766042347,84296.35539387805,6.395385780722125e-05,5.345065853121665,0.09666167658744262,0.005379908458329743,-0.1467162578377389,-0.027448914918803587,-3.2841036916138675,stop,218
BTC,short,2026-09-26 14:05:00+00:00,2026-09-26 15:20:00+00:00,83916.23,83895.2509425,84058.97690365036,84122.0211363281,84058.97690365036,6.353630470682098e-05,5.330394227337891,0.09607676935328341,0.005338529367202175,-0.11048490948677012,-0.020727343002160756,-12.181879943237236,stop,15
BTC,long,2026-09-26 15:55:00+00:00,2026-09-26 18:40:00+00:00,84143.72,84164.75593000001,84014.73960475008,83951.72855004652,84014.73960475008,6.320158215409456e-05,5.319345736389214,0.09562705024790902,0.005311902408546676,-0.10909071770311113,-0.020508296153196125,-13.382465892815393,stop,33
BTC,long,2026-09-26 22:25:00+00:00,2026-09-27 13:30:00+00:00,84295.95,84317.0239875,85157.30082569672,85136.01150049029,84123.67983486065,6.295806485539478e-05,5.3084366646189025,0.09601591678376764,0.0026671121888604144,-0.04445404782516625,-0.008374225903730858,-4.098735296564476,target_R5,181
BTC,short,2026-09-27 17:40:00+00:00,2026-09-27 18:20:00+00:00,84468.05,84446.93298750001,84669.1207941333,84732.6226347289,84669.1207941333,6.28085718710648e-05,5.303991259836387,0.09563333650572212,0.005314789316301988,-0.11357709524651724,-0.02141351478207767,-8.993377957368503,stop,8
BTC,short,2026-09-27 23:40:00+00:00,2026-09-28 00:15:00+00:00,84399.7,84378.600075,84668.4340887835,84731.93541435008,84668.4340887835,6.272483242916299e-05,5.292633550311734,0.09546687000517953,0.005306599265086725,-0.11762976995721519,-0.02222518692046738,-6.978385835765878,stop,7
BTC,short,2026-09-28 00:55:00+00:00,2026-09-28 23:55:00+00:00,84338.39,84317.3054025,83456.74,83477.60418500002,84786.24190707486,6.26309219454662e-05,5.2808705733160135,0.09458234896699144,0.0026272909224655007,-0.04199108755623703,-0.007951546430320786,-1.4970416742591868,data_end,276
