coin,side,entry_time,exit_time,entry_ref,entry_fill,exit_ref,exit_fill,stop0,qty,notional,fees,slippage,pnl,ret,r_mult,exit_type,bars
BTC,long,2025-09-29 17:10:00+00:00,2025-09-30 08:30:00+00:00,113850.02,113850.02,113435.44755706568,113350.37097139788,113435.44755706568,0.00017566971002727974,20.0,0.2792100412002705,0.014945379134374234,-0.36698324117021847,-0.018349162058510924,-5.039052891597168,stop,184
BTC,short,2025-09-30 11:55:00+00:00,2025-09-30 13:35:00+00:00,113090.85,113090.85,113384.80651112103,113469.84511600438,113384.80651112103,0.00017652446396753565,19.96330167588298,0.2800883406496526,0.015011394143579734,-0.3469902503486382,-0.01738140594087329,-6.6869686422394645,stop,20
BTC,long,2025-10-01 00:30:00+00:00,2025-10-01 08:40:00+00:00,114034.26,114034.26,115489.73361851844,115489.73361851844,113743.1652762963,0.0001747597840407621,19.928602650848116,0.2005578177847277,0.0,0.053800437464582296,0.0026996592991075903,1.0575720731345961,target_R5,98
BTC,long,2025-10-01 11:15:00+00:00,2025-10-01 16:35:00+00:00,116449.97,116449.97,118098.31186519227,118098.31186519227,116120.30162696155,0.0001711806597682642,19.933982694594572,0.20075064818598204,0.0,0.08141359982128181,0.004084161257115892,1.442663278502703,target_R5,64
BTC,long,2025-10-01 17:05:00+00:00,2025-10-01 17:40:00+00:00,117750.01,117750.01,117301.89835091957,117213.92192715638,117301.89835091957,0.00016935985019939022,19.9421240545767,0.2783726106026795,0.014899673949611902,-0.3691644063131543,-0.018511789682124226,-4.864331076108224,stop,7
BTC,long,2025-10-01 20:20:00+00:00,2025-10-02 00:00:00+00:00,117340.0,117340.0,119163.5131882043,119163.5131882043,116975.29736235914,0.0001696370173337769,19.905207613945382,0.20059875283103273,0.0,0.10873658548475187,0.005462720489716076,1.7575842785499705,target_R5,44
BTC,long,2025-10-02 00:25:00+00:00,2025-10-02 00:55:00+00:00,119088.0,119088.0,118518.75516301804,118429.86609664577,118518.75516301804,0.00016723835543878355,19.916081272493855,0.27783455073001473,0.01486566127658739,-0.3878997823854837,-0.01947671216431583,-4.074595934012035,stop,6
BTC,long,2025-10-02 12:05:00+00:00,2025-10-02 15:00:00+00:00,118946.57,118946.57,118720.13035790726,118631.09026013882,118720.13035790726,0.00016711109277262309,19.877291294255308,0.27780759664289184,0.014879588038664043,-0.33052776071871726,-0.016628410572935678,-8.734744428682118,stop,35
BTC,long,2025-10-02 17:35:00+00:00,2025-10-03 15:50:00+00:00,119604.62,119604.62,122148.56320197257,122148.56320197257,119095.83135960548,0.0001659153176372571,19.844238518183435,0.20055278090386647,0.0,0.22152636350255497,0.011163258459102304,2.624227783323576,target_R5,267
BTC,long,2025-10-03 17:10:00+00:00,2025-10-03 17:50:00+00:00,122815.99,122815.99,121686.25941916075,121594.99472459637,121686.25941916075,0.00016175736689118156,19.866391154533687,0.2763519313368488,0.014762736682861904,-0.47385691207271385,-0.023852188773831502,-2.593034328369498,stop,8
BTC,long,2025-10-04 06:35:00+00:00,2025-10-04 07:40:00+00:00,122624.0,122624.0,122374.19722913542,122282.41658121356,122374.19722913542,0.00016162419643239837,19.819005463326416,0.2769692031763859,0.014833973468414871,-0.3321773487523754,-0.016760545798680197,-8.227471460400677,stop,13
BTC,long,2025-10-05 00:00:00+00:00,2025-10-05 00:50:00+00:00,122458.55,122458.55,122300.78876661179,122209.06317503683,122300.78876661179,0.00016157130497177353,19.78578772845118,0.2766382389913734,0.014820223530073494,-0.3169481508739371,-0.01601898065540136,-12.43436743874404,stop,10
BTC,long,2025-10-05 03:25:00+00:00,2025-10-05 09:40:00+00:00,123649.41,123649.41,123009.47203382455,122917.21492979919,123009.47203382455,0.00015975889341779943,19.754092913363785,0.27550452871946174,0.014738892849023582,-0.39247920290071237,-0.01986824728536117,-3.838961250027576,stop,75
BTC,short,2025-10-05 16:00:00+00:00,2025-10-05 16:05:00+00:00,122835.87,122835.87,123130.0171000006,123222.3646128256,123130.0171000006,0.00016049745886990267,19.71484499307371,0.2765661125320607,0.014821541141368131,-0.33859751575747604,-0.0171747490724088,-7.172177608879146,stop,1
BTC,short,2025-10-05 19:30:00+00:00,2025-10-05 22:20:00+00:00,122869.07,122869.07,123239.8267454641,123332.2566155232,123239.8267454641,0.00016017851556537348,19.680985241497964,0.2762015262815098,0.014805279379967406,-0.35039407078576507,-0.017803685460164278,-5.9001550257020146,stop,34
BTC,long,2025-10-06 00:15:00+00:00,2025-10-06 00:50:00+00:00,123569.48,123569.48,123275.56019277543,123183.10352263084,123275.56019277543,0.0001589870397967151,19.64594583441939,0.2744903820104154,0.01469941229574928,-0.3359192343944192,-0.017098654207113508,-7.188599601450237,stop,7
BTC,long,2025-10-06 03:15:00+00:00,2025-10-06 05:00:00+00:00,124065.33,124065.33,123534.55024612139,123441.8993334368,123534.55024612139,0.0001580808587780321,19.612353910979948,0.27368598265728944,0.0146463358437488,-0.3722384378161615,-0.018979794037255485,-4.43636817975288,stop,21
BTC,long,2025-10-06 07:10:00+00:00,2025-10-06 07:40:00+00:00,123954.02,123954.02,123589.61986895897,123496.92765405725,123589.61986895897,0.00015792251084069988,19.57513006719833,0.2734021544021605,0.014638187312665222,-0.34558732535950654,-0.017654407616866902,-6.0053073762007605,stop,6
BTC,long,2025-10-06 10:15:00+00:00,2025-10-06 16:55:00+00:00,124003.89,124003.89,125509.90811032451,125509.90811032451,123702.6863779351,0.00015758030925209186,19.54057133466238,0.19659230734444477,0.0,0.040726492219742866,0.002084201711517998,0.8580544881933714,target_R5,80
BTC,long,2025-10-06 18:45:00+00:00,2025-10-06 21:15:00+00:00,125529.71,125529.71,125053.06525658796,124959.27545764552,125053.06525658796,0.00015569735629823692,19.544643983884356,0.27282567942270886,0.014602823743080806,-0.3616408296084972,-0.018503321416685314,-4.873056093824071,stop,30
BTC,short,2025-10-07 02:55:00+00:00,2025-10-07 12:45:00+00:00,124476.25,124476.25,124837.50774908866,124931.13587990048,124837.50774908866,0.00015672451492492346,19.508479900923504,0.2737603445327914,0.014673823384809702,-0.3450521134063913,-0.01768728856162991,-6.094394814709558,stop,118
BTC,long,2025-10-07 13:10:00+00:00,2025-10-07 13:35:00+00:00,124919.45,124919.45,124555.88005925265,124462.46314920821,124555.88005925265,0.00015589225448545336,19.473974689582867,0.2719944792601989,0.014562972713892773,-0.3432351897003378,-0.017625327914385303,-6.055908430187635,stop,5
BTC,short,2025-10-07 15:30:00+00:00,2025-10-08 10:40:00+00:00,122164.03,122164.03,123042.24891800448,123134.53060469299,123042.24891800448,0.00015912745487041345,19.439651170612834,0.27354501600915465,0.014684549933891731,-0.4279783071841477,-0.022015740067966236,-3.0624841653906474,stop,230
BTC,long,2025-10-08 11:10:00+00:00,2025-10-08 12:25:00+00:00,123103.35,123103.35,122699.03378062927,122607.0095052938,122699.03378062927,0.00015756560109773146,19.39685333989442,0.2708520910629441,0.014499860258816269,-0.3490582794604732,-0.017995613687636056,-5.479177495529817,stop,15
BTC,long,2025-10-08 14:20:00+00:00,2025-10-08 14:35:00+00:00,123118.08,123118.08,122345.94813690968,122254.18867580699,122345.94813690968,0.00015726323470889386,19.361947511948372,0.2698445400705613,0.014430389668153491,-0.40570288415010425,-0.02095361966557045,-3.3410995525429934,stop,3
BTC,long,2025-10-08 16:45:00+00:00,2025-10-09 02:05:00+00:00,122743.83,122743.83,122167.04583687481,122075.42055249715,122167.04583687481,0.000157412207387804,19.32137722353336,0.2695523388703344,0.014422938266422757,-0.3747681454406212,-0.01939655445390068,-4.127726686487683,stop,112
BTC,short,2025-10-09 03:15:00+00:00,2025-10-09 10:40:00+00:00,121842.54,121842.54,122312.20984572142,122403.94400310572,122312.20984572142,0.00015826902828018275,19.283900408989297,0.27077428152024746,0.014518675949314589,-0.35962714756439496,-0.01864908757757081,-4.8379776130687056,stop,89
BTC,short,2025-10-09 17:30:00+00:00,2025-10-09 18:00:00+00:00,120327.49,120327.49,121126.9295946177,121217.77479181367,121126.9295946177,0.0001599629286228181,19.24793769423286,0.2707528407827219,0.014531863794785268,-0.41316540338959223,-0.021465437490136224,-3.2308660120533137,stop,6
BTC,long,2025-10-10 01:55:00+00:00,2025-10-10 02:05:00+00:00,121709.12,121709.12,121418.73883262015,121327.67477849568,121418.73883262015,0.0001578075755859043,19.2066211538939,0.2683509416438947,0.014370597604405351,-0.3285458872683186,-0.017105865973813417,-7.169679470939602,stop,2
BTC,short,2025-10-10 03:05:00+00:00,2025-10-10 03:20:00+00:00,120999.94,120999.94,121388.6038411916,121479.64529407248,121388.6038411916,0.00015846095927954235,19.173766565167067,0.26911686296197074,0.014426515957709175,-0.3451314240321713,-0.018000189105210587,-5.603870416763257,stop,3
BTC,short,2025-10-10 19:30:00+00:00,2025-10-10 19:40:00+00:00,116054.15,116054.15,116900.747737443,116988.42329824608,116900.747737443,0.0001649165792241281,19.139253422763847,0.26933624232635855,0.01445915356920098,-0.4234133987335469,-0.02212277508327192,-3.032656177046705,stop,2
BTC,short,2025-10-11 09:15:00+00:00,2025-10-11 11:25:00+00:00,111661.39,111661.39,112431.82997411708,112516.15384659766,112431.82997411708,0.0001710252047094389,19.096912082890494,0.2686724446170502,0.014421507552884693,-0.414858606459643,-0.02172385800693545,-3.1484817282448314,stop,26
BTC,short,2025-10-12 00:40:00+00:00,2025-10-12 02:30:00+00:00,110102.69,110102.69,110700.72849304376,110783.75403941354,110700.72849304376,0.00017306957915600905,19.055426222244527,0.2678368103115397,0.014369196369416078,-0.38570827699113275,-0.0202413880693402,-3.726568275606294,stop,22
BTC,long,2025-10-12 10:50:00+00:00,2025-10-12 13:55:00+00:00,111725.47,111725.47,111332.36645619849,111248.86718135634,111332.36645619849,0.0001702105651875567,19.016855394545413,0.26550587000745385,0.014212458763633494,-0.34662870513877375,-0.01822744601813594,-5.180492532787097,stop,37
BTC,long,2025-10-12 16:35:00+00:00,2025-10-14 05:35:00+00:00,113748.19,113748.19,112712.82727841476,112628.29265795594,112712.82727841476,0.00016687907318816707,18.982192524031536,0.2640687084618856,0.014107059114480205,-0.45095613896809006,-0.02375679934745039,-2.609996351643968,stop,444
BTC,short,2025-10-14 07:00:00+00:00,2025-10-14 15:50:00+00:00,112053.02,112053.02,112785.02232571474,112869.61109245903,112785.02232571474,0.00016900121844225815,18.937096910134724,0.2663614007482381,0.014295604646312566,-0.40436629034290855,-0.021353129904853604,-3.268681817308299,stop,106
BTC,long,2025-10-15 02:50:00+00:00,2025-10-15 03:05:00+00:00,113103.35,113103.35,112555.6950886665,112471.27831734999,112555.6950886665,0.00016707427570536535,18.896660281100434,0.26360281766825244,0.014103870925091026,-0.36920573624087505,-0.01953814752176804,-4.035077366740607,stop,3
BTC,long,2025-10-15 09:05:00+00:00,2025-10-15 09:20:00+00:00,113059.6,113059.6,112584.07520322182,112499.6371468194,112584.07520322182,0.00016681236894059722,18.859739707476347,0.2631956773341487,0.01408531221722706,-0.3566044073919418,-0.018908235899490027,-4.49557541896,stop,3
BTC,short,2025-10-15 11:50:00+00:00,2025-10-16 09:35:00+00:00,112078.02,112078.02,109580.60231429987,109580.60231429987,112577.50353714003,0.00016795513756164815,18.824079266737154,0.18614352201261825,0.0,0.23331060893803998,0.012394264050423357,2.7811218405366605,target_R5,261
BTC,long,2025-10-16 12:20:00+00:00,2025-10-16 13:20:00+00:00,111591.52,111591.52,110984.44430208021,110901.20596885365,110984.44430208021,0.00016889643879419296,18.84741032763096,0.26281442035324093,0.014058658053130316,-0.3794060018635231,-0.020130404934586725,-3.700333405806726,stop,12
BTC,short,2025-10-16 23:55:00+00:00,2025-10-17 00:25:00+00:00,108067.06,108067.06,108517.25943127608,108598.64737584954,108517.25943127608,0.00017405368229176038,18.809469727444608,0.26416529884626233,0.014165871447169064,-0.3566900390726894,-0.018963322424355666,-4.552005977491945,stop,6
BTC,short,2025-10-17 08:40:00+00:00,2025-10-17 11:15:00+00:00,105306.59,105306.59,106243.27306423703,106322.95551903521,106243.27306423703,0.00017827754866563754,18.773800723537338,0.26446396650905957,0.014205592713080252,-0.445659119790936,-0.02373835358932932,-2.668784313659738,stop,31
BTC,long,2025-10-18 02:25:00+00:00,2025-10-18 02:45:00+00:00,106974.47,106974.47,106628.48517196527,106548.51380808628,106628.48517196527,0.00017508135176138982,18.729234811558243,0.2615380944889729,0.01400149449013442,-0.33611508036036086,-0.017946012410124546,-5.548697545759886,stop,4
BTC,long,2025-10-18 07:30:00+00:00,2025-10-18 07:55:00+00:00,107119.11,107119.11,106773.81583655631,106693.73547467889,106773.81583655631,0.00017453116725411747,18.695623303522208,0.26107055623749076,0.013976519032598687,-0.33531166866195006,-0.017935302996759578,-5.563991222534946,stop,5
BTC,long,2025-10-18 12:55:00+00:00,2025-10-18 14:05:00+00:00,107084.67,107084.67,106810.50964927005,106730.4017670331,106810.50964927005,0.0001742741714258074,18.662092136656014,0.26071363168831907,0.013960734801522358,-0.3224534344511112,-0.017278525477738334,-6.74884312754898,stop,14
BTC,short,2025-10-18 17:00:00+00:00,2025-10-18 17:25:00+00:00,106685.32,106685.32,106987.61437895156,107067.85508973578,106987.61437895156,0.00017462427626604017,18.629846793210902,0.26141905432367585,0.014011976047766272,-0.3282189675151497,-0.017617910182426158,-6.217688837160299,stop,5
BTC,long,2025-10-18 20:20:00+00:00,2025-10-19 00:40:00+00:00,107070.31,107070.31,106819.09989115963,106738.98556624126,106819.09989115963,0.00017368983891481577,18.597024896459388,0.25984041936267854,0.013915044189840207,-0.31738810689077634,-0.017066606549050897,-7.27409761609576,stop,52
BTC,long,2025-10-19 04:25:00+00:00,2025-10-19 05:50:00+00:00,107081.83,107081.83,106835.91524499364,106755.78830855989,106835.91524499364,0.00017337475541621123,18.56528608577031,0.2594052586142041,0.013891988006451625,-0.3159326571231217,-0.01701738694806722,-7.410100041252067,stop,17
BTC,short,2025-10-19 09:25:00+00:00,2025-10-19 09:40:00+00:00,106271.76,106271.76,106683.84711686232,106763.86000219997,106683.84711686232,0.00017439903903029367,18.533692820058,0.26024409538822635,0.013954170312927552,-0.34606586287870805,-0.018672256319268436,-4.815325354815007,stop,3
BTC,long,2025-10-19 14:45:00+00:00,2025-10-20 00:20:00+00:00,108286.95,108286.95,107819.7742337412,107738.9094030659,107819.7742337412,0.00017083393921215925,18.49908623377013,0.2581445918665799,0.013814457567986105,-0.3517685258890143,-0.019015454138856868,-4.407603476634608,stop,115
BTC,long,2025-10-20 08:45:00+00:00,2025-10-20 09:15:00+00:00,111330.63,111330.63,110872.43630343559,110789.28197620802,110872.43630343559,0.00016584752445199697,18.463909381181228,0.2576867002700213,0.01379093931816443,-0.347467929882903,-0.018818762739219733,-4.572530629048778,stop,6
BTC,long,2025-10-20 20:05:00+00:00,2025-10-21 00:05:00+00:00,110879.05,110879.05,110369.8388073464,110287.0614282409,110369.8388073464,0.00016620960035455696,18.429162588192938,0.25712272857936225,0.013758395099524114,-0.3555169125059088,-0.019290996582431736,-4.200550587795782,stop,48
BTC,short,2025-10-21 05:50:00+00:00,2025-10-21 10:45:00+00:00,107697.06,107697.06,108354.4128594024,108435.67866904695,108354.4128594024,0.00017079027874059282,18.39361089694235,0.2586458925525187,0.013879410281273003,-0.38479478092205255,-0.020920023973434097,-3.4274211252638533,stop,59
BTC,short,2025-10-21 23:30:00+00:00,2025-10-23 06:15:00+00:00,109172.22,109172.22,109983.32219808052,110065.80968972908,109983.32219808052,0.0001681300556025163,18.355131418850142,0.25832399342188184,0.01386862655738397,-0.4085632776418674,-0.022258804272154965,-2.9959764413009213,stop,369
BTC,long,2025-10-23 17:30:00+00:00,2025-10-23 20:55:00+00:00,110248.0,110248.0,109602.1473283618,109519.94571786553,109602.1473283618,0.00016611888733660435,18.314275091085957,0.2553113591697839,0.013655240072916923,-0.3762549264386126,-0.02054435267392843,-3.506951187257862,stop,41
BTC,long,2025-10-23 23:55:00+00:00,2025-10-24 07:05:00+00:00,110068.9,110068.9,111565.43799878847,111565.43799878847,109769.5924002423,0.0001660473539614014,18.276649598442095,0.18400897685842854,0.0,0.06448719794308963,0.003528392750309473,1.297549107035503,target_R5,86
BTC,short,2025-10-24 16:25:00+00:00,2025-10-24 19:05:00+00:00,110221.79,110221.79,110816.82943863762,110899.94206071661,110816.82943863762,0.00016587553439511736,18.2830983182364,0.2569757759745623,0.013786350602331623,-0.36946461144708115,-0.020207986907698254,-3.743214894062679,stop,32
BTC,long,2025-10-25 01:50:00+00:00,2025-10-26 09:20:00+00:00,111057.05,111057.05,112353.18927681952,112353.18927681952,110797.8221446361,0.00016429530459427557,18.246151857091693,0.1835262665573253,0.0,0.029423330724342125,0.0016125773234155246,0.6908519926765587,target_R5,378
BTC,long,2025-10-26 09:50:00+00:00,2025-10-26 22:00:00+00:00,112432.71,112432.71,114438.30882429553,114438.30882429553,112031.5902351409,0.00016231125435083905,18.249094190164126,0.18411859820612114,0.0,0.14141266268985292,0.007749023662011199,2.1720289212875685,target_R5,146
BTC,long,2025-10-26 22:30:00+00:00,2025-10-28 02:45:00+00:00,114394.29,114394.29,113660.19666045376,113574.95151295842,113660.19666045376,0.0001596516352034102,18.263235456433115,0.2545080178268921,0.013609527190787138,-0.38531674706816776,-0.021097945541322046,-3.287707939361022,stop,339
BTC,short,2025-10-28 03:40:00+00:00,2025-10-28 07:45:00+00:00,113891.25,113891.25,114327.5472922392,114413.29295270838,114327.5472922392,0.00016001847184683897,18.224703781726298,0.25589768158394544,0.01372088955577663,-0.33943419711475137,-0.0186249500227871,-4.861865698033781,stop,49
BTC,short,2025-10-28 23:15:00+00:00,2025-10-29 07:25:00+00:00,113048.71,113048.71,113478.36847822629,113563.47725458496,113478.36847822629,0.00016091081766448126,18.19076036201482,0.25541612964678695,0.013694922794296946,-0.3382477494889513,-0.018594481085863018,-4.892448785263237,stop,98
BTC,short,2025-10-29 18:05:00+00:00,2025-10-30 04:25:00+00:00,111610.0,111610.0,108580.88947930548,108580.88947930548,112215.8221041389,0.00016268197820146874,18.156935587065927,0.17910544741217194,0.0,0.3136762442852938,0.017275836155344445,3.1827100069889522,target_R5,124
BTC,short,2025-10-30 10:40:00+00:00,2025-10-30 13:35:00+00:00,110084.73,110084.73,107887.20602303883,107887.20602303883,110524.23479539223,0.00016522094582504274,18.188303211494457,0.1800676471652109,0.0,0.18300934278152223,0.010061924999461515,2.5202553156614447,target_R5,35
BTC,short,2025-10-30 14:00:00+00:00,2025-10-31 00:00:00+00:00,107623.99,107623.99,108436.0746406709,108517.4016966514,108436.0746406709,0.00016916864117166264,18.20660414577261,0.256252693225381,0.013757987550714551,-0.4073899359547676,-0.022375942965144297,-2.965439981640069,stop,120
BTC,long,2025-10-31 02:20:00+00:00,2025-10-31 02:50:00+00:00,109202.98,109202.98,108603.44110712706,108521.98852629671,108603.44110712706,0.00016634953690986392,18.16586515217713,0.25330256858386885,0.013549599101241021,-0.36658518487397546,-0.02017989134032745,-3.675665243133763,stop,6
BTC,long,2025-10-31 05:25:00+00:00,2025-10-31 07:50:00+00:00,109775.54,109775.54,109225.46506671666,109143.54596791662,109225.46506671666,0.00016514796131897626,18.12920663368973,0.25286954013797724,0.013528772159913357,-0.35724206610230547,-0.01970533368175296,-3.93248903905316,stop,29
BTC,long,2025-10-31 09:45:00+00:00,2025-10-31 11:25:00+00:00,109932.2,109932.2,109450.71924049339,109368.63120106302,109450.71924049339,0.00016458764972482586,18.0934824270795,0.2524739458024355,0.013510677480363043,-0.34523040987771536,-0.01908037390088203,-4.356451298066363,stop,20
BTC,long,2025-10-31 12:20:00+00:00,2025-10-31 12:40:00+00:00,110294.74,110294.74,109728.37436303234,109646.07808226006,109728.37436303234,0.00016373364120620554,18.058959386091725,0.2518695614059539,0.013474669708573599,-0.35807733910931455,-0.019828237688218685,-3.8613753690800885,stop,4
BTC,long,2025-10-31 15:10:00+00:00,2025-10-31 15:55:00+00:00,110963.98,110963.98,110101.33099115871,110018.75499291535,110101.33099115871,0.00016242344274403997,18.023151652180797,0.2509423828321651,0.013412277922713382,-0.40446908265061343,-0.022441640089161254,-2.886705573760251,stop,9
BTC,short,2025-10-31 18:30:00+00:00,2025-10-31 19:25:00+00:00,109165.99,109165.99,109790.6086558124,109872.95161230426,109790.6086558124,0.00016472808741912877,17.982704743915736,0.2528059743232829,0.01356419773534103,-0.36926240859690573,-0.02053430859569898,-3.5888267280449195,stop,11
BTC,long,2025-10-31 20:10:00+00:00,2025-11-02 16:00:00+00:00,109597.69,109597.69,108966.68757368816,108884.9625580079,108966.68757368816,0.00016374230609291166,17.945778503056044,0.2501905663280772,0.013381842532965467,-0.3668942012955658,-0.020444596551388743,-3.550985640595359,stop,526
BTC,short,2025-11-02 20:40:00+00:00,2025-11-02 23:00:00+00:00,110028.02,110028.02,110295.95170400261,110378.67366778062,110295.95170400261,0.00016276843919327537,17.90908908292649,0.2512409253127893,0.013464524931148893,-0.3083162755148372,-0.017215631352728515,-7.069718896619298,stop,28
BTC,short,2025-11-03 04:15:00+00:00,2025-11-04 05:45:00+00:00,107732.01,107732.01,104491.14033424745,104491.14033424745,108380.1839331505,0.00016595121037261815,17.878257455375003,0.17609344333529237,0.0,0.36173280035624467,0.02023311283323597,3.362915110588315,target_R5,306
BTC,short,2025-11-04 08:30:00+00:00,2025-11-04 18:20:00+00:00,104152.32,104152.32,100213.96803471199,100213.96803471199,104939.99039305761,0.0001720022245823293,17.91443073541063,0.17575728085801767,0.0,0.5016480183597104,0.028002453763050696,3.7027169623489566,target_R5,118
BTC,short,2025-11-05 11:15:00+00:00,2025-11-05 11:50:00+00:00,101542.0,101542.0,102040.20926566405,102116.73942261329,102040.20926566405,0.000176917881637614,17.964595537246602,0.2524194726517337,0.013539553248854369,-0.35410115379410223,-0.019711056286234353,-4.017388305191557,stop,7
BTC,long,2025-11-05 13:25:00+00:00,2025-11-06 14:55:00+00:00,102516.4,102516.4,101995.31128832856,101918.81480486231,101995.31128832856,0.0001748908996206187,17.929185421867192,0.25006798599474234,0.013378538811226817,-0.3545801983723346,-0.019776704296887555,-3.8907703870196984,stop,306
BTC,short,2025-11-06 16:10:00+00:00,2025-11-07 19:15:00+00:00,102061.92,102061.92,102923.81769480539,103001.0105580765,102923.81769480539,0.0001753222690894896,17.89372740202996,0.2519939750161218,0.01353362794620503,-0.4166374625386081,-0.023283995177625347,-2.7571825141448607,stop,325
BTC,long,2025-11-07 21:10:00+00:00,2025-11-08 00:35:00+00:00,103346.0,103346.0,102707.35628143583,102630.32576422475,102707.35628143583,0.00017274073167588584,17.8520636557761,0.24881625636070076,0.013306307904414229,-0.3724423474900982,-0.02086270554886763,-3.3760250120374984,stop,41
BTC,short,2025-11-08 13:30:00+00:00,2025-11-08 23:30:00+00:00,102067.35,102067.35,102445.14904928896,102521.98291107593,102445.14904928896,0.00017453984473024024,17.81481942102709,0.25012163591375525,0.013410570306323184,-0.3294731936222044,-0.018494332490023583,-4.9964855942024045,stop,120
BTC,short,2025-11-09 01:20:00+00:00,2025-11-09 11:20:00+00:00,101922.6,101922.6,102254.01885766283,102330.70937180608,102254.01885766283,0.00017446446717082241,17.781872101664867,0.24958701468020422,0.013379769687058665,-0.3207875987797698,-0.01804014768218558,-5.547960575082838,stop,120
BTC,long,2025-11-09 15:05:00+00:00,2025-11-10 00:45:00+00:00,103254.02,103254.02,106438.99202131447,106438.99202131447,102617.02559573711,0.00017190413837434016,17.749793341786887,0.1802354827732211,0.0,0.3672743882972219,0.020691755741886746,3.354043531481537,target_R5,116
BTC,long,2025-11-10 05:30:00+00:00,2025-11-10 14:35:00+00:00,106216.14,106216.14,105771.34025486746,105692.01174967631,105771.34025486746,0.00016745591376806396,17.78652078061661,0.24822137555282603,0.013284027324638903,-0.33598975064243564,-0.0188901334210674,-4.510877261121007,stop,109
BTC,short,2025-11-10 17:25:00+00:00,2025-11-10 17:55:00+00:00,105296.03,105296.03,105900.90712791377,105980.33280825971,105900.90712791377,0.0001686001058686863,17.75292180555237,0.24957926701100258,0.01339117811501842,-0.36495279292982996,-0.02055733681064759,-3.578587871225683,stop,6
BTC,long,2025-11-10 19:25:00+00:00,2025-11-11 05:15:00+00:00,105604.04,105604.04,105155.37567114066,105076.5091393873,105155.37567114066,0.00016776277239260342,17.716426526259387,0.24723347101034002,0.013230868015932895,-0.3357335107093814,-0.018950407985027642,-4.46043849297102,stop,118
BTC,short,2025-11-11 06:30:00+00:00,2025-11-11 11:40:00+00:00,104997.49,104997.49,105477.93073073235,105557.0391787804,105477.93073073235,0.00016841215133036463,17.68285317518845,0.24840805838140018,0.013322823924178396,-0.34264293935494466,-0.019377129695094756,-4.234757486710432,stop,62
BTC,short,2025-11-11 20:30:00+00:00,2025-11-12 05:50:00+00:00,102921.93,102921.93,103441.03338737276,103518.6141624133,103441.03338737276,0.0001714754948848409,17.64858888125295,0.24800109474589924,0.013303201793625517,-0.3503178067856681,-0.019849621357421382,-3.9355577127219985,stop,112
BTC,long,2025-11-12 09:40:00+00:00,2025-11-12 14:45:00+00:00,104562.42,104562.42,104056.35000819874,103978.3077456926,104056.35000819874,0.00016845016690101843,17.613557100574386,0.24570425514749833,0.01314623214449362,-0.3440980618745102,-0.01953597787827247,-4.03645574152293,stop,61
BTC,short,2025-11-12 22:30:00+00:00,2025-11-13 01:10:00+00:00,101680.96,101680.96,102086.96839402233,102163.53362031786,102086.96839402233,0.00017288533954033217,17.579147294386935,0.2468589312592338,0.013237005145084446,-0.3302888354610931,-0.018788672165376028,-4.705445136180254,stop,32
BTC,short,2025-11-14 01:30:00+00:00,2025-11-14 12:40:00+00:00,99081.15,99081.15,94688.6111308216,94688.6111308216,99959.65777383567,0.00017708836050894471,17.546118410840826,0.1715718465743352,0.0,0.6062956602402796,0.03455440377432317,3.8971653586809034,target_R5,134
BTC,short,2025-11-14 12:55:00+00:00,2025-11-14 14:35:00+00:00,95206.0,95206.0,96172.80057065019,96244.93017107817,96172.80057065019,0.000184933176237473,17.606747976864852,0.24822366558394582,0.013339156107887351,-0.4403563220103735,-0.02501065628865698,-2.4629324960126073,stop,20
BTC,short,2025-11-14 18:20:00+00:00,2025-11-17 19:40:00+00:00,95976.64,95976.64,91698.96454970479,91698.96454970479,96832.17509005904,0.00018298944768918582,17.56271234466382,0.17171327610642265,0.0,0.611056191936687,0.034792814455128725,3.9031682818716824,target_R5,880
BTC,short,2025-11-18 02:55:00+00:00,2025-11-18 14:30:00+00:00,91068.96,91068.96,91860.66642548156,91929.56192530067,91860.66642548156,0.00019352167812015735,17.623817963857487,0.24823235765300344,0.013332772739922793,-0.41477748643062684,-0.023535052806448794,-2.7072065018604867,stop,139
BTC,long,2025-11-18 16:50:00+00:00,2025-11-18 21:50:00+00:00,93346.09,93346.09,92428.87303058624,92359.5513758133,92428.87303058624,0.00018835647229803012,17.582340215214426,0.24448037459766392,0.013057182346892678,-0.43030130963522173,-0.02447349467523507,-2.4906920747761223,stop,60
BTC,short,2025-11-19 06:20:00+00:00,2025-11-19 07:00:00+00:00,90479.89,90479.89,91078.15993713899,91146.46855709185,91078.15993713899,0.00019384760618354973,17.5393100842509,0.24671327309814245,0.013241462459564257,-0.37592793072368264,-0.02143345028498243,-3.2415070584687293,stop,8
BTC,short,2025-11-19 09:50:00+00:00,2025-11-19 12:55:00+00:00,91334.0,91334.0,91791.82088781986,91860.66475348573,91791.82088781986,0.0001916232431644134,17.501717291178533,0.24593233294960937,0.013192084810869042,-0.34685354107293176,-0.019818257563088273,-3.9536875324467644,stop,37
BTC,short,2025-11-19 17:50:00+00:00,2025-11-19 21:20:00+00:00,89102.9,89102.9,89947.28154720005,90014.74200836045,89947.28154720005,0.00019603213741720238,17.46703193707124,0.2461472001599686,0.01322441839242355,-0.42489753804566366,-0.024325686217123145,-2.566954706226147,stop,42
BTC,long,2025-11-20 02:15:00+00:00,2025-11-20 06:40:00+00:00,92588.01,92588.01,92010.41731161546,91941.40949863174,92010.41731161546,0.00018819436969502503,17.424542183266674,0.24284841140153807,0.012986881868503391,-0.3645349852010247,-0.02092077836920725,-3.35359722484291,stop,53
BTC,short,2025-11-20 14:35:00+00:00,2025-11-20 17:10:00+00:00,91206.36,91206.36,86938.18301121131,86938.18301121131,92059.99539775774,0.0001906455721371467,17.38808868474657,0.1698123416274146,0.0,0.6438967023828093,0.03703090742501547,3.9565536792455687,target_R5,31
BTC,short,2025-11-21 02:30:00+00:00,2025-11-21 07:30:00+00:00,86392.18,86392.18,82738.05102010933,82738.05102010933,87123.00579597813,0.00020201456144508512,17.45247835498485,0.17083384723316658,0.0,0.5673534161032225,0.03250847269729876,3.8428827228673126,target_R5,60
BTC,short,2025-11-21 16:45:00+00:00,2025-11-21 16:55:00+00:00,83265.23,83265.23,84566.43364238585,84629.85846761764,84566.43364238585,0.00021028241556043473,17.509213696595175,0.24771160808695097,0.013337125456239643,-0.5346689786001235,-0.0305364357226444,-1.954054892717728,stop,2
BTC,long,2025-11-22 23:15:00+00:00,2025-11-23 14:00:00+00:00,84990.81,84990.81,87109.78114333827,87109.78114333827,84567.01577133234,0.0002053839326714872,17.45574679873516,0.17673348112053267,0.0,0.2584691455156801,0.014807108999450471,2.9695264883101826,target_R5,177
BTC,long,2025-11-23 16:30:00+00:00,2025-11-23 17:00:00+00:00,87024.21,87024.21,86584.72526148167,86519.78671753555,86584.72526148167,0.0002008819581733259,17.48159371328673,0.2438303461554471,0.013044981868820851,-0.3451598828851239,-0.01974418857605575,-3.909629305251928,stop,6
BTC,long,2025-11-23 18:35:00+00:00,2025-11-24 00:05:00+00:00,86996.63,86996.63,86524.96915329463,86460.07542642966,86524.96915329463,0.00020054889166394398,17.44707772499822,0.2432906393245543,0.013014364998713479,-0.3508960643713079,-0.020112025056697205,-3.709611290888354,stop,66
BTC,long,2025-11-24 02:40:00+00:00,2025-11-24 04:20:00+00:00,87393.81,87393.81,86653.73844047746,86588.7481366471,86653.73844047746,0.00019923594266643246,17.41198811856109,0.2423242583266061,0.012948404447819643,-0.40272151757651453,-0.023128979576273398,-2.7312624307395397,stop,20
BTC,long,2025-11-24 06:00:00+00:00,2025-11-24 06:05:00+00:00,87421.06,87421.06,86883.23784896288,86818.07542057615,86883.23784896288,0.0001987131701080202,17.37171596680344,0.24212563473951604,0.012948632716663504,-0.36194661204308054,-0.020835397765813352,-3.38671911280819,stop,1
BTC,long,2025-11-24 19:30:00+00:00,2025-11-25 00:00:00+00:00,88611.39,88611.39,88096.91869504536,88030.84600602408,88096.91869504536,0.0001956353613863763,17.33552130559913,0.24167512387182832,0.012926154394448301,-0.3552500579339984,-0.020492608885044467,-3.5296012441165017,stop,54
BTC,short,2025-11-25 09:55:00+00:00,2025-11-25 11:10:00+00:00,87007.29,87007.29,87421.72529511587,87487.29158908721,87421.72529511587,0.00019883387127453035,17.29999629980573,0.24305891336486546,0.013036800055444749,-0.33849948754100306,-0.01956644855148346,-4.107815341627668,stop,15
BTC,short,2025-11-25 14:10:00+00:00,2025-11-25 17:10:00+00:00,86866.01,86866.01,87367.57749704401,87433.1031801668,87367.57749704401,0.0001987675772267154,17.26614635105163,0.24274052655207476,0.013024381280442227,-0.35546026403562375,-0.02058712215270744,-3.565464607112228,stop,36
BTC,long,2025-11-26 00:20:00+00:00,2025-11-26 03:50:00+00:00,87561.9,87561.9,87069.88100399672,87004.57859324371,87069.88100399672,0.0001967819374025469,17.23060032464807,0.24024136746947622,0.012850334905033685,-0.34991215364689,-0.02030760084118177,-3.6140314267127294,stop,42
BTC,long,2025-11-26 06:05:00+00:00,2025-11-26 09:20:00+00:00,87522.71,87522.71,87181.45556881047,87116.06947713386,87181.45556881047,0.00019647025451203896,17.195609109283378,0.2400194926267655,0.012846422073251753,-0.3199122596491858,-0.01860429936596285,-4.771509317796943,stop,39
BTC,short,2025-11-26 10:50:00+00:00,2025-11-26 12:00:00+00:00,86838.43,86838.43,87148.61303163998,87213.97449141371,87148.61303163998,0.00019765002526322118,17.163617883318462,0.24095868777039692,0.012918694175519213,-0.315185065985782,-0.01836355645578164,-5.141036901358566,stop,14
BTC,short,2025-11-26 12:50:00+00:00,2025-11-26 13:40:00+00:00,86586.24,86586.24,86953.2452361724,87018.46017009953,86953.2452361724,0.00019786168537541164,17.132099376719882,0.2406190695758606,0.012903536738467515,-0.326138880884999,-0.019036714281973868,-4.491264290453205,stop,10
BTC,long,2025-11-26 22:20:00+00:00,2025-11-28 14:25:00+00:00,90425.48,90425.48,92790.16873332989,92790.16873332989,89952.54225333402,0.00018910030102833167,17.099485488631384,0.17323067164286876,0.0,0.27393267966811863,0.016019936965369113,3.063004591778447,target_R5,481
BTC,short,2025-11-28 18:55:00+00:00,2025-11-30 08:20:00+00:00,90720.11,90720.11,91305.70838235521,91374.18766364198,91305.70838235521,0.00018878811717267755,17.126878756598195,0.24088764140780777,0.012928074579466955,-0.3643697320114803,-0.0212747306260404,-3.295852517304322,stop,449
BTC,long,2025-11-30 09:45:00+00:00,2025-11-30 11:35:00+00:00,91429.87,91429.87,91119.3659845829,91051.02646009445,91119.3659845829,0.00018692405210022774,17.090441783397047,0.23862885024123842,0.012774300835982886,-0.30944381983237723,-0.018106250485168528,-5.331499902900211,stop,22
BTC,long,2025-11-30 13:00:00+00:00,2025-11-30 18:05:00+00:00,91484.96,91484.96,91228.1440515984,91159.7229435597,91228.1440515984,0.00018647324545382986,17.059497401413807,0.2382871315346868,0.012758706073524093,-0.29893514099096186,-0.017523091915133886,-6.242211096740115,stop,61
BTC,short,2025-11-30 22:45:00+00:00,2025-12-01 00:00:00+00:00,91073.31,91073.31,89828.13222321778,89828.13222321778,91322.34555535644,0.00018698786600942374,17.02960388731471,0.16913187319673278,0.0,0.06370126208613318,0.0037406191305238766,1.36795954769804,target_R5,15
BTC,short,2025-12-01 06:35:00+00:00,2025-12-01 07:40:00+00:00,86064.69,86064.69,86482.52008848582,86547.38197855219,86482.52008848582,0.00019794382590030042,17.035974013523326,0.23936354926202064,0.012839010674862249,-0.33490944622802676,-0.019658954983270832,-4.049353823442005,stop,13
BTC,short,2025-12-01 16:45:00+00:00,2025-12-01 21:20:00+00:00,85123.76,85123.76,86049.5744407893,86114.1116216199,86049.5744407893,0.00019973839347440153,17.00248306890052,0.23981506414150144,0.012890552818469703,-0.43762630601862984,-0.025738964376273852,-2.366562163738263,stop,55
BTC,long,2025-12-02 01:25:00+00:00,2025-12-02 15:00:00+00:00,86740.5,86740.5,89606.05523983952,89606.05523983952,86167.3889520321,0.0001955109832004503,16.95872043829866,0.17238844199476774,0.0,0.3878590803614596,0.022870775054793614,3.4614975067649083,target_R5,163
BTC,long,2025-12-02 16:50:00+00:00,2025-12-05 15:50:00+00:00,90633.46,90633.46,89767.72129480966,89700.39550383855,89767.72129480966,0.00018754118342535753,16.997506346334806,0.23639019667028652,0.01262635851377024,-0.41137821649259165,-0.024202268739337618,-2.533715245194813,stop,852
BTC,short,2025-12-05 21:25:00+00:00,2025-12-06 14:15:00+00:00,89425.27,89425.27,89866.53592943496,89933.93583138204,89866.53592943496,0.00018961495475144268,16.956368524685544,0.2382572151830076,0.012780029357947123,-0.33470786378411754,-0.019739360069748465,-4.000303413691639,stop,202
BTC,short,2025-12-06 19:25:00+00:00,2025-12-07 04:05:00+00:00,89533.98,89533.98,89806.15940417905,89873.51402373219,89806.15940417905,0.00018901089550924836,16.92289773830713,0.23749814900523314,0.01273075695842335,-0.3016737788867136,-0.017826366592279087,-5.864020294848593,stop,104
BTC,short,2025-12-07 09:20:00+00:00,2025-12-07 12:45:00+00:00,89337.03,89337.03,89541.28610961599,89608.4420741982,89541.28610961599,0.00018908990326204557,16.89273036041846,0.23696011659154706,0.012698514846319942,-0.28828139944583664,-0.017065411765602553,-7.464027419949578,stop,41
BTC,short,2025-12-07 14:00:00+00:00,2025-12-07 15:55:00+00:00,89060.87,89060.87,89388.90609770891,89455.9477772822,89388.90609770891,0.00018935254304695064,16.863902220473875,0.23676791192310173,0.012694512517341078,-0.3115768937528238,-0.018475966575194513,-5.016172515068377,stop,23
BTC,long,2025-12-07 19:10:00+00:00,2025-12-07 21:25:00+00:00,91436.33,91436.33,90870.1058808671,90801.95330145644,90870.1058808671,0.0001840925213325884,16.832744531098594,0.23460736738219456,0.012546380179027202,-0.3513913732917228,-0.02087546523637457,-3.371060793347502,stop,27
BTC,long,2025-12-08 02:20:00+00:00,2025-12-08 15:10:00+00:00,91065.64,91065.64,90445.40225372932,90377.56820203902,90445.40225372932,0.00018445601868904033,16.79760539376942,0.23402420465295504,0.012512399106338789,-0.3609431890770464,-0.021487776419067905,-3.15491619712767,stop,154
BTC,short,2025-12-08 19:15:00+00:00,2025-12-08 20:45:00+00:00,90070.01,90070.01,90685.27275347638,90753.28670804149,90685.27275347638,0.0001860942512925414,16.761511074861716,0.2358055398547415,0.012657005952237888,-0.36295940726335546,-0.0216543368698845,-3.1700380486118833,stop,18
BTC,short,2025-12-09 02:10:00+00:00,2025-12-09 08:15:00+00:00,90164.0,90164.0,90578.18385630616,90646.11749419839,90578.18385630616,0.0001854977056711701,16.72521513413538,0.2349578970792349,0.01260153396690487,-0.3243895861169702,-0.019395241467172898,-4.222164927532846,stop,73
BTC,short,2025-12-09 10:40:00+00:00,2025-12-09 10:55:00+00:00,90010.48,90010.48,90305.90862228908,90373.6380537558,90305.90862228908,0.00018545369578657603,16.692776175523687,0.23430500748634467,0.012560673379027458,-0.3016540107100185,-0.01807093125422291,-5.505807743462258,stop,3
BTC,long,2025-12-09 15:20:00+00:00,2025-12-09 16:50:00+00:00,90882.89,90882.89,94497.0952516857,94497.0952516857,90160.04894966286,0.00018334155938981125,16.662610774452684,0.16993927787852137,0.0,0.4926947489203815,0.02956888062678551,3.7176988276660388,target_R5,18
BTC,long,2025-12-10 07:50:00+00:00,2025-12-10 09:20:00+00:00,92714.02,92714.02,92475.60662688095,92406.24992191078,92475.60662688095,0.00018025192143911702,16.711880249344723,0.2334670381593927,0.012501679335558541,-0.28894318609644154,-0.017289687443025514,-6.723601140385511,stop,18
BTC,short,2025-12-10 12:15:00+00:00,2025-12-10 16:15:00+00:00,92052.11,92052.11,92416.77780336203,92486.09038671455,92416.77780336203,0.0001812341502083448,16.68298593073508,0.23426967162963078,0.01256180714264019,-0.3129217382229316,-0.01875693832759492,-4.734763349757188,stop,48
BTC,long,2025-12-10 19:00:00+00:00,2025-12-10 19:00:00+00:00,92502.64,92502.64,91823.74455043998,91754.87674202715,91823.74455043998,0.0001800131732122757,16.651693756912785,0.23191224746486577,0.012397112724569172,-0.3665194843441085,-0.022010943132553806,-2.9990926437504335,stop,0
BTC,long,2025-12-10 20:35:00+00:00,2025-12-10 20:50:00+00:00,93792.31,93792.31,92505.7303474822,92436.35104972158,92505.7303474822,0.00017714716492725656,16.615041808478374,0.23044874676450117,0.012290345902937939,-0.4706530305640625,-0.028326924240653806,-2.0650471616946047,stop,3
BTC,short,2025-12-11 01:35:00+00:00,2025-12-11 20:50:00+00:00,91087.56,91087.56,91706.84939083399,91775.62952787711,91706.84939083399,0.00018189066108941735,16.567976505421967,0.23307805186761701,0.01251046459659494,-0.358231473168669,-0.02162192064018413,-3.180238548856331,stop,231
BTC,long,2025-12-11 22:35:00+00:00,2025-12-12 00:55:00+00:00,92697.97,92697.97,91899.15689579282,91830.23252812098,91899.15689579282,0.00017834428691486018,16.532153358105102,0.23005734282760731,0.012292267203493194,-0.3848133634791753,-0.02327666306643082,-2.701131720633994,stop,28
BTC,long,2025-12-12 07:35:00+00:00,2025-12-12 08:25:00+00:00,92459.66,92459.66,92225.94391009,92156.77445215744,92225.94391009,0.00017838776415311482,16.493672021757185,0.23042512862353526,0.01233898494827416,-0.2844562042974623,-0.01724638418432412,-6.822785793336047,stop,10
BTC,long,2025-12-12 11:15:00+00:00,2025-12-12 12:25:00+00:00,92416.66,92416.66,92178.25280052215,92109.11911092176,92178.25280052215,0.00017816296760051097,16.46522640132744,0.230020038041474,0.012317063300378465,-0.28481243549815316,-0.017297814713024013,-6.705360679449883,stop,14
BTC,short,2025-12-13 02:05:00+00:00,2025-12-13 03:35:00+00:00,90222.24,90222.24,90384.2823572164,90452.07056898432,90384.2823572164,0.00018218063703337025,16.43674515777762,0.2304912683240924,0.012349699603231028,-0.2723619477913961,-0.01657030909568605,-9.22604700268988,stop,18
BTC,short,2025-12-13 12:15:00+00:00,2025-12-14 11:00:00+00:00,90450.74,90450.74,89634.29381844435,89634.29381844435,90614.02923631114,0.00018141928925068476,16.409508962998483,0.16335449420013853,0.0,-0.0152354082308757,-0.0009284499777068135,-0.5142959170716629,target_R5,273
BTC,short,2025-12-14 13:15:00+00:00,2025-12-15 02:15:00+00:00,89260.0,89260.0,89689.15984054512,89756.42671042553,89689.15984054512,0.0001838223775731055,16.407985422175397,0.2305330849542665,0.012365155953316685,-0.3217874231554824,-0.01961163512009138,-4.078980336547366,stop,156
BTC,long,2025-12-15 04:30:00+00:00,2025-12-15 14:45:00+00:00,89350.0,89350.0,88983.32259358489,88916.58510163969,88983.32259358489,0.00018327707532019973,16.375806679859846,0.22854637838329273,0.012231452337921219,-0.3079813933549716,-0.018807097529659374,-4.5828134891209835,stop,123
BTC,short,2025-12-15 18:20:00+00:00,2025-12-15 19:00:00+00:00,85810.0,85810.0,86479.04948436105,86543.90877147432,86479.04948436105,0.0001904790646838871,16.34500854052435,0.23008826787452447,0.012354336345399631,-0.36988252422825396,-0.022629692931098833,-2.90240706525928,stop,8
BTC,short,2025-12-16 01:20:00+00:00,2025-12-16 06:05:00+00:00,85890.09,85890.09,86274.41708370099,86339.12289651377,86274.41708370099,0.00018987080218569485,16.308020288101527,0.22907960815984088,0.012285744584840486,-0.3143378444286773,-0.019275046196626386,-4.307621093574592,stop,57
BTC,long,2025-12-16 16:50:00+00:00,2025-12-17 04:40:00+00:00,87563.98,87563.98,86827.93790468205,86762.81695125354,86827.93790468205,0.0001858822143952189,16.27658650365866,0.22653191339688766,0.012104827026820355,-0.3754538749895039,-0.023067113912681212,-2.7442021511490355,stop,142
BTC,short,2025-12-17 05:35:00+00:00,2025-12-17 06:00:00+00:00,86350.0,86350.0,86743.14817445066,86808.2055355815,86743.14817445066,0.00018806069619177427,16.239041116159708,0.22812210969441934,0.012234732626664597,-0.3142925617148002,-0.019354133009863682,-4.250889344041626,stop,5
BTC,short,2025-12-17 10:30:00+00:00,2025-12-17 11:35:00+00:00,86541.73,86541.73,86887.47328908667,86952.6388940535,86887.47328908667,0.0001872808858800053,16.20761185998823,0.22759916447508402,0.012204272227093195,-0.3045545461693968,-0.018790834134006586,-4.703464522466266,stop,13
BTC,short,2025-12-17 20:00:00+00:00,2025-12-18 02:15:00+00:00,85981.99,85981.99,86712.09537499609,86777.12944652734,86712.09537499609,0.00018814587107569025,16.17715640537129,0.22782660950933978,0.012235892037845522,-0.37742881330286715,-0.023330973864946362,-2.7476082634740733,stop,75
BTC,long,2025-12-18 05:40:00+00:00,2025-12-18 13:10:00+00:00,86574.01,86574.01,87864.20566887574,87864.20566887574,86315.97086622484,0.0001864233102294904,16.139413524041004,0.16259674797758789,0.0,0.07792579945798078,0.004828291891889615,1.6199271188672153,target_R5,90
BTC,short,2025-12-18 20:10:00+00:00,2025-12-19 03:00:00+00:00,84901.3,84901.3,85892.70948013113,85957.12901224123,85892.70948013113,0.00019018797243371772,16.1472061039868,0.2278681392674889,0.012251820197148633,-0.42867411834234315,-0.026547881756244014,-2.2734800488828086,stop,82
BTC,long,2025-12-19 08:35:00+00:00,2025-12-19 14:40:00+00:00,88018.0,88018.0,87516.63219778234,87450.994723634,87516.63219778234,0.00018296642382413335,16.10433869215257,0.22452705534078102,0.012009453913771699,-0.32826998304688354,-0.020383946793595762,-3.57851904518553,stop,73
BTC,long,2025-12-19 21:20:00+00:00,2025-12-23 06:15:00+00:00,87888.01,87888.01,87328.83807853423,87263.34144997533,87328.83807853423,0.0001828635293238279,16.071511693847878,0.2239731018524343,0.011976944657092908,-0.33820219756754316,-0.0210435834543807,-3.3075313728671936,stop,971
BTC,short,2025-12-23 15:15:00+00:00,2025-12-23 15:40:00+00:00,86904.06,86904.06,87505.9546804287,87571.58414643903,87505.9546804287,0.00018454478966910322,16.037691474091126,0.2256363735661085,0.012111576000971975,-0.3488244767697465,-0.02175029226202986,-3.140397755983986,stop,5
BTC,short,2025-12-24 03:00:00+00:00,2025-12-24 04:05:00+00:00,87068.93,87068.93,87391.49168539018,87457.03530415423,87391.49168539018,0.0001837947132968575,16.002809026414152,0.2246813116977523,0.012046570619176064,-0.2960130148037692,-0.018497565915782138,-4.993039610217174,stop,13
BTC,short,2025-12-24 05:30:00+00:00,2025-12-24 12:35:00+00:00,87094.99,87094.99,87343.57207672387,87409.07975578141,87343.57207672387,0.00018339984567348564,15.973207724933776,0.22414334426371424,0.012014098229581131,-0.2817473570016462,-0.01763874619634763,-6.180036967387549,stop,85
BTC,long,2025-12-24 21:00:00+00:00,2025-12-25 08:20:00+00:00,87495.0,87495.0,87308.50839942507,87243.0270181255,87308.50839942507,0.0001822393621262199,15.94503298923361,0.22281718728986188,0.011933285159177565,-0.2687365827797117,-0.016853937082549012,-7.907247406808389,stop,136
BTC,short,2025-12-25 10:30:00+00:00,2025-12-25 11:25:00+00:00,87353.41,87353.41,87500.59807134095,87566.22351989445,87500.59807134095,0.00018222710860349515,15.918159330955639,0.22320325416499784,0.011958735740712236,-0.26198364656709605,-0.01645816209777616,-9.76761614222969,stop,11
BTC,long,2025-12-25 15:40:00+00:00,2025-12-25 20:25:00+00:00,88011.23,88011.23,87750.56089770065,87684.74797702736,87750.56089770065,0.00018056742266070968,15.891960966298932,0.221956885371286,0.011883669463748752,-0.28090890280450875,-0.01767616365281883,-5.968106273597941,stop,57
BTC,short,2025-12-26 00:00:00+00:00,2025-12-26 02:05:00+00:00,87171.46,87171.46,87547.96178990368,87613.62276124611,87547.96178990368,0.0001819846779670603,15.86387007601848,0.2228183826936883,0.011949290724755755,-0.30328523040808625,-0.019117985015936596,-4.426387100373906,stop,25
BTC,long,2025-12-26 05:05:00+00:00,2025-12-26 07:45:00+00:00,88923.99,88923.99,88552.01874888777,88485.6047348261,88552.01874888777,0.00017805702997557434,15.833541552977673,0.22096706353697015,0.011825482092576192,-0.2990246418388893,-0.01888551849492285,-4.514799605522792,stop,32
BTC,long,2025-12-26 13:35:00+00:00,2025-12-26 14:35:00+00:00,88779.99,88779.99,88594.1087734358,88527.66319185573,88594.1087734358,0.0001780090208254561,15.803639088793785,0.22084669921070102,0.011827912915247232,-0.2657631472564771,-0.01681657912859623,-8.031880112192496,stop,12
BTC,short,2025-12-27 11:25:00+00:00,2025-12-27 21:25:00+00:00,87449.95,87449.95,87577.12378389775,87642.80662673568,87577.12378389775,0.0001804124847877916,15.777062774068137,0.2211920225260885,0.011850004884315707,-0.25598576576326415,-0.016225185221675955,-11.157107958013091,stop,120
BTC,long,2025-12-28 00:35:00+00:00,2025-12-28 05:25:00+00:00,87742.8,87742.8,87539.86837773786,87474.21347645455,87539.86837773786,0.00017951859522937275,15.751464197491808,0.22008655228624552,0.011786275648303481,-0.2683028276906664,-0.017033516651321197,-7.364886892309471,stop,58
BTC,long,2025-12-28 09:20:00+00:00,2025-12-28 09:35:00+00:00,87805.94,87805.94,87700.4139781794,87634.63866769576,87700.4139781794,0.0001790839425524371,15.72463391472274,0.2198687789445366,0.011779301924019138,-0.25054609689806495,-0.01593335007077541,-13.257798940737338,stop,3
BTC,long,2025-12-28 10:25:00+00:00,2025-12-28 11:35:00+00:00,87892.61,87892.61,87757.17139620987,87691.35351766272,87757.17139620987,0.00017862229037268247,15.699579305032934,0.21947057022601418,0.011756540213563631,-0.2554194640534487,-0.016269191619138923,-10.557859236440803,stop,14
BTC,long,2025-12-28 14:00:00+00:00,2025-12-28 16:20:00+00:00,87822.04,87822.04,87705.09363004567,87639.31480982313,87705.09363004567,0.00017847498599016365,15.67403735862759,0.21914301613897447,0.011739874017666374,-0.25175489189583977,-0.016061904545433804,-12.06184701599694,stop,28
BTC,short,2025-12-28 19:20:00+00:00,2025-12-28 22:45:00+00:00,87557.34,87557.34,87751.23391947211,87817.04734491173,87751.23391947211,0.00017872701328567093,15.648861869438006,0.2195018166348919,0.01176263696292134,-0.2659185347193171,-0.016992835449500133,-7.673512790223918,stop,41
BTC,long,2025-12-29 08:45:00+00:00,2025-12-29 09:15:00+00:00,89600.06,89600.06,89317.38657082897,89250.39853090084,89317.38657082897,0.00017435557538651286,15.622270015966075,0.21816309138380752,0.011679738245682868,-0.27912851801908417,-0.0178673469178175,-5.663480152952872,stop,6
BTC,short,2025-12-29 13:30:00+00:00,2025-12-29 14:30:00+00:00,87175.99,87175.99,87563.04122412662,87628.71350504471,87563.04122412662,0.00017888362568826765,15.594357164164165,0.21904986369644858,0.011747695717847045,-0.3000346857131462,-0.019239952154143675,-4.333436434350211,stop,12
BTC,short,2025-12-30 00:30:00+00:00,2025-12-30 04:25:00+00:00,87175.91,87175.91,87356.16264186312,87421.67976384451,87356.16264186312,0.00017853961829125556,15.56435369559285,0.2182958684967189,0.011697401950099509,-0.26217550832104963,-0.01684461259674961,-8.146590344202783,stop,47
BTC,long,2025-12-31 12:10:00+00:00,2025-12-31 12:50:00+00:00,88879.94,88879.94,88680.7229105453,88614.2123683624,88680.7229105453,0.00017482163179633945,15.538136144760742,0.21711581158306403,0.01162748151607501,-0.26357074975932726,-0.01696282921605111,-7.567901162895382,stop,8
BTC,long,2025-12-31 14:10:00+00:00,2025-12-31 14:30:00+00:00,89012.01,89012.01,88764.23483061437,88697.6616544914,88764.23483061437,0.00017426613633131992,15.511779069784811,0.21667188453228203,0.01160145018625429,-0.27145215616620777,-0.0174997435784117,-6.286696743105453,stop,4
BTC,short,2025-12-31 19:10:00+00:00,2026-01-01 02:30:00+00:00,87630.0,87630.0,87948.51001704656,88014.47139955935,87948.51001704656,0.00017670471133365506,15.484633854168193,0.2173963151274313,0.01165568705609118,-0.28533422280261234,-0.018426927332595943,-5.069704422888967,stop,88
BTC,short,2026-01-01 08:15:00+00:00,2026-01-01 09:15:00+00:00,87590.49,87590.49,87718.43223253738,87784.22105671179,87718.43223253738,0.000176458659289244,15.456100431887933,0.2166930757492015,0.011609007710031776,-0.2508785982792511,-0.016231687894681126,-11.112370544314757,stop,12
BTC,long,2026-01-01 12:25:00+00:00,2026-01-01 13:45:00+00:00,87852.68,87852.68,87745.424004033,87679.61493602998,87745.424004033,0.00017564646373975168,15.431012572060007,0.21576059161049105,0.011559130076740903,-0.2461588580937186,-0.015952216806525282,-13.066355738523216,stop,16
BTC,long,2026-01-01 18:20:00+00:00,2026-01-02 09:45:00+00:00,88085.35,88085.35,89279.09568220687,89279.09568220687,87846.60086355863,0.00017490305352990744,15.406396686250634,0.15510791568728696,0.0,0.05368184926883593,0.003484387060911137,1.2855479117981945,target_R5,185
BTC,long,2026-01-02 10:35:00+00:00,2026-01-02 14:10:00+00:00,89516.0,89516.0,89186.70419387531,89119.8141657299,89186.70419387531,0.00017216771159544124,15.411764871177517,0.21515081452040993,0.011516303074350177,-0.2833612229732241,-0.01838603335450278,-4.998072040852112,stop,43
BTC,long,2026-01-02 16:10:00+00:00,2026-01-05 14:55:00+00:00,89488.13,89488.13,93468.7791026911,93468.7791026911,88692.00017946179,0.00017190468444116774,15.383428748880196,0.15725574862814762,0.0,0.5270364792409826,0.03426001367083701,3.8509605821635717,target_R5,849
BTC,long,2026-01-05 18:25:00+00:00,2026-01-06 07:20:00+00:00,94034.03,94034.03,93479.03620380441,93408.92692665156,93479.03620380441,0.00016415474692304792,15.436132396804295,0.21518233082400312,0.011508770647983793,-0.31779596763033524,-0.020587797478086402,-3.488243614539511,stop,155
BTC,short,2026-01-06 09:10:00+00:00,2026-01-06 10:10:00+00:00,93329.28,93329.28,93603.85869946558,93674.06159349017,93603.85869946558,0.00016505380519426767,15.404352800041261,0.2161731068262761,0.01158725479440925,-0.2730806207927724,-0.017727497178073003,-6.025575002910925,stop,12
BTC,long,2026-01-06 14:40:00+00:00,2026-01-06 14:45:00+00:00,94251.42,94251.42,93869.16028095686,93798.75841074614,93869.16028095686,0.00016314921025022206,15.377044737961985,0.21461396390429138,0.011486009525016501,-0.28846534470166807,-0.018759478795657075,-4.625408921914229,stop,1
BTC,short,2026-01-07 02:20:00+00:00,2026-01-07 02:50:00+00:00,92457.15,92457.15,92903.23982838953,92972.91725826083,92903.23982838953,0.00016600336700289613,15.348198203491817,0.21564534676203578,0.011566687962743799,-0.3012644482231868,-0.019628652446946324,-4.068259682443256,stop,6
BTC,short,2026-01-07 04:10:00+00:00,2026-01-07 15:15:00+00:00,92746.0,92746.0,91133.41600769245,91133.41600769245,93068.51679846151,0.0001651615353618431,15.318071758669499,0.15184903334634775,0.0,0.11448781472309853,0.0074740356702077985,2.1493048286965966,target_R5,133
BTC,short,2026-01-07 15:55:00+00:00,2026-01-12 02:45:00+00:00,91329.24,91329.24,91951.29875036492,92020.2622244277,91951.29875036492,0.000167848988343074,15.329520540141809,0.21565717399362022,0.01157544935406157,-0.3316445552863896,-0.02163437234830318,-3.1763089632425596,stop,1282
BTC,long,2026-01-12 04:35:00+00:00,2026-01-12 07:00:00+00:00,92027.99,92027.99,91642.90419873553,91574.17202058647,91642.90419873553,0.0001662141711952328,15.296356084613173,0.21347010637068897,0.011424262025489252,-0.288901085692405,-0.018886922094015244,-4.513605726026441,stop,29
BTC,short,2026-01-12 09:55:00+00:00,2026-01-12 14:50:00+00:00,90644.11,90644.11,91022.89657556634,91091.16374799801,91022.89657556634,0.0001684330727726703,15.267465976043932,0.21442221139284362,0.01149844962216877,-0.2897208478626878,-0.018976354577589147,-4.541065820926258,stop,59
BTC,long,2026-01-12 18:40:00+00:00,2026-01-12 21:50:00+00:00,91588.0,91588.0,91012.31779626677,90944.05855791956,91012.31779626677,0.00016638090024083572,15.238493891257662,0.21237465846608572,0.011357033525962148,-0.3195142153018111,-0.020967571833665054,-3.3358300059447554,stop,38
BTC,short,2026-01-13 02:10:00+00:00,2026-01-13 04:20:00+00:00,91178.46,91178.46,91454.03727431723,91522.62780227297,91454.03727431723,0.00016677779455506793,15.20654246972748,0.21340819049936427,0.011439376979825,-0.2708077375193134,-0.0178086332286531,-5.8922266232455796,stop,26
BTC,long,2026-01-13 05:40:00+00:00,2026-01-13 16:00:00+00:00,91817.93,91817.93,93497.24559281532,93497.24559281532,91482.06688143693,0.000165321323362175,15.179461695975547,0.15318275034049028,0.0,0.12444392580647515,0.008198177794372532,2.241209806160685,target_R5,124
BTC,long,2026-01-13 16:35:00+00:00,2026-01-14 15:10:00+00:00,93509.16,93509.16,96996.4114085786,96996.4114085786,92811.70971828428,0.00016246436272720441,15.191906088556195,0.1547518312743833,0.0,0.41180224648988406,0.027106687211559826,3.6342713136487856,target_R5,271
BTC,long,2026-01-14 22:50:00+00:00,2026-01-14 22:55:00+00:00,97256.6,97256.6,96809.29526459092,96736.68829314248,96809.29526459092,0.00015662778992073736,15.233086313205185,0.21253031479048148,0.0113722694708084,-0.2939629363894945,-0.019297661048153145,-4.195852967618073,stop,1
BTC,short,2026-01-15 04:15:00+00:00,2026-01-15 05:00:00+00:00,96032.18,96032.18,96445.12267332623,96517.45651533123,96445.12267332623,0.00015831870128915363,15.203690019566233,0.21354311540298754,0.011451799925486205,-0.29037146307635486,-0.019098749231447384,-4.4415233455909435,stop,9
BTC,long,2026-01-15 14:05:00+00:00,2026-01-15 14:30:00+00:00,96998.01,96998.01,96661.52369019682,96589.02754742917,96661.52369019682,0.0001564429298421545,15.174652873258598,0.21186929850741248,0.011341508976825695,-0.27585171164162225,-0.018178452841431356,-5.240254058267876,stop,5
BTC,short,2026-01-15 19:55:00+00:00,2026-01-19 00:00:00+00:00,95535.2,95535.2,92844.22676395613,92844.22676395613,96073.39464720877,0.00015854959954126265,15.147067702094436,0.1493374133761893,0.0,0.27731531557482114,0.018308184859864053,3.2498950171564864,target_R5,913
BTC,short,2026-01-19 03:35:00+00:00,2026-01-19 08:15:00+00:00,92511.71,92511.71,92893.18782644231,92962.85771731214,92893.18782644231,0.00016403111815414413,15.17479923365192,0.21311320965183744,0.011428030101055552,-0.2871154741752372,-0.01892054515874744,-4.588397713943312,stop,56
BTC,short,2026-01-19 14:25:00+00:00,2026-01-19 15:55:00+00:00,92808.35,92808.35,93034.75112258266,93104.5271859246,93034.75112258266,0.00016319746753642742,15.146087686234395,0.21248024590744619,0.0113872768320657,-0.2608156125924053,-0.017219998853528956,-7.058974188674613,stop,18
BTC,short,2026-01-19 22:45:00+00:00,2026-01-20 05:00:00+00:00,92752.79,92752.79,91550.87226459775,91550.87226459775,92993.17354708044,0.000163014030359358,15.120006124975156,0.15022041397871,0.0,0.04570904022960148,0.003023083446646196,1.16646678811762,target_R5,75
BTC,short,2026-01-20 06:35:00+00:00,2026-01-20 22:30:00+00:00,90937.01,90937.01,88281.99185424614,88281.99185424614,91468.01362915077,0.00016631926900827416,15.124577028998116,0.14903786690395376,0.0,0.2925428103015311,0.01934221431387095,3.312450310924717,target_R5,191
BTC,short,2026-01-21 08:15:00+00:00,2026-01-21 09:30:00+00:00,89032.12,89032.12,89368.06257852617,89435.08862546006,89368.06257852617,0.00017020634025145386,15.15383131002827,0.21277092867517722,0.01140825815014084,-0.2813587436508941,-0.018566838833998425,-4.920617774446339,stop,15
BTC,short,2026-01-21 12:45:00+00:00,2026-01-21 13:30:00+00:00,88534.05,88534.05,88941.36384042156,89008.06986330188,88941.36384042156,0.00017084608052679373,15.125695435663182,0.2124885960209173,0.011396462556632713,-0.29347303175788897,-0.01940228355160066,-4.217295293216062,stop,9
BTC,long,2026-01-21 15:35:00+00:00,2026-01-21 16:20:00+00:00,90100.09,90100.09,89317.045314221,89250.05753023534,89317.045314221,0.00016755086629200252,15.096348132487392,0.2100670607646549,0.011223861237779463,-0.35249073745005366,-0.02334940439611964,-2.686670985377897,stop,9
BTC,short,2026-01-22 14:45:00+00:00,2026-01-23 04:10:00+00:00,89403.83,89403.83,89909.2528334229,89976.68477304796,89909.2528334229,0.00016846145247627968,15.06109905874239,0.2117239223465241,0.011359682492531222,-0.30822786947215336,-0.020465164479031756,-3.6200661406891315,stop,161
BTC,long,2026-01-23 04:35:00+00:00,2026-01-23 05:15:00+00:00,89939.98,89939.98,89736.76638285154,89669.46380806439,89736.76638285154,0.0001671145165008395,15.030276271795174,0.21001700316154373,0.011247237244815057,-0.2552241857825104,-0.016980671623544757,-7.515447476595234,stop,8
BTC,short,2026-01-23 08:00:00+00:00,2026-01-23 15:45:00+00:00,89415.47,89415.47,89650.69628275455,89717.93430496662,89650.69628275455,0.0001678093718370761,15.004753853216924,0.2105233610502132,0.011283170270974847,-0.2612797060697994,-0.01741312844087627,-6.619171316565845,stop,93
BTC,long,2026-01-23 18:05:00+00:00,2026-01-23 19:15:00+00:00,90655.4,90655.4,89963.58113519501,89896.1084493436,89963.58113519501,0.0001652259642846421,14.978625882609942,0.20857167024886572,0.011148239582672968,-0.33402634887924854,-0.02230019973107482,-2.9222006359574437,stop,14
BTC,short,2026-01-23 23:30:00+00:00,2026-01-24 03:10:00+00:00,89446.03,89446.03,89720.66781564901,89787.95831651075,89720.66781564901,0.00016708649056556245,14.945223247722016,0.20974730988998516,0.011243333637386776,-0.2668789123207569,-0.01785713788928748,-5.815841811823346,stop,44
BTC,long,2026-01-24 03:55:00+00:00,2026-01-24 07:15:00+00:00,89625.98,89625.98,89456.93805180665,89389.84534826779,89456.93805180665,0.00016645324666452675,14.91853535648994,0.20850574657598175,0.011167798331543747,-0.24781112600680524,-0.016610955437994866,-8.807122585713257,stop,40
BTC,short,2026-01-24 12:35:00+00:00,2026-01-24 14:00:00+00:00,89381.66,89381.66,89056.03713370448,89056.03713370448,89446.78457325911,0.0001666309872057563,14.89375424388926,0.14866624814055462,0.0,-0.09440738847296325,-0.00633872339552652,-8.699721027251188,target_R5,17
BTC,short,2026-01-24 15:40:00+00:00,2026-01-24 22:10:00+00:00,89215.98,89215.98,89343.13225604278,89410.13960523481,89343.13225604278,0.0001668346130933266,14.884313505041963,0.20867192195414683,0.011179145176862401,-0.24106446457185066,-0.0161958738970522,-11.363783912695537,stop,78
BTC,short,2026-01-25 00:25:00+00:00,2026-01-25 07:55:00+00:00,89101.91,89101.91,88495.48126911535,88495.48126911535,89223.19574617693,0.0001667776488583104,14.860207058584777,0.1480963767961624,0.0,-0.04695761885909072,-0.0031599572384129865,-2.321445300342113,target_R5,90
BTC,short,2026-01-25 08:30:00+00:00,2026-01-25 13:00:00+00:00,88536.5,88536.5,88670.81408578422,88737.31719634857,88670.81408578422,0.0001677896833136488,14.855511296698868,0.20828041363779748,0.011158535860963673,-0.2419754674170581,-0.016288599064969843,-10.737038804943449,stop,54
BTC,short,2026-01-25 21:25:00+00:00,2026-01-26 01:05:00+00:00,86771.28,86771.28,87262.72386650041,87328.17090940029,87262.72386650041,0.00017092422458164915,14.831313749957161,0.2084950678211926,0.011186485058823175,-0.3036812146870063,-0.02047567867599615,-3.615267111250841,stop,44
BTC,long,2026-01-26 08:20:00+00:00,2026-01-26 09:50:00+00:00,87838.53,87838.53,87520.06205019288,87454.42200365523,87520.06205019288,0.0001685017455151909,14.800945628488462,0.20663073298818452,0.011060462417292397,-0.27135360083862087,-0.01833353136007248,-5.056679786311305,stop,18
BTC,long,2026-01-26 14:05:00+00:00,2026-01-26 14:10:00+00:00,87867.22,87867.22,87631.84275466166,87566.11887259566,87631.84275466166,0.00016813790476590248,14.7738102684046,0.20637770514350465,0.011050675823658282,-0.25700421782792165,-0.017395933287268017,-6.49396799193786,stop,1
BTC,short,2026-01-26 17:45:00+00:00,2026-01-26 18:30:00+00:00,87452.0,87452.0,88098.76191396793,88164.8359854034,88098.76191396793,0.00016864233918746066,14.748109846621809,0.20755546680502418,0.011142885966518062,-0.3277697948404531,-0.02222452899044089,-3.005092704590533,stop,9
BTC,long,2026-01-27 00:55:00+00:00,2026-01-27 09:00:00+00:00,88250.94,88250.94,87991.14885003917,87925.15548840164,87991.14885003917,0.0001667442054117244,14.715332867137764,0.20552575602423145,0.011004010648699297,-0.2598484355461476,-0.01765834574673063,-5.99853232578915,stop,97
BTC,short,2026-01-27 11:20:00+00:00,2026-01-27 11:40:00+00:00,87720.46,87720.46,87910.36932771465,87976.30210471044,87910.36932771465,0.00016745634967695278,14.68934802358315,0.20603645379470037,0.011040862159779395,-0.2488788387431785,-0.016942810419061056,-7.826003817390222,stop,4
BTC,short,2026-01-27 18:35:00+00:00,2026-01-27 18:55:00+00:00,87651.41,87651.41,88241.11278062401,88307.29361520948,88241.11278062401,0.0001673043267610736,14.664460139708835,0.20629003145600985,0.011072339974807378,-0.3160221981322499,-0.02155021017626937,-3.203149738835502,stop,4
BTC,long,2026-01-27 20:45:00+00:00,2026-01-29 02:00:00+00:00,88824.0,88824.0,88336.18219606111,88269.93005941407,88336.18219606111,0.0001647399117343917,14.632857919895608,0.20403851398057724,0.010914371143449285,-0.2953159470873837,-0.02018169989102788,-3.6747722134086658,stop,351
BTC,short,2026-01-29 03:20:00+00:00,2026-01-29 15:10:00+00:00,87904.02,87904.02,85430.55479881141,85430.55479881141,88398.71304023772,0.00016612808293849213,14.60332632518687,0.14397870309142605,0.0,0.2669333289971064,0.01827894022587971,3.248059294350313,target_R5,142
BTC,short,2026-01-30 00:55:00+00:00,2026-01-30 01:35:00+00:00,84054.37,84054.37,82445.29508312322,82445.29508312322,84376.18498337535,0.0001740542420112908,14.63001965808658,0.14489986500588398,0.0,0.13516644999048466,0.009238979382763366,2.4131150865507913,target_R5,8
BTC,short,2026-01-30 04:30:00+00:00,2026-01-30 14:40:00+00:00,82901.99,82901.99,83421.42564772056,83483.99171695636,83421.42564772056,0.00017663672854035986,14.643536303085629,0.20593473415679117,0.01105146578744002,-0.3087376134448334,-0.021083542052596778,-3.3649357722734905,stop,122
BTC,short,2026-01-30 18:35:00+00:00,2026-01-30 18:45:00+00:00,82147.01,82147.01,83046.33521035365,83108.61996176142,83046.33521035365,0.00017788428990587904,14.612662541741145,0.20611677333130515,0.0110794787761359,-0.3771720785456555,-0.025811317921580788,-2.357681700686986,stop,2
BTC,long,2026-01-30 22:10:00+00:00,2026-01-31 07:30:00+00:00,84045.39,84045.39,83376.4554840294,83313.92314241637,83376.4554840294,0.00017341754656485713,14.574945333886578,0.20290759198389116,0.01084420526348663,-0.3297567798195493,-0.02262490680173384,-2.842608761346901,stop,112
BTC,short,2026-01-31 08:05:00+00:00,2026-01-31 14:15:00+00:00,83340.67,83340.67,82117.30519065012,82117.30519065012,83585.34296186997,0.00017448827392321927,14.541969655904623,0.14435238248923687,0.0,0.0691104314726315,0.004752480792350567,1.618793226556475,target_R5,74
BTC,short,2026-01-31 20:15:00+00:00,2026-01-31 23:20:00+00:00,77417.51,77417.51,78524.8674552532,78583.76110584465,78524.8674552532,0.00018792752051896124,14.548880699051887,0.20565686589434135,0.011067737729960541,-0.4248275445182239,-0.02920001567858817,-2.041429797644113,stop,37
BTC,short,2026-02-01 06:30:00+00:00,2026-02-01 09:55:00+00:00,78634.83,78634.83,78934.67542751407,78993.87643408471,78934.67542751407,0.00018447802258363203,14.506397944600065,0.20368569680998178,0.0109212846271126,-0.2699218729856335,-0.018607091437617056,-4.879732481239263,stop,41
BTC,short,2026-02-01 11:50:00+00:00,2026-02-01 20:25:00+00:00,78667.99,78667.99,76656.24519914252,76656.24519914252,79070.3389601715,0.00018405714646200445,14.479405757301501,0.14294267753573703,0.0,0.22733332991986535,0.015700459931183876,3.0697820725951783,target_R5,103
BTC,short,2026-02-01 21:35:00+00:00,2026-02-01 22:10:00+00:00,76893.99,76893.99,77643.72854064786,77701.96133705335,77643.72854064786,0.0001885991231602559,14.502139090293486,0.20440139143547073,0.010982654341244309,-0.3567840771423507,-0.02460216902630261,-2.523224879772265,stop,7
BTC,short,2026-02-02 04:15:00+00:00,2026-02-02 06:40:00+00:00,75434.48,75434.48,76603.53703090984,76660.98968368302,76603.53703090984,0.00019177517605449462,14.466460682579251,0.2046473765507972,0.011017992600374261,-0.43986148707165085,-0.030405604848554233,-1.9619496142554365,stop,29
BTC,long,2026-02-02 14:55:00+00:00,2026-02-02 15:00:00+00:00,78288.71,78288.71,77507.35197390463,77449.2214599242,77507.35197390463,0.0001842216397980256,14.422474533872085,0.20052277587520945,0.010708898607777182,-0.35517473131962507,-0.024626476579000016,-2.4674669214696077,stop,1
BTC,long,2026-02-02 22:30:00+00:00,2026-02-03 02:45:00+00:00,78597.01,78597.01,78194.0961850433,78135.4506129045,78194.0961850433,0.00018304712941039517,14.386957060740123,0.20065701476261946,0.010734903632635788,-0.28514413562287044,-0.01981962790456827,-3.866244925801408,stop,51
BTC,long,2026-02-03 05:10:00+00:00,2026-02-03 05:15:00+00:00,78693.82,78693.82,78275.55149430467,78216.84483068394,78275.55149430467,0.0001824595965372863,14.358442647177833,0.20023493878792423,0.010711594158288758,-0.2872636357396373,-0.02000660118916861,-3.7640794163426854,stop,1
BTC,short,2026-02-03 15:15:00+00:00,2026-02-03 15:25:00+00:00,77113.18,77113.18,77912.56122972327,77970.99565064556,77912.56122972327,0.00018582706981613094,14.32971628360387,0.20205067628967113,0.01085869721639173,-0.3614560450915554,-0.025224229003412656,-2.433282693133436,stop,2
BTC,short,2026-02-03 17:55:00+00:00,2026-02-03 20:30:00+00:00,75001.14,75001.14,75844.47051570112,75901.3538685879,75844.47051570112,0.00019057804560163638,14.293570679094714,0.20165403850461672,0.010840718220431408,-0.3732150382035877,-0.02611069316286652,-2.322140272342802,stop,31
BTC,short,2026-02-04 14:25:00+00:00,2026-02-04 17:30:00+00:00,75180.89,75180.89,72272.20653098353,72272.20653098353,75762.6266938033,0.00018962596978134145,14.256249175274355,0.13980468213474753,0.0,0.4117572414644568,0.028882578888884545,3.732647449424578,target_R5,37
BTC,short,2026-02-04 18:25:00+00:00,2026-02-04 18:40:00+00:00,72690.0,72690.0,73928.19461591156,73983.6407618735,73928.19461591156,0.00019669039619508595,14.297424899420799,0.20245396901777424,0.01090572441674341,-0.4569006830047849,-0.03195685140638818,-1.8760730331719309,stop,3
BTC,short,2026-02-04 22:05:00+00:00,2026-02-04 22:20:00+00:00,72136.0,72136.0,72993.46946077791,73048.2145628735,72993.46946077791,0.00019756757833980704,14.25173483112032,0.2011463038347035,0.010815857246991667,-0.38137032594792686,-0.026759572112944482,-2.2511921208110897,stop,3
BTC,short,2026-02-05 01:55:00+00:00,2026-02-05 15:10:00+00:00,72366.01,72366.01,68026.90000545296,68026.90000545296,73233.8319989094,0.00019641262242488605,14.213597798525527,0.13787469812016018,0.0,0.7143812748988558,0.05026041154569348,4.191119203120658,target_R5,159
BTC,short,2026-02-05 17:30:00+00:00,2026-02-06 15:40:00+00:00,67263.99,67263.99,68737.23365796964,68788.78658321312,68737.23365796964,0.00021237271125330824,14.285035926015414,0.20290492962459653,0.010948434506996743,-0.5267301141113465,-0.03687285890209655,-1.6835067295522341,stop,266
BTC,long,2026-02-06 20:15:00+00:00,2026-02-07 06:50:00+00:00,70460.02,70460.02,69606.93075569792,69554.72555763114,69606.93075569792,0.00020199203625835302,14.23236291460428,0.1976073203940128,0.010545034260778468,-0.38046958822146915,-0.0267327070356713,-2.2079601694292927,stop,127
BTC,short,2026-02-07 08:30:00+00:00,2026-02-07 12:15:00+00:00,68379.33,68379.33,69289.04766269829,69341.0144484453,69289.04766269829,0.0002075819689339181,14.194315955782134,0.2005170785426625,0.010787367704533372,-0.40014542984406765,-0.028190539867549318,-2.1189543827958346,stop,45
BTC,long,2026-02-07 20:35:00+00:00,2026-02-07 23:05:00+00:00,69494.73,69494.73,69100.08800226357,69048.26293626188,69100.08800226357,0.00020367445722571667,14.154301412797729,0.19734181434728398,0.010555442188581744,-0.2882757512233052,-0.020366653416229945,-3.586478601574925,stop,30
BTC,short,2026-02-09 02:15:00+00:00,2026-02-09 03:30:00+00:00,70288.2,70288.2,70954.93227801422,71008.14847722274,70954.93227801422,0.00020096508144575332,14.125473837675399,0.1990587942667119,0.010694597808172978,-0.3437432986285268,-0.024334992410073798,-2.565441737142429,stop,15
BTC,long,2026-02-09 04:45:00+00:00,2026-02-09 06:15:00+00:00,70973.64,70973.64,70500.2887087865,70447.4134922549,70500.2887087865,0.00019853990168480223,14.091099507812547,0.1963351004773708,0.010497840291745775,-0.30081205958902,-0.02134766413523944,-3.200839328632994,stop,18
BTC,short,2026-02-09 08:20:00+00:00,2026-02-09 17:40:00+00:00,70310.44,70310.44,70737.40905041496,70790.46210720278,70737.40905041496,0.00019998478606951748,14.061018301853645,0.1977182302917093,0.01060980421204532,-0.29371534870929583,-0.020888625731365112,-3.4398007648100397,stop,112
BTC,short,2026-02-10 05:20:00+00:00,2026-02-11 04:20:00+00:00,69613.98,69613.98,67808.15110782669,67808.15110782669,69975.14577843466,0.00020156363372677034,14.031646766982716,0.13849652050285097,0.0,0.22549291289238826,0.016070309966965977,3.097520040472383,target_R5,276
BTC,short,2026-02-11 07:10:00+00:00,2026-02-11 07:50:00+00:00,66718.0,66718.0,67215.36834022224,67265.7798664774,67215.36834022224,0.0002106507398044299,14.054196058271954,0.19779725692291827,0.010619225300320752,-0.3131874910463548,-0.022284269391703863,-2.989257186356841,stop,8
BTC,short,2026-02-11 18:00:00+00:00,2026-02-11 18:45:00+00:00,66470.63,66470.63,67181.37723562418,67231.7632685509,67181.37723562418,0.00021096350838208268,14.022877309167317,0.1977654244304608,0.010629614279675789,-0.35833676911027995,-0.025553726329475966,-2.3898401609345266,stop,9
BTC,short,2026-02-12 05:30:00+00:00,2026-02-12 06:25:00+00:00,66819.42,66819.42,67238.02183429763,67288.45035067336,67238.02183429763,0.0002093260257610181,13.987043632256288,0.1967022331849978,0.010556000917956063,-0.2948824924527492,-0.021082546119517674,-3.3653065715612733,stop,11
BTC,short,2026-02-12 09:05:00+00:00,2026-02-12 09:30:00+00:00,67064.01,67064.01,67368.78439486545,67419.3109831616,67368.78439486545,0.0002081228871194999,13.957555383011012,0.1960712917598621,0.010515739432493891,-0.2700175581718526,-0.01934561968498546,-4.256902331256579,stop,5
BTC,long,2026-02-12 10:50:00+00:00,2026-02-12 15:00:00+00:00,67797.42,67797.42,67435.84312359717,67385.26624125446,67435.84312359717,0.00020547321162359613,13.930553627193829,0.19426557177228393,0.01039219444886457,-0.2789521282644666,-0.020024482567578952,-3.754687712397621,stop,50
BTC,short,2026-02-12 17:15:00+00:00,2026-02-13 02:50:00+00:00,65683.59,65683.59,66609.51559230401,66659.47272899824,66609.51559230401,0.00021166106198469635,13.90265841436738,0.19649622517427395,0.010573980606414408,-0.40305259996656584,-0.0289910453061294,-2.0565755492521167,stop,115
BTC,short,2026-02-13 06:15:00+00:00,2026-02-13 07:10:00+00:00,66183.25,66183.25,66475.23269317833,66525.08911769821,66475.23269317833,0.00020945410136810632,13.862353154370723,0.1947173406080796,0.010442632595238185,-0.2663169458180248,-0.019211525117873406,-4.354645667237966,stop,11
BTC,long,2026-02-13 13:45:00+00:00,2026-02-13 14:40:00+00:00,67276.26,67276.26,66868.7141999137,66818.56266426375,66868.7141999137,0.0002056553301237156,13.835721459788921,0.19285294936694664,0.01031393062030052,-0.286980846044529,-0.020742022516034898,-3.424021789499793,stop,11
BTC,long,2026-02-13 15:55:00+00:00,2026-02-16 15:30:00+00:00,68586.32,68586.32,67748.6253174537,67697.81384846561,67748.6253174537,0.00020130870668063936,13.80702337518447,0.19168855103439392,0.010228791106535707,-0.3705525752775759,-0.02683797696349052,-2.1973615381864753,stop,859
BTC,short,2026-02-16 16:35:00+00:00,2026-02-16 18:20:00+00:00,67624.49,67624.49,68170.59411665937,68221.72206224686,68170.59411665937,0.00020362398470815396,13.769968117656711,0.19387405059798551,0.010410876010466412,-0.3154848229081582,-0.02291107867589206,-2.8370963769414193,stop,21
BTC,short,2026-02-16 19:30:00+00:00,2026-02-16 20:40:00+00:00,67928.72,67928.72,68229.77315698299,68280.94548685073,68229.77315698299,0.00020224758593075058,13.738419635365895,0.19297900568489212,0.010349480182202234,-0.26421576010373554,-0.01923188890107728,-4.339425001632505,stop,14
BTC,long,2026-02-16 23:15:00+00:00,2026-02-17 02:00:00+00:00,68698.54,68698.54,68375.3554074449,68324.07389088933,68375.3554074449,0.00019959664440256697,13.711998059355523,0.19129529322158853,0.010235618624368514,-0.26603747204256345,-0.0194018020489034,-4.124192504323917,stop,33
BTC,short,2026-02-17 08:35:00+00:00,2026-02-17 14:40:00+00:00,68233.33,68233.33,67070.20074789567,67070.20074789567,68465.95585042087,0.0002005675864295538,13.685394312151267,0.13568751298751178,0.0,0.09759851381266693,0.007131582151491914,2.0918208250909305,target_R5,73
BTC,short,2026-02-17 17:35:00+00:00,2026-02-17 18:40:00+00:00,67138.03,67138.03,67842.22947357624,67893.11114568143,67842.22947357624,0.00020398504638179782,13.695154163532534,0.1931183856521701,0.010379100244359469,-0.34714364817601684,-0.02534791825128856,-2.4166580065020575,stop,13
BTC,short,2026-02-18 12:35:00+00:00,2026-02-18 15:35:00+00:00,67352.24,67352.24,67703.35531000786,67754.13282649037,67703.35531000786,0.00020282086829947945,13.660439798714933,0.19197976745029804,0.010298739983074685,-0.2734920194824061,-0.02002073311784106,-3.84045122355566,stop,36
BTC,short,2026-02-18 19:15:00+00:00,2026-02-19 02:20:00+00:00,66326.28,66326.28,66861.98683848356,66912.13332861243,66861.98683848356,0.00020554583487520622,13.633090596766692,0.19194704575863022,0.010307402179600064,-0.31236675730269053,-0.02291239503511943,-2.836801435784887,stop,85
BTC,long,2026-02-19 07:45:00+00:00,2026-02-19 08:20:00+00:00,67158.0,67158.0,66937.10700164358,66886.90417139235,66937.10700164358,0.00020253512494470386,13.601853921036422,0.18993179704683855,0.010167836497511342,-0.24483822456587684,-0.018000356862178452,-5.472640487226513,stop,7
BTC,short,2026-02-19 12:20:00+00:00,2026-02-19 15:00:00+00:00,66469.42,66469.42,66728.23214078521,66778.2783148908,66728.23214078521,0.00020426491006811606,13.577370098579834,0.1906509816233523,0.010222677252931925,-0.25373989753831294,-0.018688442290076015,-4.799658609352932,stop,32
BTC,long,2026-02-20 01:30:00+00:00,2026-02-20 13:30:00+00:00,67169.55,67169.55,66923.13728315617,66872.9449301938,66923.13728315617,0.00020175803036980301,13.551996108826003,0.18918936343142784,0.01012671027331464,-0.24903181811322522,-0.018376024912746126,-5.009113734013288,stop,144
BTC,short,2026-02-20 14:00:00+00:00,2026-02-20 14:35:00+00:00,66791.43,66791.43,67286.95081280543,67337.41602591504,67286.95081280543,0.0002025273740510524,13.527092927014682,0.19037449502307982,0.010220587092015685,-0.30095161112022367,-0.022248062665349132,-2.9988244322882593,stop,7
BTC,long,2026-02-21 09:40:00+00:00,2026-02-21 12:05:00+00:00,68203.08,68203.08,68025.5169264319,67974.49778873708,68025.5169264319,0.00019789425588848277,13.49699776590266,0.18855085276317227,0.01009639429018855,-0.23378595937039276,-0.017321330522925924,-6.653230694998332,stop,29
BTC,short,2026-02-22 00:20:00+00:00,2026-02-22 02:05:00+00:00,67976.87,67976.87,68177.05153831869,68228.18432697243,68177.05153831869,0.00019820887854891855,13.473619169965623,0.18907898295773107,0.010134972696138141,-0.23889171387021438,-0.01773032997717004,-6.020796653068051,stop,21
BTC,short,2026-02-22 03:20:00+00:00,2026-02-22 04:00:00+00:00,67837.38,67837.38,68046.70030996976,68097.73533520225,68046.70030996976,0.00019826429025676702,13.449729998578603,0.18876079247183636,0.01011842305595505,-0.24037995822027167,-0.01787247463299825,-5.7921844917688015,stop,8
BTC,long,2026-02-22 11:45:00+00:00,2026-02-22 12:05:00+00:00,68173.93,68173.93,68074.20257450356,68023.14692257269,68074.20257450356,0.0001969329332012483,13.425692002756575,0.18769244065515822,0.010054539291248967,-0.21738659437002783,-0.016191835350117804,-11.068781172637284,stop,4
BTC,short,2026-02-22 15:00:00+00:00,2026-02-22 15:35:00+00:00,67434.0,67434.0,67692.02336225806,67742.79237977976,67692.02336225806,0.00019877144086543244,13.403953343319571,0.18820775876278778,0.01009143076411058,-0.24958686501987565,-0.018620391956546748,-4.8664101584025,stop,7
BTC,short,2026-02-22 18:05:00+00:00,2026-02-22 21:35:00+00:00,67354.82,67354.82,67575.04889672241,67625.73018339495,67575.04889672241,0.0001986345543914687,13.378994656817586,0.1877902343074751,0.010067054794185805,-0.24160235786623985,-0.018058334281726138,-5.522962123261512,stop,42
BTC,short,2026-02-23 14:50:00+00:00,2026-02-23 14:50:00+00:00,65628.01,65628.01,66078.42579554052,66127.98461488717,66078.42579554052,0.0002034929052554079,13.354834421030962,0.18788335347686957,0.01008486812987849,-0.2896246404142152,-0.021686876174078155,-3.1598947916850086,stop,0
BTC,short,2026-02-23 18:30:00+00:00,2026-02-25 01:10:00+00:00,64809.63,64809.63,65393.74158581467,65442.786892004035,65393.74158581467,0.00020561561541069653,13.32587195698954,0.18773388989386197,0.010084480815132133,-0.317920833894796,-0.02385741322751069,-2.647080047000897,stop,368
BTC,long,2026-02-25 03:55:00+00:00,2026-02-25 05:35:00+00:00,65422.7,65422.7,64973.430784367345,64924.70071127907,64973.430784367345,0.0002032028619057309,13.294079873600062,0.18520636430414483,0.00990209031241353,-0.2864012449992562,-0.02154351769527154,-3.1371726485592895,stop,20
BTC,long,2026-02-25 10:35:00+00:00,2026-02-25 13:45:00+00:00,65380.06,65380.06,66613.21837809226,66613.21837809226,65133.428324381544,0.0002028973321391895,13.265439749100137,0.13390542021610144,0.0,0.11629912480390939,0.008767076478697101,2.3240809793165034,target_R5,38
BTC,long,2026-02-25 14:05:00+00:00,2026-02-25 16:55:00+00:00,66302.34,66302.34,68325.68284816017,68325.68284816017,65897.67143036796,0.00020025039329804237,13.277069661580526,0.13479657262140954,0.0,0.2703786284994464,0.020364330036004345,3.336564376984139,target_R5,34
BTC,long,2026-02-25 21:25:00+00:00,2026-02-25 22:40:00+00:00,69036.02,69036.02,68571.41669662489,68519.98813410242,68571.41669662489,0.00019271255099048975,13.30410752443047,0.185362492986601,0.009910929477479654,-0.2848083102561076,-0.021407547235551962,-3.1809757880935186,stop,15
BTC,short,2026-02-26 15:05:00+00:00,2026-02-27 04:15:00+00:00,67548.61,67548.61,68121.32173642523,68172.41272772755,68121.32173642523,0.00019653441711687123,13.27562669340486,0.18696216205707666,0.010041138195524721,-0.3095608675469259,-0.023317985259461334,-2.750244830162876,stop,158
BTC,long,2026-02-27 06:30:00+00:00,2026-02-27 09:50:00+00:00,67605.24,67605.24,67341.07474095302,67290.5689348973,67341.07474095302,0.00019591189391014908,13.244670606650168,0.1848705582541954,0.009894688117834843,-0.24651836257719106,-0.018612645787764164,-4.763353023998354,stop,40
BTC,short,2026-02-27 18:20:00+00:00,2026-02-28 00:10:00+00:00,65525.85,65525.85,65991.9256314036,66041.41957562715,65991.9256314036,0.0002017527246177264,13.220018770392446,0.1860164208850093,0.009985538099178624,-0.29003398749779224,-0.02193899967429338,-3.084417002190172,stop,70
BTC,short,2026-02-28 05:00:00+00:00,2026-02-28 06:15:00+00:00,65660.38,65660.38,64698.21126078634,64698.21126078634,65852.81374784274,0.00020089763981936544,13.191015371642667,0.13094366657234668,0.0,0.06235376224365345,0.004726987308171758,1.612896835348183,target_R5,15
BTC,short,2026-02-28 07:45:00+00:00,2026-02-28 13:45:00+00:00,64053.63,64053.63,64837.87139214476,64886.49979568888,64837.87139214476,0.0002060343925530377,13.197250747867031,0.1863059088720132,0.010019123585035327,-0.35790573130254405,-0.027119718958161766,-2.2150277468769697,stop,72
BTC,long,2026-02-28 18:20:00+00:00,2026-02-28 22:35:00+00:00,65337.06,65337.06,67375.20733640349,67375.20733640349,64929.4305327193,0.00020143943077231786,13.161460174736778,0.13366741794374395,0.0,0.2768958213314909,0.021038381581930263,3.372145809014631,target_R5,51
BTC,long,2026-02-28 23:10:00+00:00,2026-03-01 01:05:00+00:00,67189.98,67189.98,66601.03048524268,66551.07971237875,66601.03048524268,0.00019629637866940767,13.189149756869927,0.1835193722810609,0.009805155824927412,-0.3089331850719547,-0.023423282832241592,-2.6722322806924437,stop,23
BTC,long,2026-03-01 03:30:00+00:00,2026-03-01 06:10:00+00:00,67568.85,67568.85,66980.88157430671,66930.64591312598,66980.88157430671,0.00019473849915105452,13.15825643836273,0.18309704398280896,0.00978281726219695,-0.3073799500127267,-0.02336023404412186,-2.6845389669198365,stop,32
BTC,short,2026-03-01 12:15:00+00:00,2026-03-01 13:50:00+00:00,66509.01,66509.01,66772.77198273275,66822.8515617198,66772.77198273275,0.000197379549678479,13.127518443361456,0.1843427713621642,0.00988468474855101,-0.24628867748480976,-0.018761251682671003,-4.730751046254978,stop,19
BTC,long,2026-03-01 14:30:00+00:00,2026-03-01 16:45:00+00:00,66930.28,66930.28,66425.03461631588,66375.21584035365,66425.03461631588,0.00019576923293332965,13.102889575612975,0.1824624736957169,0.009752983555804706,-0.2911269584584668,-0.022218531017792493,-2.943307450661005,stop,27
BTC,short,2026-03-01 18:15:00+00:00,2026-03-02 01:10:00+00:00,66392.36,66392.36,66925.7373244893,66975.93162748267,66925.7373244893,0.00019691688742149138,13.073776879767127,0.1840671122929822,0.009884105911746743,-0.29898222076436365,-0.022868848345351998,-2.846609224686844,stop,83
BTC,long,2026-03-02 04:15:00+00:00,2026-03-02 06:15:00+00:00,66747.99,66747.99,66337.15974538463,66287.40687557559,66337.15974538463,0.00019541979702595823,13.04387865769069,0.18180423766147225,0.00972269571954277,-0.2718112983500737,-0.02083822653393156,-3.3856068794319887,stop,24
BTC,short,2026-03-02 13:30:00+00:00,2026-03-02 14:30:00+00:00,65805.08,65805.08,66189.70092308192,66239.34319877424,66189.70092308192,0.0001978068794666868,13.016697527855683,0.1830068676239303,0.00981958364432139,-0.26890711584068333,-0.02065862829379135,-3.53450009081708,stop,12
BTC,short,2026-03-03 07:30:00+00:00,2026-03-03 09:30:00+00:00,68234.65,68234.65,66470.01407946346,66470.01407946346,68587.5771841073,0.00019036965553822903,12.989806816271617,0.12821840250100155,0.0,0.2077147298419233,0.015990594223597727,3.0916082672947756,target_R5,24
BTC,short,2026-03-03 14:10:00+00:00,2026-03-03 15:40:00+00:00,67189.87,67189.87,67689.74294315666,67740.51025036402,67689.74294315666,0.00019363898589557933,13.010578289255808,0.18310772482664534,0.00983052988428382,-0.2897331445004235,-0.02226904431601525,-2.9932690158594473,stop,18
BTC,long,2026-03-03 18:00:00+00:00,2026-03-04 03:30:00+00:00,68319.5,68319.5,67494.08550936346,67443.46494523143,67494.08550936346,0.0001900131730297465,12.981604974805766,0.18024434584330395,0.009618574011282155,-0.34670254628516706,-0.02670721740170302,-2.210554527421179,stop,114
BTC,short,2026-03-04 05:25:00+00:00,2026-03-04 05:40:00+00:00,67809.64,67809.64,68237.77576863972,68288.9541004662,68237.77576863972,0.00019093059217210485,12.946934720177248,0.1820807276078275,0.009771509202010083,-0.2735964526462794,-0.021132141202495673,-3.346982411498152,stop,3
BTC,long,2026-03-04 07:20:00+00:00,2026-03-04 08:45:00+00:00,68406.76,68406.76,70400.51564233938,70400.51564233938,68008.00887153212,0.0001888640110262878,12.919575074912622,0.13107849418721879,0.0,0.24547019343129006,0.01899986586307679,3.259474823611419,target_R5,17
BTC,long,2026-03-04 16:50:00+00:00,2026-03-04 23:20:00+00:00,73295.99,73295.99,72508.00369690315,72453.62269413048,72508.00369690315,0.0001766006857163093,12.94412209425575,0.17987884552500646,0.00960372237959443,-0.3286414893665651,-0.025389245170393385,-2.3616271663645474,stop,78
BTC,short,2026-03-05 08:40:00+00:00,2026-03-05 09:05:00+00:00,72068.49,72068.49,72527.74100029038,72582.1368060406,72527.74100029038,0.00017915260809986573,12.911257945319093,0.18158580171896632,0.009745150469845018,-0.2736069666633038,-0.021191348497727018,-3.325476670337848,stop,5
BTC,long,2026-03-05 11:15:00+00:00,2026-03-05 12:00:00+00:00,73224.73,73224.73,72701.84701709966,72647.32063183683,72701.84701709966,0.00017595008200989973,12.883897248652765,0.17946020445000435,0.009593921958697765,-0.2810554301315974,-0.021814473113792227,-3.0549070367320716,stop,9
BTC,short,2026-03-05 16:45:00+00:00,2026-03-07 07:10:00+00:00,71350.01,71350.01,67427.44012306826,67427.44012306826,72134.52397538634,0.00018017925583527745,12.855791705639604,0.12502408844945886,0.0,0.5817416329379778,0.04525132689282592,4.115519579783618,target_R5,461
BTC,short,2026-03-07 07:40:00+00:00,2026-03-07 08:15:00+00:00,67690.01,67690.01,67954.1016902262,68005.06726649388,67954.1016902262,0.00019078097150426482,12.913965868933401,0.18133648454749823,0.009723262153620835,-0.2414434159286789,-0.018696302776322914,-4.7920967176525044,stop,7
BTC,short,2026-03-07 18:20:00+00:00,2026-03-08 04:50:00+00:00,67606.09,67606.09,66642.45512637735,66642.45512637735,67798.81697472453,0.00019066065686302127,12.889821527340533,0.1279795789835003,0.0,0.055747678997508654,0.004324938004708796,1.5171314156136548,target_R5,126
BTC,long,2026-03-08 10:35:00+00:00,2026-03-08 11:00:00+00:00,68069.64,68069.64,67798.75117904643,67747.90211566215,67798.75117904643,0.00018944416769708615,12.895396295240284,0.1799869858419289,0.009633058491012906,-0.240938351556935,-0.018684059492290735,-4.694978548401681,stop,5
BTC,short,2026-03-08 13:35:00+00:00,2026-03-08 19:45:00+00:00,67003.47,67003.47,67439.16473997232,67489.7441135273,67439.16473997232,0.00019209904293142715,12.871302460084591,0.18103894956748257,0.00971624925198307,-0.2744517413784041,-0.021322763739684537,-3.279128778648617,stop,74
BTC,short,2026-03-08 21:35:00+00:00,2026-03-09 03:10:00+00:00,66921.95,66921.95,67286.39767746271,67336.8624757208,67286.39767746271,0.00019192293837741952,12.843857285946749,0.18053068299684255,0.009685352366317016,-0.2601619045066291,-0.02025574550655341,-3.7194748981244015,stop,67
BTC,long,2026-03-09 14:15:00+00:00,2026-03-13 08:35:00+00:00,68856.0,68856.0,72097.60456408732,72097.60456408732,68207.67908718254,0.00018615430892726973,12.817841095496085,0.13119560424217663,0.0,0.47224305320098187,0.03684263595426518,3.912933380850441,target_R5,1084
BTC,long,2026-03-13 09:05:00+00:00,2026-03-13 14:20:00+00:00,71865.09,71865.09,73775.63571141001,73775.63571141001,71482.980857718,0.00017901689681062367,12.865065400816182,0.13036075383051915,0.0,0.21165921064094684,0.01645224521186801,3.094252275127131,target_R5,63
BTC,short,2026-03-13 21:10:00+00:00,2026-03-15 05:15:00+00:00,71459.03,71459.03,71775.9740282969,71829.80600881812,71775.9740282969,0.0001803303420418704,12.886231321880278,0.1810089979867437,0.009707539460183476,-0.24787116247783555,-0.019235349442855397,-4.3368522205121725,stop,385
BTC,long,2026-03-15 05:40:00+00:00,2026-03-15 06:30:00+00:00,71662.01,71662.01,71410.33640906263,71356.77865675582,71410.33640906263,0.00017947367378660597,12.861444205632495,0.17956718996411325,0.00961220656625553,-0.23434818049096556,-0.018220984886622296,-5.188277388547815,stop,10
BTC,long,2026-03-15 09:55:00+00:00,2026-03-15 13:05:00+00:00,71788.2,71788.2,71568.69558844205,71515.01906675071,71568.69558844205,0.00017883174933461764,12.838009387583398,0.17929245060856708,0.00959906627225874,-0.22814587478640008,-0.017771125405707917,-5.811988450688743,stop,38
BTC,long,2026-03-15 18:20:00+00:00,2026-03-15 18:45:00+00:00,71776.49,71776.49,71529.2021701826,71475.55526855496,71529.2021701826,0.00017854306890884128,12.815194800104758,0.1789291589070255,0.00957828245404933,-0.23265896940048134,-0.018154930379878382,-5.269556450975523,stop,5
BTC,long,2026-03-15 22:05:00+00:00,2026-03-15 22:10:00+00:00,72232.04,72232.04,71905.19247514875,71851.2635807924,71905.19247514875,0.00017709494156837756,12.79192890316471,0.17848010244491425,0.009550534394886567,-0.24591368015510007,-0.019224128121464252,-4.248458029678301,stop,1
BTC,long,2026-03-16 01:10:00+00:00,2026-03-16 13:40:00+00:00,72437.02,72437.02,74535.67802023211,74535.67802023211,72017.28839595358,0.0001762543176838197,12.767337535149201,0.12952286303853044,0.0,0.24037467436915522,0.018827314129307708,3.2492061998269572,target_R5,150
BTC,long,2026-03-16 13:50:00+00:00,2026-03-16 14:25:00+00:00,74210.39,74210.39,73666.80067007958,73611.55056957703,73666.80067007958,0.00017236636275036577,12.791375002586117,0.17815027206576406,0.009523258865217585,-0.28137004655927267,-0.021996856983896276,-3.002993704435204,stop,7
BTC,long,2026-03-16 18:25:00+00:00,2026-03-17 10:05:00+00:00,74211.68,74211.68,73737.74957323832,73682.44626105839,73737.74957323832,0.0001719842213237888,12.76323799793019,0.1778661532986113,0.009511297081893055,-0.26888600578876076,-0.021067224934014857,-3.298868498429111,stop,188
BTC,short,2026-03-17 11:25:00+00:00,2026-03-17 14:40:00+00:00,73990.45,73990.45,74313.07265318124,74368.80745767112,74313.07265318124,0.00017213504441926378,12.736349397351315,0.1788950487629616,0.009593913046564935,-0.2440236265455405,-0.019159620934730975,-4.3940776037006035,stop,39
BTC,long,2026-03-17 22:05:00+00:00,2026-03-17 22:20:00+00:00,74790.9,74790.9,74503.4587804424,74447.58118635706,74503.4587804424,0.00016996649371376417,12.711947034696763,0.17744208423092694,0.009497318743845778,-0.23579477921178638,-0.018549068727882027,-4.826383447910988,stop,3
BTC,short,2026-03-18 01:15:00+00:00,2026-03-18 02:10:00+00:00,73931.21,73931.21,74299.61379755971,74355.33850790789,74299.61379755971,0.0001716239671550835,12.688367556775583,0.17829226134885462,0.009563695858522353,-0.25108287845957133,-0.019788430413610864,-3.971138772645162,stop,11
BTC,long,2026-03-18 03:45:00+00:00,2026-03-18 04:30:00+00:00,74518.54,74518.54,74212.9264618587,74157.2667670123,74212.9264618587,0.00016993434478090457,12.663259268929627,0.17673309519380298,0.009458493774427966,-0.238125825328445,-0.018804465759672692,-4.585141556271525,stop,9
BTC,short,2026-03-18 06:50:00+00:00,2026-03-18 09:40:00+00:00,74061.5,74061.5,74291.1272972246,74346.84564269752,74291.1272972246,0.00017066150005599107,12.639446686396782,0.17739053124830972,0.009508976419047119,-0.22608804666550886,-0.01788749557437798,-5.76923897765544,stop,34
BTC,short,2026-03-18 11:25:00+00:00,2026-03-18 12:10:00+00:00,73944.73,73944.73,72721.40162248675,72721.40162248675,74189.39567550264,0.00017062524782672454,12.616837881730232,0.12512472527936902,0.0,0.08360598230729309,0.006626540111794449,2.002723587581886,target_R5,9
BTC,short,2026-03-18 23:05:00+00:00,2026-03-19 03:15:00+00:00,71137.8,71137.8,71450.99167351254,71504.57991726768,71450.99167351254,0.000177475244946582,12.625198479960961,0.17733862792038055,0.009510586686699476,-0.24243298357894827,-0.01920231067762967,-4.36157871377249,stop,50
BTC,short,2026-03-19 06:50:00+00:00,2026-03-19 12:50:00+00:00,70649.04,70649.04,69201.10426262971,69201.10426262971,70938.62714747405,0.00017835989252795324,12.600955181603068,0.12471828350350696,0.0,0.13353537900123902,0.010597242596037146,2.5853530537787632,target_R5,72
BTC,short,2026-03-19 16:00:00+00:00,2026-03-19 19:05:00+00:00,69408.9,69408.9,70075.37510355789,70127.93163488556,70075.37510355789,0.00018173906688484032,12.614308719503192,0.17777640731850775,0.009551574962195487,-0.3084525457032925,-0.024452592096972297,-2.546573023566971,stop,37
BTC,short,2026-03-20 00:00:00+00:00,2026-03-20 00:35:00+00:00,69917.19,69917.19,70238.70720328839,70291.38623369085,70238.70720328839,0.00017997667619269113,12.583463464932862,0.17677460785851157,0.009480996796888772,-0.24412120224201378,-0.019400159814690277,-4.21876231169327,stop,7
BTC,long,2026-03-20 02:30:00+00:00,2026-03-20 13:30:00+00:00,70248.21,70248.21,69976.53229564805,69924.04989642631,69976.53229564805,0.00017878108701572127,12.559051344708662,0.17530513556476496,0.009382860382056173,-0.23325883124879926,-0.018572965811392683,-4.802446361042909,stop,132
BTC,short,2026-03-20 14:15:00+00:00,2026-03-20 21:15:00+00:00,69796.12,69796.12,70404.83752337798,70457.64115152051,70404.83752337798,0.00017960490442138876,12.53572546158378,0.17656946845089705,0.009483790585641692,-0.29538191164246624,-0.023563208411645234,-2.701779493315107,stop,84
BTC,long,2026-03-20 22:40:00+00:00,2026-03-21 16:25:00+00:00,70730.11,70730.11,70359.40526978587,70306.63571583353,70359.40526978587,0.00017681560611767087,12.506187270419534,0.1744127300258022,0.009330480666642323,-0.24928959225594344,-0.019933300762701656,-3.8032548297794437,stop,213
BTC,short,2026-03-22 02:35:00+00:00,2026-03-23 11:05:00+00:00,69248.43,69248.43,69644.31673352212,69696.54997107227,69644.31673352212,0.00018023886333876367,12.48125831119394,0.17546453406474435,0.009414459364541368,-0.25623316829021037,-0.02052943396423461,-3.591004573868742,stop,390
BTC,long,2026-03-23 11:55:00+00:00,2026-03-24 14:50:00+00:00,70477.07,70477.07,69477.45178650053,69425.34369766066,69477.45178650053,0.00017673315582451027,12.45563499436492,0.1727060157448242,0.00920922698465451,-0.3585809242208999,-0.028788650629464195,-2.0297146632766507,stop,323
BTC,short,2026-03-24 16:50:00+00:00,2026-03-24 20:25:00+00:00,69474.18,69474.18,69986.38065621497,70038.87044170713,69986.38065621497,0.00017876824025764434,12.419776901942829,0.17478541507618825,0.009383506583934362,-0.2757341316304846,-0.022201214547368515,-3.011341662622024,stop,43
BTC,long,2026-03-25 00:35:00+00:00,2026-03-25 03:10:00+00:00,70776.0,70776.0,70420.262945196,70367.4477479871,70420.262945196,0.00017509047542641263,12.39220348877978,0.17284704637054366,0.009247437989045391,-0.24438065441201418,-0.019720516583937853,-3.923513906960784,stop,31
BTC,long,2026-03-25 05:30:00+00:00,2026-03-25 07:45:00+00:00,71168.0,71168.0,70875.2883239395,70822.13185769654,70875.2883239395,0.0001737826751255983,12.367765423338579,0.17260776290764815,0.009237672903925,-0.23271365391786414,-0.018816143899262682,-4.574834004045522,stop,27
BTC,long,2026-03-25 09:55:00+00:00,2026-03-25 15:05:00+00:00,71211.58,71211.58,70916.25940476327,70863.0722102097,70916.25940476327,0.00017334953188718455,12.344494057946793,0.17227919385128243,0.009219975278253568,-0.2326928560704675,-0.01884993058266904,-4.545342794687832,stop,62
BTC,long,2026-03-25 23:50:00+00:00,2026-03-26 02:15:00+00:00,71199.79,71199.79,70938.19573975282,70884.992092948,70938.19573975282,0.00017305142012834235,12.321224772339747,0.17200686078893745,0.00920696663558037,-0.22648308565771497,-0.018381539972077535,-5.003021796624647,stop,29
BTC,short,2026-03-26 05:30:00+00:00,2026-03-26 09:35:00+00:00,70535.69,70535.69,69388.65309262653,69388.65309262653,70765.0973814747,0.00017435962508871716,12.298576463773976,0.12198578001207697,0.0,0.07801114512048397,0.006343103638886126,1.950308612714346,target_R5,49
BTC,short,2026-03-26 10:30:00+00:00,2026-03-27 08:35:00+00:00,69615.96,69615.96,68086.22868097448,68086.22868097448,69921.90626380511,0.00017677523341322915,12.306377578286025,0.12171168272795893,0.0,0.14870692825230472,0.012083728725721086,2.7495690424790693,target_R5,265
BTC,short,2026-03-27 13:50:00+00:00,2026-03-28 13:40:00+00:00,66377.54,66377.54,66786.7570075599,66836.84707531559,66786.7570075599,0.00018562375573290689,12.321248271111255,0.17326480053475057,0.009297906501724788,-0.2585231048895278,-0.020981892353850895,-3.403393244327762,stop,286
BTC,long,2026-03-28 13:55:00+00:00,2026-03-28 21:50:00+00:00,66815.36,66815.36,66546.77282027638,66496.86274066118,66546.77282027638,0.00018402050008594286,12.295395960622303,0.17160805322425646,0.009184477810119279,-0.23021807816378886,-0.01872392551659938,-4.657876170009781,stop,95
BTC,short,2026-03-29 00:10:00+00:00,2026-03-29 01:20:00+00:00,66327.99,66327.99,66553.05347984517,66602.96826995506,66553.05347984517,0.00018502556994122576,12.272374152805924,0.1722711402393619,0.009235512488579302,-0.22314915135924837,-0.018183046620056653,-5.3586878475991115,stop,14
BTC,long,2026-03-29 03:40:00+00:00,2026-03-29 04:55:00+00:00,66896.41,66896.41,66667.87557456408,66617.87466788315,66667.87557456408,0.00018311983016233604,12.25005923767,0.17104178124297695,0.009156157539374512,-0.2220471239544246,-0.01812620817959887,-5.305888825348056,stop,15
BTC,short,2026-03-29 10:05:00+00:00,2026-03-29 11:05:00+00:00,66491.99,66491.99,66639.53279811758,66689.51244771617,66639.53279811758,0.0001838996625800274,12.227854525274557,0.17151688215722666,0.009191240697049406,-0.2078411936442111,-0.01699735576789947,-7.660068970936729,stop,12
BTC,short,2026-03-29 15:50:00+00:00,2026-03-29 20:20:00+00:00,66373.15,66373.15,66608.68344471538,66658.63995729892,66608.68344471538,0.0001839157913389697,12.207070405910136,0.17137154068548555,0.00918779154433624,-0.22387765210144572,-0.018339998431814882,-5.168197953312101,stop,54
BTC,long,2026-03-30 09:20:00+00:00,2026-03-30 14:25:00+00:00,67574.99,67574.99,67279.53189292103,67229.07224400133,67279.53189292103,0.00018031349528427587,12.18468264069999,0.17002419421281473,0.009098555667528405,-0.2323978338778284,-0.019072949270058093,-4.362223697081327,stop,61
BTC,long,2026-03-31 03:45:00+00:00,2026-03-31 05:00:00+00:00,67666.56,67666.56,67301.63355419904,67251.15732903339,67301.63355419904,0.00017972603982398705,12.161442857312208,0.1695882719095047,0.009071892054286193,-0.24424694889463966,-0.020083714717105575,-3.7240268623040556,stop,15
BTC,long,2026-03-31 06:05:00+00:00,2026-03-31 06:25:00+00:00,67637.88,67637.88,67345.20589348866,67294.69698906854,67345.20589348866,0.00017944113804901546,12.137018162422743,0.16936402392355274,0.009063375290754539,-0.2309451739641819,-0.019028164156432437,-4.397466858870163,stop,4
BTC,long,2026-03-31 17:25:00+00:00,2026-03-31 17:45:00+00:00,68263.79,68263.79,67508.4829811703,67457.85161893441,67508.4829811703,0.0001774575312186201,12.113923645026325,0.16830775251160446,0.008984916544616113,-0.3113275879298347,-0.02569997938344758,-2.3227349301669333,stop,4
BTC,long,2026-03-31 20:40:00+00:00,2026-04-01 02:10:00+00:00,68030.73,68030.73,67660.5077067865,67609.76232600641,67660.5077067865,0.00017760783819655238,12.08279088623334,0.16848616798050908,0.009012777378813034,-0.24325332650914022,-0.020132213558896692,-3.6994238597561964,stop,66
BTC,long,2026-04-01 04:20:00+00:00,2026-04-02 01:05:00+00:00,68059.03,68059.03,67781.2237056007,67730.3877878215,67781.2237056007,0.00017717657089121643,12.058465553582426,0.16829446844831894,0.009006933590226624,-0.22652216865220912,-0.01878532286265163,-4.602166610491742,stop,249
BTC,short,2026-04-02 06:10:00+00:00,2026-04-02 07:35:00+00:00,66552.45,66552.45,66830.96375575417,66881.086978571,66830.96375575417,0.0001808470362355887,12.035813336717204,0.1690362839261887,0.009064636292998442,-0.2284693074981723,-0.01898245686489583,-4.535966304275439,stop,17
BTC,short,2026-04-02 11:55:00+00:00,2026-04-02 14:20:00+00:00,66217.49,66217.49,66465.884733905,66515.73414745543,66465.884733905,0.00018141681912086047,12.012966405967388,0.1686684882245184,0.009043522041359284,-0.2227749927772939,-0.018544544723494056,-4.94363622560616,stop,29
BTC,long,2026-04-02 19:40:00+00:00,2026-04-03 01:35:00+00:00,66962.79,66962.79,66627.95924519374,66577.98827575984,66627.95924519374,0.00017906495393471,11.990688906689659,0.16724950416642967,0.008948049339753432,-0.23615400719148993,-0.019694782262238374,-3.9387587603327963,stop,71
BTC,short,2026-04-03 03:05:00+00:00,2026-04-03 07:00:00+00:00,66507.99,66507.99,66813.47977257211,66863.58988240155,66813.47977257211,0.000179934373388378,11.967073505970511,0.16811489086173925,0.009016531212581499,-0.23209953287864135,-0.019394844759902597,-4.222439692440692,stop,47
BTC,long,2026-04-03 16:05:00+00:00,2026-04-05 06:10:00+00:00,66837.56,66837.56,66631.21766368832,66581.24425044055,66631.21766368832,0.00017869987403314313,11.943863552682647,0.1668018574081262,0.00893024265238363,-0.2126054495671105,-0.017800391693135034,-5.76582958727555,stop,457
BTC,short,2026-04-05 06:55:00+00:00,2026-04-05 09:00:00+00:00,66812.77,66812.77,66963.58603048981,67013.80872001268,66963.58603048981,0.00017844796747277407,11.922603007725936,0.1672393166668894,0.008962136866371777,-0.20311426763647875,-0.0170360673340259,-7.54712111700706,stop,25
BTC,short,2026-04-05 13:10:00+00:00,2026-04-05 14:00:00+00:00,66803.99,66803.99,66948.94277534854,66999.15448243005,66948.94277534854,0.0001781673756457105,11.902291580962288,0.16694502962635635,0.008946088077404622,-0.20171697328017096,-0.016947742534119833,-7.810659851456173,stop,10
BTC,long,2026-04-05 16:05:00+00:00,2026-04-05 23:15:00+00:00,67337.3,67337.3,68809.00591990136,68809.00591990136,67042.95881601973,0.00017645673176136065,11.882119883634271,0.12011966092004092,0.0,0.13957275581959994,0.011746452416444576,2.6872705328074913,target_R5,86
BTC,long,2026-04-06 00:25:00+00:00,2026-04-06 02:00:00+00:00,69237.36,69237.36,68747.77534293363,68696.21451142643,68747.77534293363,0.00017181586876241717,11.896077159216231,0.16570828378881206,0.008858969059522563,-0.2586856660349432,-0.02174545966478807,-3.075256132816891,stop,19
BTC,long,2026-04-06 05:30:00+00:00,2026-04-06 06:25:00+00:00,69158.88,69158.88,68960.40299127651,68908.68268903306,68960.40299127651,0.0001716367962091453,11.870208592612736,0.1657964327127077,0.0088771069760353,-0.20873949758721805,-0.0175851583364023,-6.12750999720346,stop,11
BTC,long,2026-04-06 09:45:00+00:00,2026-04-06 12:10:00+00:00,69857.49,69857.49,69478.268001194,69426.1593001931,69478.268001194,0.00016962153439601128,11.849334642854014,0.16523221822375603,0.008838757819154325,-0.23839519335710807,-0.020118867475894708,-3.7061499278357983,stop,29
BTC,long,2026-04-06 15:10:00+00:00,2026-04-06 22:30:00+00:00,69688.0,69688.0,69241.16716682975,69189.23629145462,69241.16716682975,0.00016969198604520583,11.825495123518303,0.1647952058908232,0.00881225337947099,-0.2494314101611601,-0.021092682171513985,-3.289612414422573,stop,88
BTC,short,2026-04-07 00:00:00+00:00,2026-04-07 09:05:00+00:00,68853.6,68853.6,69199.0038955373,69250.90314845895,69199.0038955373,0.00017138612915667715,11.800551982502187,0.16582055799347586,0.008894812064364693,-0.233912806709615,-0.01982219196665207,-3.951400937942528,stop,109
BTC,short,2026-04-07 12:10:00+00:00,2026-04-07 12:30:00+00:00,68152.7,68152.7,68478.6757512206,68530.03475803402,68478.6757512206,0.0001728054897580173,11.777160701831225,0.16546709948462024,0.008875118325878688,-0.23067261714941195,-0.019586437086958047,-4.094993464569022,stop,4
BTC,short,2026-04-07 14:35:00+00:00,2026-04-07 16:20:00+00:00,68099.26,68099.26,68540.32085386838,68591.72609450879,68540.32085386838,0.00017260236660598493,11.754093440116284,0.1653223154820968,0.008872666190484579,-0.25032312886752167,-0.021296676782675397,-3.2881810222771177,stop,21
BTC,long,2026-04-07 21:40:00+00:00,2026-04-07 23:25:00+00:00,69862.79,69862.79,72249.92050408325,72249.92050408325,69385.36389918334,0.00016788709880079987,11.729061127229532,0.11929445334624246,0.0,0.2814739614431857,0.023997995951247242,3.5116784538906067,target_R5,21
BTC,long,2026-04-08 00:15:00+00:00,2026-04-08 14:30:00+00:00,71954.56,71954.56,71190.05400808495,71136.66146757887,71190.05400808495,0.0001633976849191191,11.757208523373851,0.1633981347869667,0.00872421751064257,-0.29704086148332354,-0.025264573720266435,-2.3778770929912225,stop,171
BTC,long,2026-04-08 22:10:00+00:00,2026-04-08 22:25:00+00:00,71511.24,71511.24,71248.21539881392,71194.77923726481,71248.21539881392,0.00016399526056638816,11.72750443722552,0.1637179795339631,0.008763277236913423,-0.21561604477775925,-0.01838550101872905,-4.998657805930447,stop,3
BTC,short,2026-04-08 23:20:00+00:00,2026-04-09 08:45:00+00:00,71085.95,71085.95,71387.79351640867,71441.33436154597,71387.79351640867,0.00016467308705514583,11.705942832747743,0.1644098998176305,0.008816736252301964,-0.22293213972452863,-0.019044355752436185,-4.485059466929162,stop,113
BTC,long,2026-04-09 10:20:00+00:00,2026-04-09 11:15:00+00:00,71417.05,71417.05,71189.89196910789,71136.49955013106,71189.89196910789,0.00016359748293685178,11.683649618775291,0.16315801853593584,0.008734865352519106,-0.20905536597129593,-0.017892984879942814,-5.625441419797491,stop,11
BTC,long,2026-04-09 16:45:00+00:00,2026-04-12 01:45:00+00:00,71990.44,71990.44,71418.3579384399,71364.79416998607,71418.3579384399,0.00016200406723695758,11.662744082178161,0.16236620262848533,0.008677548346060373,-0.26372337174058497,-0.022612463231837576,-2.8455378815837964,stop,684
BTC,short,2026-04-12 11:05:00+00:00,2026-04-12 14:55:00+00:00,71473.97,71473.97,70736.29361720715,70736.29361720715,71621.50527655857,0.00016280572836522309,11.636371745004103,0.11576322774604897,0.0,0.004334713052364367,0.00037251414335618907,0.18046575251611785,target_R5,46
BTC,short,2026-04-12 16:50:00+00:00,2026-04-12 17:50:00+00:00,70885.99,70885.99,71094.37212094365,71147.69290003435,71094.37212094365,0.00016416227263397662,11.636805216309341,0.16330192871375165,0.008753260274144121,-0.20626367153829234,-0.017725111635383175,-6.029605997121352,stop,12
BTC,short,2026-04-13 05:00:00+00:00,2026-04-13 06:45:00+00:00,70913.71,70913.71,71113.56630873069,71166.90148346224,71113.56630873069,0.00016380723627568646,11.61617884915551,0.16299977526256754,0.008736687569055449,-0.20447437241705652,-0.017602550294060056,-6.24579806732791,stop,21
BTC,short,2026-04-13 08:10:00+00:00,2026-04-13 11:40:00+00:00,70754.73,70754.73,70957.14130892251,71010.3591649042,70957.14130892251,0.00016388630713330126,11.595731411913803,0.16271728684527875,0.008721677890392127,-0.2046114066769995,-0.01764540755633367,-6.1681140941897254,stop,42
BTC,long,2026-04-13 14:55:00+00:00,2026-04-13 22:50:00+00:00,72096.63,72096.63,74622.77772607638,74622.77772607638,71591.40045478473,0.00016055216826703418,11.575270271246104,0.11778059518638306,0.0,0.28779789959801744,0.024863168881069705,3.547992599447445,target_R5,95
BTC,long,2026-04-13 23:05:00+00:00,2026-04-14 01:00:00+00:00,74671.25,74671.25,74100.3326039813,74044.75735452831,74100.3326039813,0.00015540184557250492,11.604050061205907,0.16158047783678758,0.008636496333146667,-0.25893859118068946,-0.022314501386577115,-2.9185513058142285,stop,23
BTC,long,2026-04-14 03:55:00+00:00,2026-04-14 05:55:00+00:00,74469.4,74469.4,74231.38827850891,74175.71473730002,74231.38827850891,0.00015547535232038714,11.578156202087838,0.16168323945202345,0.008655863434375643,-0.20734405914160758,-0.017908210558104074,-5.603142933385412,stop,24
BTC,long,2026-04-14 07:30:00+00:00,2026-04-14 10:35:00+00:00,74705.83,74705.83,74441.19371699837,74385.36282171062,74441.19371699837,0.00015470575450635747,11.557421796173676,0.1613577020969254,0.008637360780257728,-0.2109358187087082,-0.018251113650497974,-5.152220920803914,stop,37
BTC,long,2026-04-14 13:35:00+00:00,2026-04-14 17:30:00+00:00,74780.54,74780.54,74380.8590090449,74325.07336478811,74380.8590090449,0.00015426912154288812,11.536328214302806,0.16087621506088318,0.008606002334198488,-0.231140652767115,-0.020035894304788027,-3.7487271834334344,stop,47
BTC,short,2026-04-14 20:55:00+00:00,2026-04-15 00:00:00+00:00,74189.12,74189.12,74575.77122717437,74631.70305559474,74575.77122717437,0.00015518736640933459,11.513214149026092,0.1618031477757016,0.008679913151016986,-0.23048644659084644,-0.020019296402155724,-3.8412240249409666,stop,37
BTC,short,2026-04-15 04:10:00+00:00,2026-04-15 19:05:00+00:00,74401.98,74401.98,74631.20482551002,74687.17822912916,74631.20482551002,0.0001544335984656189,11.490165504367008,0.16125871476034204,0.00864417413927177,-0.20530290356078099,-0.017867706386191964,-5.799514647828455,stop,179
BTC,long,2026-04-15 20:25:00+00:00,2026-04-16 13:50:00+00:00,74660.24,74660.24,74274.63286454433,74218.92688989591,74274.63286454433,0.00015362440857424152,11.46963521401093,0.1599647248063308,0.008557797409414534,-0.22776119034213116,-0.019857753633167476,-3.844806062421967,stop,209
BTC,short,2026-04-16 14:15:00+00:00,2026-04-16 15:10:00+00:00,73833.57,73833.57,74406.90962282344,74462.71480504057,74406.90962282344,0.00015503596934262714,11.446859094976716,0.1611338880020311,0.008651810519373998,-0.2586739627083724,-0.022597811378833835,-2.9101025323689327,stop,11
BTC,short,2026-04-16 17:55:00+00:00,2026-04-16 18:50:00+00:00,74331.38,74331.38,74814.26571703448,74870.37641632225,74814.26571703448,0.0001536496658437645,11.42099169870588,0.1606392333552124,0.008621390195826703,-0.24345585261411218,-0.021316524784944755,-3.2812871621051447,stop,11
BTC,long,2026-04-16 21:00:00+00:00,2026-04-16 21:20:00+00:00,75245.99,75245.99,74876.0896114646,74819.93254425601,74876.0896114646,0.00015145851776878034,11.396646113444469,0.15897227531164063,0.008505466161655506,-0.22350230604296423,-0.0196112350790029,-3.989362661891515,stop,4
BTC,short,2026-04-17 05:30:00+00:00,2026-04-17 06:50:00+00:00,74692.67,74692.67,74898.0399841494,74954.21351413752,74898.0399841494,0.00015228128654177407,11.374295882840173,0.15959859600513807,0.008554177416182487,-0.19942677882465631,-0.017533109818738006,-6.376758469300036,stop,16
BTC,long,2026-04-17 12:30:00+00:00,2026-04-17 14:20:00+00:00,75807.03,75807.03,77636.96093118253,77636.96093118253,75441.04381376349,0.00014977968672506633,11.354353204957706,0.1149139644575822,0.0,0.15917251714344674,0.014018633582223466,2.90369149572186,target_R5,22
BTC,long,2026-04-18 02:40:00+00:00,2026-04-18 03:30:00+00:00,77385.01,77385.01,77156.76691160229,77098.89933641859,77156.76691160229,0.00014693117512903404,11.370270456672051,0.15880543920925602,0.008502550823608762,-0.2008440152262198,-0.01766396111610212,-5.98890339771142,stop,10
BTC,short,2026-04-18 11:40:00+00:00,2026-04-18 12:00:00+00:00,75858.76,75858.76,76161.32627272714,76218.44726743168,76161.32627272714,0.00014962261517522077,11.350186055149429,0.1593869609184772,0.008546592609103613,-0.21320431051683475,-0.018784212829718927,-4.70953712056204,stop,4
BTC,short,2026-04-18 17:05:00+00:00,2026-04-19 13:20:00+00:00,75927.99,75927.99,76203.92084023109,76261.07378086126,76203.92084023109,0.0001492053934800295,11.328865624097746,0.1590513998066354,0.008527526995265374,-0.20874929639185502,-0.01842631939669425,-5.070377032582939,stop,243
BTC,short,2026-04-19 19:25:00+00:00,2026-04-20 07:20:00+00:00,74894.01,74894.01,75250.56785491062,75307.0057808018,75250.56785491062,0.00015098658349924863,11.30799069445856,0.15887308111990567,0.008521369610092975,-0.22122990306277523,-0.019564032995816678,-4.109372049022128,stop,143
BTC,long,2026-04-20 10:40:00+00:00,2026-04-20 13:30:00+00:00,75225.22,75225.22,74920.2126473554,74864.02248786988,74920.2126473554,0.0001500277128355661,11.285867704152285,0.15751444112849097,0.008430081111477554,-0.21170407775526984,-0.018758334166665794,-4.626445239060051,stop,34
BTC,long,2026-04-20 14:50:00+00:00,2026-04-20 15:00:00+00:00,75445.99,75445.99,74915.00972799576,74858.82347069976,74915.00972799576,0.00014930809836780933,11.26469729637676,0.1569167436880392,0.008389063231269383,-0.24458546160308528,-0.021712564054584504,-3.0850974638911457,stop,2
BTC,long,2026-04-20 18:35:00+00:00,2026-04-20 23:05:00+00:00,76173.71,76173.71,75752.60553003843,75695.7910758909,75752.60553003843,0.00014756060523002555,11.24023875021645,0.1567286444517985,0.00838357523982365,-0.22725065014422113,-0.020217599927745755,-3.6571675288382863,stop,54
BTC,long,2026-04-21 01:25:00+00:00,2026-04-21 02:10:00+00:00,76056.62,76056.62,75783.56694161816,75726.72926641194,75783.56694161816,0.00014748898498516012,11.217513685202029,0.1566072943477522,0.008382931025081248,-0.2052625438006636,-0.018298399231858553,-5.096864342898546,stop,9
BTC,long,2026-04-21 05:45:00+00:00,2026-04-21 08:45:00+00:00,75874.22,75874.22,76865.14570833607,76865.14570833607,75676.03485833279,0.00014757301532486217,11.196987430821963,0.11270104378193002,0.0,0.03353285096014898,0.0029948100922077532,1.1465485146002834,target_R5,36
BTC,long,2026-04-21 09:10:00+00:00,2026-04-21 12:40:00+00:00,76446.52,76446.52,76108.77450965781,76051.69292877556,76108.77450965781,0.00014651210697253422,11.200340715917978,0.15628414750799768,0.00836314268438183,-0.2141310936028854,-0.01911826604511783,-4.327296586854989,stop,42
BTC,short,2026-04-21 16:15:00+00:00,2026-04-22 00:05:00+00:00,75980.29,75980.29,76469.7629686302,76527.11529085667,76469.7629686302,0.0001471293095427471,11.17892760655769,0.15722907273916595,0.00843820756985479,-0.23768310022342098,-0.021261708509856824,-3.300428996100257,stop,94
BTC,long,2026-04-22 01:25:00+00:00,2026-04-22 03:05:00+00:00,76195.34,76195.34,77728.72220120393,77728.72220120393,75888.66355975921,0.00014640211982170232,11.155159296535347,0.1126740449891191,0.0,0.11181635976400446,0.010023734918669716,2.490448531351954,target_R5,20
BTC,long,2026-04-22 04:30:00+00:00,2026-04-22 15:30:00+00:00,77527.15,77527.15,79265.61064859637,79265.61064859637,77179.45787028072,0.00014403136104592713,11.166340932511748,0.1129153735918281,0.0,0.13747747975029292,0.012311775234268156,2.745235694935198,target_R5,132
BTC,short,2026-04-23 10:05:00+00:00,2026-04-23 13:00:00+00:00,77638.08,77638.08,77910.70097654425,77969.13400227665,77910.70097654425,0.00014400264252396216,11.180088680486776,0.1569502953871286,0.0084145101161368,-0.2046229465331001,-0.018302443959164635,-5.212242382480474,stop,35
BTC,long,2026-04-23 16:00:00+00:00,2026-04-23 17:00:00+00:00,78410.44,78410.44,77952.02040163687,77893.55638633564,77952.02040163687,0.00014232322106384643,11.159626385833466,0.155572688534362,0.00832078697399701,-0.22913722934619535,-0.020532697191106012,-3.5120178694150113,stop,12
BTC,short,2026-04-23 19:55:00+00:00,2026-04-23 22:05:00+00:00,77738.53,77738.53,78186.26128097424,78244.90097693498,78186.26128097424,0.00014325859599993525,11.136712662898846,0.15656685523748123,0.008400640513198299,-0.22910885044830218,-0.020572394869408973,-3.5719365692909815,stop,26
BTC,long,2026-04-24 01:00:00+00:00,2026-04-24 01:05:00+00:00,78446.02,78446.02,78215.79491505082,78157.13306886452,78215.79491505082,0.0001416745142437311,11.113801777854015,0.15522487364919635,0.008310888563084,-0.19615278928917756,-0.01764947703854523,-6.013815692850605,stop,1
BTC,short,2026-04-24 04:55:00+00:00,2026-04-24 05:55:00+00:00,77695.33,77695.33,77987.05644759683,78045.54673993253,77987.05644759683,0.0001427909051795661,11.094186498925097,0.1557686808726874,0.008351881786832093,-0.2057764461766895,-0.018548132952030952,-4.939913135964841,stop,12
BTC,short,2026-04-24 07:55:00+00:00,2026-04-24 08:15:00+00:00,77677.76,77677.76,77873.48135394075,77931.8864649562,77873.48135394075,0.0001425582928023083,11.07360885430743,0.1553565744753044,0.008326132917292436,-0.1915844094753469,-0.017300991212166945,-6.866405816647,stop,4
BTC,long,2026-04-24 13:00:00+00:00,2026-04-24 13:55:00+00:00,78290.74,78290.74,77973.02905789341,77914.54928609998,77973.02905789341,0.00014119741892029496,11.054450413359895,0.15428425136661833,0.00825719283627977,-0.20740140919108496,-0.0187618019381976,-4.623307424464121,stop,11
BTC,short,2026-04-24 18:40:00+00:00,2026-04-25 10:30:00+00:00,77563.77,77563.77,77892.17552306241,77950.5946547047,77892.17552306241,0.00014225340352126754,11.033710272440786,0.15496718792745015,0.008310320306873413,-0.2099943116251331,-0.019032066860559308,-4.495048812916953,stop,190
BTC,long,2026-04-25 15:35:00+00:00,2026-04-25 15:45:00+00:00,77729.68,77729.68,77640.60051651389,77582.3700661265,77640.60051651389,0.00014167961120228816,11.012710841278274,0.15399011445047894,0.008250067571019443,-0.1748609286079098,-0.01587810041760919,-13.855038401308228,stop,2
BTC,short,2026-04-25 16:40:00+00:00,2026-04-25 21:00:00+00:00,77299.71,77299.71,77521.79769744108,77579.93904571417,77521.79769744108,0.00014224147475349496,10.995224748417483,0.1542918882124251,0.008270111122520305,-0.1941520809435724,-0.017657854694740665,-6.145982253194022,stop,52
BTC,short,2026-04-26 04:05:00+00:00,2026-04-26 04:10:00+00:00,77402.63,77402.63,77508.51374208592,77566.64512739249,77508.51374208592,0.00014180150649045292,10.975809540323127,0.15387065189388707,0.008243118010848009,-0.1771282440453651,-0.016138057370130937,-11.797166013696476,stop,1
BTC,long,2026-04-26 06:55:00+00:00,2026-04-26 12:45:00+00:00,77988.58,77988.58,77803.12580431828,77744.77345996503,77803.12580431828,0.00014050899139231142,10.95809671591859,0.1531050409235438,0.008199029050451537,-0.1873620519587071,-0.017098046934239074,-7.190198077066467,stop,70
BTC,long,2026-04-26 14:35:00+00:00,2026-04-26 17:00:00+00:00,78086.95,78086.95,77918.90079103166,77860.46161543838,77918.90079103166,0.00014009204496683147,10.93936051072272,0.15286548416152784,0.008186863615037478,-0.1845947051159984,-0.01687435978867863,-7.840960973215938,stop,29
BTC,long,2026-04-26 23:05:00+00:00,2026-04-27 05:20:00+00:00,78338.11,78338.11,77889.51550494725,77831.09836831853,77889.51550494725,0.00013940725708357172,10.92090104021112,0.15225648465501607,0.008143772784085986,-0.22293758553719556,-0.020413845406741803,-3.5648722501784014,stop,75
BTC,short,2026-04-27 07:05:00+00:00,2026-04-27 09:40:00+00:00,77676.96,77676.96,77965.99428753142,78024.46878324707,77965.99428753142,0.00014030682047363078,10.8986072816574,0.1530193226153801,0.008204370572661915,-0.20177717507943518,-0.018514033019524492,-4.9755820133969575,stop,31
BTC,short,2026-04-28 03:05:00+00:00,2026-04-28 05:25:00+00:00,76808.15,76808.15,77090.605855038,77148.42380942928,77090.605855038,0.0001416311884109884,10.878429564149457,0.15273175435422381,0.008188825591929981,-0.20092513836882797,-0.018470050036541057,-5.022556085882097,stop,28
BTC,short,2026-04-28 10:00:00+00:00,2026-04-29 03:15:00+00:00,76587.24,76587.24,76801.26706542142,76858.86801572048,76801.26706542142,0.00014177736461468742,10.858337050312574,0.1523633150423953,0.008166510932702842,-0.19087401926676112,-0.01757856828189603,-6.290298029415853,stop,207
BTC,long,2026-04-29 05:10:00+00:00,2026-04-29 06:35:00+00:00,77254.21,77254.21,77004.1125526982,76946.35946828368,77004.1125526982,0.00014030626484156522,10.839249648385897,0.1513607548532911,0.008103119557281218,-0.194554113087898,-0.017949038854075068,-5.544394122734005,stop,17
BTC,long,2026-04-29 11:05:00+00:00,2026-04-29 12:10:00+00:00,77679.49,77679.49,77404.70081531684,77346.64728970535,77404.70081531684,0.00013928765800441155,10.819794237077108,0.15105987138467245,0.008086139621324442,-0.1974207529854563,-0.018246257614487515,-5.157990433780176,stop,13
BTC,short,2026-04-29 16:15:00+00:00,2026-04-30 01:50:00+00:00,76000.01,76000.01,76405.5163958785,76462.82053317541,76405.5163958785,0.00014210593079893756,10.800052161778561,0.15179264335930387,0.008143257769208425,-0.2175607649597494,-0.020144417980655506,-3.7754668817423673,stop,115
BTC,short,2026-04-30 03:20:00+00:00,2026-04-30 07:45:00+00:00,75765.69,75765.69,76092.481848088,76149.55120947407,76092.481848088,0.00014225827132680486,10.778296085282586,0.15138761208275897,0.00811858869650617,-0.20599504417195633,-0.019112023138168927,-4.431064082018915,stop,53
BTC,long,2026-04-30 13:35:00+00:00,2026-05-01 03:20:00+00:00,76241.43,76241.43,77412.24972004918,77412.24972004918,76007.26605599016,0.00014110040408299516,10.757696580865389,0.10840298148669028,0.0,0.056800154120588996,0.005279955025095138,1.719100364281652,target_R5,165
BTC,long,2026-05-01 03:45:00+00:00,2026-05-01 13:50:00+00:00,77126.0,77126.0,78581.61265103905,78581.61265103905,76834.87746979219,0.0001395557476892027,10.763376596277448,0.10864946152208257,0.0,0.094489650339534,0.008778811137409574,2.325737507504284,target_R5,121
BTC,long,2026-05-01 14:15:00+00:00,2026-05-01 14:30:00+00:00,78683.86,78683.86,78176.71069576168,78118.07816273985,78176.71069576168,0.00013691277425016265,10.772825561311402,0.15012239300972285,0.008027542757332223,-0.22758515396936357,-0.02112585529897498,-3.277661680363194,stop,3
BTC,long,2026-05-01 16:00:00+00:00,2026-05-01 20:40:00+00:00,78438.2,78438.2,77988.50532124758,77930.01394225664,77988.50532124758,0.00013705142450890596,10.750067045914466,0.1498741100346389,0.008016326812197704,-0.21952173316393078,-0.020420498981665366,-3.5618548737720426,stop,56
BTC,long,2026-05-02 09:35:00+00:00,2026-05-02 10:20:00+00:00,78318.39,78318.39,78227.46471478172,78168.79411624563,78227.46471478172,0.00013698078921946778,10.728114872598074,0.1500091823563871,0.008036744891452095,-0.1705009445770449,-0.015892908176490653,-13.689338205675426,stop,9
BTC,long,2026-05-02 13:35:00+00:00,2026-05-02 21:35:00+00:00,78310.45,78310.45,78918.74335488604,78918.74335488604,78188.79132902279,0.0001367769534990588,10.711064778140369,0.10752665034097886,0.0,-0.02432613842594373,-0.0022711223328225616,-1.4618983625236424,target_R5,96
BTC,long,2026-05-02 22:10:00+00:00,2026-05-03 00:15:00+00:00,78742.42,78742.42,78521.45793927727,78462.56684582282,78521.45793927727,0.00013599572078554068,10.708632164297775,0.14957832081742095,0.0080089367021872,-0.1876371522338537,-0.017522046640039587,-6.24418667746286,stop,25
BTC,short,2026-05-03 04:00:00+00:00,2026-05-03 06:50:00+00:00,78196.0,78196.0,78326.22959547846,78384.97426767508,78326.22959547846,0.00013670607766477042,10.689868449074389,0.14989066366526232,0.008030753719701472,-0.17572459457869433,-0.01643842442176264,-9.870406426139288,stop,34
BTC,long,2026-05-03 09:35:00+00:00,2026-05-03 11:00:00+00:00,78506.19,78506.19,78390.4523654855,78331.65952621138,78390.4523654855,0.00013594209564387878,10.67229598961652,0.1491986095093864,0.007992421779777067,-0.17292464786993017,-0.01620313454932051,-10.990775514468725,stop,17
BTC,long,2026-05-03 12:05:00+00:00,2026-05-03 17:00:00+00:00,78738.04,78738.04,78568.40439983283,78509.47809653296,78568.40439983283,0.0001353221838495031,10.655003524829526,0.14889168388431573,0.007974036048716793,-0.17982117980627466,-0.016876688908383227,-7.833481916686935,stop,59
BTC,long,2026-05-03 18:10:00+00:00,2026-05-03 22:10:00+00:00,78680.39,78680.39,79335.00450723764,79335.00450723764,78549.46709855247,0.00013519278954830932,10.6370214068489,0.10681270987505026,0.0,-0.01831354856280199,-0.0017216801454409385,-1.034673565898946,target_R5,48
BTC,long,2026-05-04 03:45:00+00:00,2026-05-04 06:25:00+00:00,79983.87,79983.87,79527.86666650863,79468.22076650875,79527.86666650863,0.00013296668505778254,10.63519005199262,0.14827558320482742,0.007930917600272933,-0.21683975243474507,-0.020388893040432104,-3.576251423216236,stop,32
BTC,short,2026-05-04 11:25:00+00:00,2026-05-04 14:35:00+00:00,78952.53,78952.53,79418.51606512662,79478.07995217547,79418.51606512662,0.00013442895467376595,10.613506076749147,0.1492249272507862,0.008007111072282821,-0.21987405795058207,-0.020716439634613955,-3.510009084285829,stop,38
BTC,long,2026-05-04 17:50:00+00:00,2026-05-04 19:05:00+00:00,80406.1,80406.1,79941.73711284308,79881.78081000845,79941.73711284308,0.00013172531276798758,10.591518670954088,0.14765966640973016,0.007897762743303957,-0.2167257757016256,-0.02046220022214273,-3.5431033848440054,stop,15
BTC,long,2026-05-05 04:40:00+00:00,2026-05-05 09:50:00+00:00,80804.03,80804.03,80526.71795396163,80466.32291549616,80526.71795396163,0.00013080840266734128,10.569846093383925,0.1475802709887344,0.007900178510701353,-0.19175519528212653,-0.01814172066347811,-5.286189913800207,stop,62
BTC,long,2026-05-05 12:00:00+00:00,2026-05-05 22:40:00+00:00,81026.16,81026.16,80809.3096062587,80748.702624054,80809.3096062587,0.00013021313824887804,10.550670573855712,0.1473842306731099,0.007891825352667801,-0.18351282632533783,-0.01739347513892414,-6.499072818118892,stop,128
BTC,long,2026-05-06 04:50:00+00:00,2026-05-06 05:10:00+00:00,81482.75,81482.75,81239.5813411064,81178.65165510056,81239.5813411064,0.00012925826989421905,10.532319291223178,0.1470987050436699,0.007875665798312687,-0.1864059309830667,-0.017698469428134696,-5.930533837530259,stop,4
BTC,long,2026-05-06 12:35:00+00:00,2026-05-06 13:00:00+00:00,82428.38,82428.38,82084.13998914683,82022.57688415497,82084.13998914683,0.000127549257890606,10.51367869812487,0.14672566279726662,0.007852328355153114,-0.1984855490729961,-0.018878791598262962,-4.52053264797904,stop,5
BTC,short,2026-05-07 01:35:00+00:00,2026-05-07 06:55:00+00:00,81137.83,81137.83,81436.78833918842,81497.86593044281,81436.78833918842,0.00012933338423294746,10.493830143217572,0.14733270399301265,0.007899371577726988,-0.19389736932263973,-0.018477273471780034,-5.014765193995487,stop,64
BTC,long,2026-05-07 08:25:00+00:00,2026-05-07 09:00:00+00:00,81415.87,81415.87,81168.873277968,81107.99662300952,81168.873277968,0.00012865354636983314,10.474440406285307,0.14628568467195013,0.007831997551541578,-0.18589468645463192,-0.017747457548479985,-5.849975192830252,stop,7
BTC,short,2026-05-07 15:00:00+00:00,2026-05-09 04:05:00+00:00,80153.5,80153.5,80564.61473917271,80625.03820022709,80564.61473917271,0.00013044783992763692,10.455850937639845,0.14693551338392472,0.007882109975495436,-0.2084466530469145,-0.019935886068969372,-3.886824994999337,stop,445
BTC,long,2026-05-09 04:25:00+00:00,2026-05-09 05:00:00+00:00,80516.75,80516.75,80356.95686216159,80296.68914451497,80356.95686216159,0.00012960044055845713,10.435006272335153,0.14583340795830735,0.0078107227584551814,-0.17435339177883863,-0.01670850857474585,-8.419102509559062,stop,7
BTC,long,2026-05-09 09:25:00+00:00,2026-05-09 10:00:00+00:00,80300.44,80300.44,80175.02323720756,80114.89196977965,80175.02323720756,0.00012973242653660765,10.41757093315727,0.14562934869840563,0.007800975234143582,-0.1697009448979795,-0.016289876592810292,-10.429899710560406,stop,7
BTC,long,2026-05-09 12:15:00+00:00,2026-05-09 17:25:00+00:00,80300.78,80300.78,80827.43081538158,80827.43081538158,80195.44983692368,0.00012952054561197877,10.400600838667472,0.10434706889145082,0.0,-0.03613496793623492,-0.003474315426267675,-2.6487212261618387,target_R5,62
BTC,long,2026-05-09 18:00:00+00:00,2026-05-09 23:30:00+00:00,80795.4,80795.4,80622.55938951526,80562.09246997311,80622.55938951526,0.0001286829119216422,10.39698734187385,0.14528761855519992,0.007781059281614839,-0.1753103108923052,-0.016861645121586635,-7.882079092615425,stop,66
BTC,long,2026-05-10 08:50:00+00:00,2026-05-10 10:00:00+00:00,80836.5,80836.5,80731.6330817945,80671.08435698315,80731.6330817945,0.0001284006149546878,10.379456310784619,0.14512123311840625,0.007774493500499442,-0.1663607034048951,-0.016027882234259272,-12.355067969964658,stop,14
BTC,long,2026-05-10 15:15:00+00:00,2026-05-10 20:40:00+00:00,81034.01,81034.01,80839.12744072739,80778.49809514685,80839.12744072739,0.00012788235754893692,10.36282024044413,0.14478540418324784,0.007753423649489004,-0.17746086895768814,-0.01712476573366504,-7.120639439922072,stop,65
BTC,long,2026-05-10 23:25:00+00:00,2026-05-11 00:15:00+00:00,82260.19,82260.19,81732.68099468858,81671.38148394256,81732.68099468858,0.00012576039702252525,10.345074153548362,0.1441645990149304,0.007709050808705473,-0.21821339176455812,-0.021093458444636753,-3.2893313326253883,stop,10
BTC,short,2026-05-11 04:40:00+00:00,2026-05-11 10:05:00+00:00,80771.93,80771.93,81046.69485115306,81107.47987229143,81046.69485115306,0.00012780743030867166,10.323252814371905,0.1449115113034684,0.007768777352952455,-0.1877972782214396,-0.01819167675134242,-5.347761312903401,stop,65
BTC,short,2026-05-11 14:45:00+00:00,2026-05-11 15:25:00+00:00,80768.01,80768.01,81197.47828452152,81258.37639323491,81197.47828452152,0.0001275811188928607,10.304473086549763,0.14482567664974397,0.0077694488481129895,-0.207387169766111,-0.020125936379688313,-3.784986899754514,stop,8
BTC,long,2026-05-11 17:30:00+00:00,2026-05-12 01:20:00+00:00,81614.97,81614.97,81244.2330307569,81183.29985598383,81244.2330307569,0.00012600304049089465,10.283734369573152,0.1434827554183075,0.007677765288170622,-0.19787450605348736,-0.01924150303210336,-4.2358729314915085,stop,94
BTC,short,2026-05-12 02:20:00+00:00,2026-05-13 14:00:00+00:00,81106.45,81106.45,79488.99372126634,79488.99372126634,81429.94125574673,0.00012654908356817248,10.263946918967802,0.10161603114075136,0.0,0.10307157864458005,0.01004209973593136,2.517777669900919,target_R5,428
BTC,short,2026-05-13 14:35:00+00:00,2026-05-14 14:15:00+00:00,79743.91,79743.91,80109.21112967342,80169.29303802068,80109.21112967342,0.00012884061086084516,10.274254076832259,0.14433281656986746,0.007740989773146257,-0.19913942703829376,-0.019382373216498466,-4.231101685189597,stop,284
BTC,long,2026-05-14 17:00:00+00:00,2026-05-14 17:20:00+00:00,81877.23,81877.23,81324.5117415507,81263.51835774453,81324.5117415507,0.0001252404378375823,10.25434013412843,0.14286900824475915,0.0076388380930803995,-0.21973052302685567,-0.021428050966980305,-3.1742563786430598,stop,4
BTC,long,2026-05-14 23:00:00+00:00,2026-05-14 23:05:00+00:00,81444.01,81444.01,81236.0256303895,81175.0986111667,81236.0256303895,0.00012563682807152724,10.232367081825744,0.14294907258023248,0.007654677439005505,-0.1767342465055567,-0.017272078404953227,-6.763524244481566,stop,1
BTC,long,2026-05-15 00:50:00+00:00,2026-05-15 01:30:00+00:00,81555.0,81555.0,81232.1155062863,81171.19141965658,81232.1155062863,0.00012524914054533982,10.21469365717519,0.14257306594705518,0.007630689488882091,-0.19064476076899584,-0.018663776630744058,-4.714144942711227,stop,8
BTC,short,2026-05-15 06:35:00+00:00,2026-05-15 07:20:00+00:00,80511.48,80511.48,80827.42023386757,80888.04079904297,80827.42023386757,0.00012663571929243244,10.195629181098289,0.1431679829641733,0.007676728874900427,-0.19085403060831302,-0.01871920086718512,-4.770239446192446,stop,9
BTC,short,2026-05-15 12:15:00+00:00,2026-05-15 13:40:00+00:00,80398.01,80398.01,79088.09802161486,79088.09802161486,80659.99239567702,0.00012657706052721275,10.176543778037455,0.10093641374150766,0.0,0.06486839403186853,0.0063743050142293384,1.956167462904072,target_R5,17
BTC,short,2026-05-15 17:45:00+00:00,2026-05-16 09:15:00+00:00,79363.91,79363.91,77897.03409391736,77897.03409391736,79657.28518121653,0.00012830807627094788,10.183030617440643,0.1008892460462181,0.0,0.08732277959144924,0.008575323287537807,2.319798091955,target_R5,186
BTC,short,2026-05-16 09:40:00+00:00,2026-05-17 10:10:00+00:00,78101.47,78101.47,78382.6800682168,78441.46707826796,78382.6800682168,0.00013049386772617452,10.191762895399789,0.1430839883394261,0.007671344313633958,-0.18745152209821098,-0.018392453201871498,-5.108201285541952,stop,294
BTC,long,2026-05-17 11:10:00+00:00,2026-05-17 13:10:00+00:00,78414.09,78414.09,78240.5538629731,78181.87344757587,78240.5538629731,0.00012973456356108918,10.173017743189966,0.1421511097869359,0.007612878081143499,-0.17227762286734094,-0.016934760875912877,-7.652146038300417,stop,24
BTC,short,2026-05-17 15:15:00+00:00,2026-05-17 18:55:00+00:00,78055.61,78055.61,78238.326762115,78297.0055071866,78238.326762115,0.0001301096741272438,10.155789980903233,0.1424637307496277,0.00763467239946056,-0.17387162152545604,-0.017120442806753698,-7.313760332016986,stop,44
BTC,long,2026-05-17 21:45:00+00:00,2026-05-17 22:00:00+00:00,78389.92,78389.92,78226.4373771496,78167.76754911673,78226.4373771496,0.00012933299101148066,10.138402818750688,0.14167905469411024,0.007587944341620422,-0.17041069562737413,-0.016808436069654323,-8.059645336318576,stop,3
BTC,short,2026-05-18 00:05:00+00:00,2026-05-21 00:45:00+00:00,77275.93,77275.93,77783.34904423376,77841.68655601694,77783.34904423376,0.00013097689991162773,10.12136174918795,0.1423659738469373,0.007640866441918277,-0.21646701365871604,-0.021387143254323806,-3.2570937252005923,stop,872
BTC,long,2026-05-21 03:10:00+00:00,2026-05-21 05:45:00+00:00,77891.37,77891.37,77680.42624672984,77622.16592704479,77680.42624672984,0.000129664108460566,10.099715047822077,0.14108185571448584,0.007554272410590107,-0.17598796182817633,-0.017425042290289836,-6.434229007769519,stop,31
BTC,long,2026-05-21 08:30:00+00:00,2026-05-21 09:30:00+00:00,77975.97,77975.97,77745.88342715886,77687.57401458849,77745.88342715886,0.00012929773431018886,10.082116251639258,0.14081402699546886,0.007539274934306196,-0.17810297449333126,-0.017665237143479017,-5.9867204962622,stop,12
BTC,short,2026-05-21 15:00:00+00:00,2026-05-21 15:45:00+00:00,76891.99,76891.99,77267.48858145936,77325.43919789545,77267.48858145936,0.00013088887352492667,10.064305954189926,0.14141088645384434,0.0075850909053954045,-0.19814456369666233,-0.01968785176032647,-4.031541463600378,stop,9
BTC,long,2026-05-21 19:10:00+00:00,2026-05-22 13:30:00+00:00,77476.0,77476.0,77047.08015326419,76989.29484314924,77047.08015326419,0.00012964649049796402,10.04449149782026,0.140054984430047,0.007491662658740048,-0.20315459992300908,-0.020225473829819592,-3.6533371499693916,stop,220
BTC,short,2026-05-22 18:30:00+00:00,2026-05-22 22:40:00+00:00,76716.02,76716.02,75486.9876255197,75486.9876255197,76961.82647489606,0.00013066600741055073,10.024176037827958,0.09943879661152133,0.0,0.06115395674012866,0.006100646727407185,1.904007355992578,target_R5,50
BTC,short,2026-05-22 23:50:00+00:00,2026-05-23 18:10:00+00:00,75400.05,75400.05,75668.61166722907,75725.3631259795,75668.61166722907,0.00013302764963023196,10.030291433501972,0.14081356083391383,0.007549513170656303,-0.18408920137682894,-0.018353325284443514,-5.152789146684101,stop,220
BTC,long,2026-05-23 21:35:00+00:00,2026-05-24 14:15:00+00:00,76732.94,76732.94,76199.42719794122,76142.27762754276,76199.42719794122,0.00013047698307095085,10.011882513364288,0.13947274458775424,0.007456703529391284,-0.21654058895950545,-0.021628358969500276,-3.11071742739972,stop,200
BTC,long,2026-05-25 04:40:00+00:00,2026-05-26 00:40:00+00:00,77059.33,77059.33,76862.25974806497,76804.61305325392,76862.25974806497,0.00012964333396706584,9.990228454468337,0.13956599717481005,0.007473509707486019,-0.17258835136888306,-0.01727571618161438,-6.755231198792222,stop,240
BTC,short,2026-05-26 08:25:00+00:00,2026-05-26 10:20:00+00:00,76693.48,76693.48,76857.06249140612,76914.70528827468,76857.06249140612,0.00013003673349196634,9.972969619331451,0.13988048139531783,0.007495681014128522,-0.16864789524837626,-0.016910499248034585,-7.9282631333038225,stop,23
BTC,long,2026-05-26 12:55:00+00:00,2026-05-26 13:20:00+00:00,77029.42,77029.42,76789.13553667054,76731.54368501804,76789.13553667054,0.00012925067889394225,9.956104829806613,0.13903896117385198,0.007443785924844577,-0.17753967711169572,-0.01783224264374728,-5.716588118574018,stop,5
BTC,long,2026-05-26 14:10:00+00:00,2026-05-26 14:40:00+00:00,77161.99,77161.99,76784.22999154111,76726.64181904745,76784.22999154111,0.0001287985297177463,9.938350862095442,0.13863226221873834,0.007417271946315698,-0.19470446784072276,-0.01959122499722962,-4.00174151173677,stop,6
BTC,short,2026-05-26 16:45:00+00:00,2026-05-28 01:15:00+00:00,76434.0,76434.0,74106.75507957078,74106.75507957078,76899.44898408584,0.00012977052640593677,9.91888041531137,0.09767876516111551,0.0,0.2043290332385269,0.02060000974738162,3.3828436603504746,target_R5,390
BTC,short,2026-05-28 09:00:00+00:00,2026-05-28 09:45:00+00:00,73193.91,73193.91,73398.63701208179,73453.68598984086,73398.63701208179,0.00013579426647155783,9.939313318635222,0.13946787127077934,0.007475335554802027,-0.17474396125814107,-0.017581089926052895,-6.285583424796711,stop,9
BTC,short,2026-05-28 15:10:00+00:00,2026-05-28 17:05:00+00:00,72855.32,72855.32,73355.44541854267,73410.46200260658,73355.44541854267,0.00013618551016603053,9.921838922509409,0.13958616558668782,0.007492461568335786,-0.21518846242625614,-0.021688364839108996,-3.1594330182904593,stop,23
BTC,long,2026-05-29 07:10:00+00:00,2026-05-29 07:30:00+00:00,73661.73,73661.73,73501.85293109121,73446.7265413929,73501.85293109121,0.00013440249198962313,9.900320076266782,0.1383444080621263,0.00740912414984457,-0.16724140868530804,-0.016892525433215237,-7.783058921286449,stop,4
BTC,short,2026-05-29 13:50:00+00:00,2026-05-29 15:05:00+00:00,73098.28,73098.28,73412.46635814935,73467.52570791797,73412.46635814935,0.00013520969214868327,9.883595935398251,0.1388196734820288,0.007444557732121847,-0.18874527197684055,-0.019096821967483156,-4.443047265042787,stop,15
BTC,short,2026-05-29 23:10:00+00:00,2026-05-30 01:25:00+00:00,73352.53,73352.53,73547.927895457,73603.0888413786,73547.927895457,0.0001344837241224068,9.864721408200568,0.13840936448971145,0.0074182494336511706,-0.17210545059010135,-0.017446559661282442,-6.549452786878174,stop,27
BTC,short,2026-05-30 04:55:00+00:00,2026-05-30 05:05:00+00:00,73232.76,73232.76,73424.36771525527,73479.43599104171,73424.36771525527,0.0001344686566932826,9.847510863141558,0.13816368378636656,0.0074049570714180115,-0.17133387294023045,-0.01739869854640317,-6.649809029159188,stop,2
BTC,long,2026-05-30 13:20:00+00:00,2026-05-31 14:15:00+00:00,73664.01,73664.01,73557.9301251739,73502.76167758001,73557.9301251739,0.00013344885074607717,9.830377475847536,0.1374316190320604,0.007362165928848721,-0.15895002234373992,-0.01616926946439927,-11.22826765652574,stop,299
BTC,short,2026-05-31 16:15:00+00:00,2026-05-31 21:45:00+00:00,73511.57,73511.57,73682.5068238311,73737.76870394898,73682.5068238311,0.00013350935741969817,9.814482473613163,0.13767455142310484,0.007377978104342017,-0.16787419503650114,-0.017104742454616552,-7.355913395974475,stop,66
BTC,short,2026-06-01 10:05:00+00:00,2026-06-01 13:40:00+00:00,72693.48,72693.48,71470.76674412115,71470.76674412115,72938.02265117576,0.0001347809329545031,9.797695054109512,0.09715295837427917,0.0,0.06764547498890944,0.006904223352056303,2.052370086547788,target_R5,43
BTC,short,2026-06-01 15:40:00+00:00,2026-06-01 17:30:00+00:00,71167.87,71167.87,71678.02317940784,71731.7816967924,71678.02317940784,0.00013776525279748296,9.804459601608404,0.1379616213596942,0.007406055737501545,-0.2156490588237575,-0.021994996928579386,-3.0683668067706225,stop,22
BTC,short,2026-06-02 01:05:00+00:00,2026-06-02 06:55:00+00:00,71157.25,71157.25,69894.74869677646,69894.74869677646,71409.75026064471,0.00013748275398116184,9.782894695726029,0.09696108617690039,0.0,0.07661106989507828,0.00783112486415174,2.206893998116507,target_R5,70
BTC,short,2026-06-02 14:55:00+00:00,2026-06-03 20:40:00+00:00,67943.97,67943.97,65112.07824351691,65112.07824351691,68510.34835129662,0.00014409749390145344,9.790555802715536,0.09586521550160837,0.0,0.3122032896077902,0.031888208994345,3.8253784070408963,target_R5,357
BTC,short,2026-06-04 00:40:00+00:00,2026-06-04 03:05:00+00:00,63041.99,63041.99,63821.67815097283,63869.544409586066,63821.67815097283,0.00015579736825687635,9.821776131676316,0.13866524303539435,0.007457437120244912,-0.2675960421382768,-0.027245178321184692,-2.2029195353671436,stop,29
BTC,short,2026-06-04 07:45:00+00:00,2026-06-04 14:05:00+00:00,63858.84,63858.84,64345.146348250935,64393.405208012126,64345.146348250935,0.00015338544401154934,9.795016527462487,0.1378681820805314,0.007402206631961258,-0.21986270386459805,-0.022446384163637145,-2.947524867893746,stop,76
BTC,short,2026-06-05 01:20:00+00:00,2026-06-05 13:55:00+00:00,63272.0,63272.0,60887.01216943634,60887.01216943634,63748.99756611273,0.0001544605869432929,9.773030257076028,0.09588836946995291,0.0,0.27249825069152067,0.02788267748319126,3.6985362086722566,target_R5,151
BTC,short,2026-06-06 02:45:00+00:00,2026-06-06 08:25:00+00:00,60910.39,60910.39,61369.634798984574,61415.66202508382,61369.634798984574,0.00016089668908941771,9.800280082145179,0.1379355905133619,0.007405628287338137,-0.21923218643885334,-0.02236999193913504,-2.96696867623173,stop,68
BTC,short,2026-06-06 11:45:00+00:00,2026-06-07 01:05:00+00:00,60798.63,60798.63,61192.71629877049,61238.610835994565,61192.71629877049,0.00016083186189394882,9.778356863501294,0.13753386252247407,0.007381303872509573,-0.20829679957313646,-0.02130182018112116,-3.286390538212493,stop,160
BTC,long,2026-06-07 02:25:00+00:00,2026-06-07 22:10:00+00:00,61271.91,61271.91,63171.492849193615,63171.492849193615,60891.99343016128,0.00015924960040488337,9.757527183543978,0.09908781088379004,0.0,0.20341999878626243,0.020847494960539722,3.362227226598449,target_R5,237
BTC,long,2026-06-07 22:30:00+00:00,2026-06-09 13:35:00+00:00,62963.08,62963.08,62156.943146218946,62110.32543885928,62156.943146218946,0.000155295280717249,9.777869183422606,0.1356983097373191,0.007239509950813391,-0.26812706869258146,-0.027421830223211,-2.1417739208823976,stop,469
BTC,short,2026-06-10 02:35:00+00:00,2026-06-10 07:30:00+00:00,61303.99,61303.99,61696.96845580752,61743.24118214937,61696.96845580752,0.00015906071491518495,9.751056476553348,0.13714359913528704,0.007360172933010401,-0.20701120619530683,-0.02122961821553083,-3.3117853753951736,stop,59
BTC,short,2026-06-10 11:20:00+00:00,2026-06-10 12:30:00+00:00,60995.96,60995.96,61401.98426831172,61448.03575651295,61401.98426831172,0.0001595245874633962,9.730355355933817,0.13687402977011282,0.007346344657377594,-0.20899122833004447,-0.02147827295974307,-3.2266245654946277,stop,14
BTC,long,2026-06-10 14:25:00+00:00,2026-06-10 18:50:00+00:00,62094.04,62094.04,61578.140823122034,61531.95721750469,61578.140823122034,0.0001563669594231719,9.709456233100813,0.13514136668262522,0.007221589985582616,-0.22303254232553266,-0.022970652214815635,-2.7647661818042475,stop,53
BTC,short,2026-06-10 22:50:00+00:00,2026-06-11 00:15:00+00:00,61373.69,61373.69,61753.41591211325,61799.730974047336,61753.41591211325,0.0001578388553607948,9.687152978868259,0.13622535408127948,0.007310316361640862,-0.20347117376170865,-0.02100422840493637,-3.3948354897342696,stop,17
BTC,long,2026-06-11 04:15:00+00:00,2026-06-12 15:10:00+00:00,62589.25,62589.25,64315.82299114355,64315.82299114355,62243.93540177129,0.00015444834155213692,9.666805861492087,0.09800139029017503,0.0,0.16866494476065838,0.017447846494211553,3.1624716469836085,target_R5,419
BTC,long,2026-06-12 15:55:00+00:00,2026-06-15 11:20:00+00:00,63806.37,63806.37,66322.75836957991,66322.75836957991,63303.09232608402,0.0001517665455027163,9.683672355968152,0.0987462414096533,0.0,0.283157328584702,0.029240696935619582,3.7071835776356736,target_R5,809
BTC,long,2026-06-15 12:10:00+00:00,2026-06-16 02:25:00+00:00,66164.97,66164.97,65891.63969288256,65842.2209631129,65891.63969288256,0.00014678444029864478,9.711988088826622,0.13554146241294512,0.0072539005895099,-0.18291599914934586,-0.018834042780569896,-4.559150021441545,stop,171
BTC,long,2026-06-16 12:30:00+00:00,2026-06-16 13:05:00+00:00,66532.82,66532.82,66291.55092338743,66241.83226019489,66291.55092338743,0.00014569796513828345,9.693696488911689,0.13533018395063548,0.007243908056549233,-0.1777265055204294,-0.01833423459499945,-5.055883444630789,stop,7
BTC,short,2026-06-16 15:20:00+00:00,2026-06-16 18:00:00+00:00,65740.0,65740.0,66147.11901332231,66196.7293525823,66147.11901332231,0.00014718472525645948,9.675923838359646,0.13606794599552252,0.00730188415386148,-0.2032915302719096,-0.021010038283473458,-3.392619532760701,stop,32
BTC,short,2026-06-16 21:55:00+00:00,2026-06-17 01:55:00+00:00,65709.62,65709.62,65895.7521830945,65945.17399723183,65895.7521830945,0.00014694339558397166,9.655594685332455,0.135489843532424,0.007262209185258853,-0.1701029477290475,-0.017617034814794593,-6.2192826837427955,stop,48
BTC,short,2026-06-17 06:40:00+00:00,2026-06-17 11:05:00+00:00,65610.01,65610.01,64609.69271919511,64609.69271919511,65810.07345616097,0.00014690722331180182,9.63858439055955,0.09565107473482622,0.0,0.051302759419031244,0.005322644627076088,1.7455400097053055,target_R5,53
BTC,short,2026-06-17 22:15:00+00:00,2026-06-17 23:20:00+00:00,64041.44,64041.44,64447.96435392011,64496.300327185556,64447.96435392011,0.0001505855375285355,9.643714666501454,0.13562846381284716,0.007278698516141594,-0.20412385068248926,-0.0211665170260104,-3.3344477816859386,stop,13
BTC,short,2026-06-18 10:45:00+00:00,2026-06-18 10:50:00+00:00,63943.77,63943.77,64155.060614359645,64203.17690982042,64155.060614359645,0.0001504963232764225,9.623302281433206,0.13507759001550912,0.007241325556528151,-0.17411737617598083,-0.018093308417830287,-5.475654257124237,stop,1
BTC,short,2026-06-18 14:00:00+00:00,2026-06-18 17:25:00+00:00,63906.48,63906.48,62181.89728409182,62181.89728409182,64251.39654318164,0.00015031168269345467,9.605890543815608,0.09476278078829505,0.0,0.16446214918391186,0.017120968475931118,3.172190059064629,target_R5,41
BTC,short,2026-06-18 22:55:00+00:00,2026-06-19 00:40:00+00:00,62784.78,62784.78,62990.73655236342,63037.9796047777,62990.73655236342,0.0001532590662694685,9.622336758734,0.13506196083734825,0.00724042610073157,-0.1738670958453769,-0.018069113584864016,-5.508274964803576,stop,21
BTC,short,2026-06-19 03:35:00+00:00,2026-06-19 13:40:00+00:00,62667.79,62667.79,62965.86509655097,63013.08949537339,62965.86509655097,0.00015326773210208087,9.604950049149462,0.1349456101230593,0.007237976507395651,-0.1878688806749313,-0.01955958955680019,-4.112239717490578,stop,121
BTC,long,2026-06-19 15:10:00+00:00,2026-06-22 01:25:00+00:00,63103.56,63103.56,64630.374012774555,64630.374012774555,62798.197197445086,0.00015191160627200698,9.586163161081968,0.09702133545661565,0.0,0.13491943370257597,0.014074393627089895,2.908488968793032,target_R5,699
BTC,long,2026-06-22 06:00:00+00:00,2026-06-22 06:35:00+00:00,64164.81,64164.81,63946.31034227445,63898.35060951774,63946.31034227445,0.00014960934357091102,9.599655104452227,0.13403638813184598,0.00717522413556768,-0.1739012026302011,-0.018115359430939077,-5.319773074555368,stop,7
BTC,long,2026-06-22 10:30:00+00:00,2026-06-22 12:35:00+00:00,64103.02,64103.02,65042.00447030016,65042.00447030016,63915.223105939964,0.00014948227063544286,9.582264984189207,0.09652445749545151,0.0,0.043837073216435776,0.004574813291927034,1.5615771997534647,target_R5,25
BTC,long,2026-06-22 12:50:00+00:00,2026-06-22 14:55:00+00:00,65104.59,65104.59,64757.60186623763,64709.03366483795,64757.60186623763,0.000147249966423425,9.58664869151085,0.13368887076751124,0.007151666025348654,-0.19193452783869525,-0.020021024449206812,-3.756499030708224,stop,25
BTC,short,2026-06-22 22:40:00+00:00,2026-06-23 01:00:00+00:00,63824.49,63824.49,64121.45960177556,64169.550696476894,64121.45960177556,0.00014990257248788014,9.56745523872698,0.13440990271677486,0.007208978809488022,-0.18613538878312114,-0.019455057184870384,-4.1812666862907335,stop,28
BTC,short,2026-06-23 06:50:00+00:00,2026-06-24 14:10:00+00:00,62841.0,62841.0,61050.19608959164,61050.19608959164,63199.16078208167,0.0001519524148223082,9.54884169984867,0.09412783210518777,0.0,0.1779891465545947,0.01863986776086313,3.2704527926044586,target_R5,376
BTC,short,2026-06-24 16:30:00+00:00,2026-06-24 20:45:00+00:00,60462.61,60462.61,60934.5517195405,60980.25263333016,60934.5517195405,0.00015822407624322088,9.566640614504129,0.13467010035040275,0.00723098486784007,-0.21657362783317513,-0.022638419959544062,-2.900311416339354,stop,51
BTC,short,2026-06-25 03:25:00+00:00,2026-06-25 04:45:00+00:00,60711.82,60711.82,60966.82821447524,61012.5533356361,60966.82821447524,0.00015721787374716836,9.544983251720812,0.13405529142443376,0.007188806325742063,-0.18133594701803457,-0.018998037213458968,-4.523012790118659,stop,16
BTC,short,2026-06-25 14:15:00+00:00,2026-06-25 14:30:00+00:00,59165.09,59165.09,60175.819207862005,60220.951072267904,60175.819207862005,0.0001610214681836706,9.526849657019008,0.13490604189875718,0.0072671990685042424,-0.30492234195332046,-0.032006628941463944,-1.8735731264004951,stop,3
BTC,short,2026-06-26 01:20:00+00:00,2026-06-26 03:55:00+00:00,59496.75,59496.75,59803.72775503674,59848.580550853025,59803.72775503674,0.00015961136402952559,9.496357422823676,0.13345440930669167,0.007159015920774454,-0.1896105634356023,-0.01996666247838246,-3.8698293486070705,stop,31
BTC,short,2026-06-26 11:10:00+00:00,2026-06-26 12:30:00+00:00,59336.29,59336.29,59741.10614228922,59785.91197189594,59741.10614228922,0.0001597234401827299,9.477396366480114,0.13332988564391826,0.007156541245026124,-0.20514505377688053,-0.021645718491044918,-3.1727406480875344,stop,16
BTC,long,2026-06-26 16:35:00+00:00,2026-06-26 18:45:00+00:00,60198.18,60198.18,59630.77584995816,59586.052768070695,59630.77584995816,0.000157095810223871,9.456881861102428,0.13153088244429373,0.007025808784820132,-0.2276935059043234,-0.024077017060016467,-2.554427222175001,stop,26
BTC,long,2026-06-26 22:35:00+00:00,2026-06-28 16:25:00+00:00,59822.99,59822.99,59570.16764905823,59525.490023321436,59570.16764905823,0.00015770045112275388,9.434112510511994,0.13165533222238696,0.007045681733786363,-0.178571212753605,-0.01892824709845588,-4.478814205589266,stop,502
BTC,long,2026-06-29 10:45:00+00:00,2026-06-29 11:35:00+00:00,60043.17,60043.17,59787.30161929376,59742.46114307929,59787.30161929376,0.0001568247544098127,9.416255389236634,0.13140314811559387,0.00703209666995346,-0.17856174075103998,-0.018963136976419222,-4.449970934531553,stop,10
BTC,long,2026-06-29 19:10:00+00:00,2026-06-30 00:25:00+00:00,60117.38,60117.38,59803.128423810565,59758.27607749271,59803.128423810565,0.00015633414521992693,9.39839921516153,0.13107232716932873,0.007011953222710335,-0.18721253193962867,-0.019919619038699352,-3.81068989923811,stop,63
BTC,short,2026-06-30 01:55:00+00:00,2026-06-30 12:50:00+00:00,59814.12,59814.12,58542.587189066035,58542.587189066035,60068.426562186796,0.0001568137751080776,9.379677961967568,0.09279981031839397,0.0,0.10659404993794702,0.011364361374682726,2.6729521611374985,target_R5,131
BTC,short,2026-06-30 23:05:00+00:00,2026-07-01 01:35:00+00:00,58475.89,58475.89,58677.693623235675,58721.7018934531,58677.693623235675,0.00016058477035512178,9.390337366961361,0.13181998595560557,0.007067057966591481,-0.1712936324163295,-0.018241477991941278,-5.285765653714029,stop,30
BTC,long,2026-07-01 04:10:00+00:00,2026-07-01 06:20:00+00:00,59050.94,59050.94,58709.657749814,58665.62550650164,58709.657749814,0.0001587308856339921,9.37320800371973,0.13067446025487076,0.006989276977423219,-0.19183577105547928,-0.02046639432085043,-3.5412325791869144,stop,26
BTC,short,2026-07-01 08:10:00+00:00,2026-07-01 08:55:00+00:00,58642.77,58642.77,58887.7494270287,58931.91523909897,58887.7494270287,0.00015950857073453696,9.354024426614181,0.1313714322670089,0.007044825558659005,-0.17749257609038194,-0.018974996001226804,-4.542203154555066,stop,9
BTC,long,2026-07-01 14:50:00+00:00,2026-07-03 15:05:00+00:00,59552.67,59552.67,62223.17007567257,62223.17007567257,59018.569984865484,0.00015677341031065681,9.336275169005143,0.09545606871054171,0.0,0.3232073353875144,0.03461844574381314,3.8599902955909573,target_R5,579
BTC,long,2026-07-03 15:35:00+00:00,2026-07-05 22:20:00+00:00,61959.33,61959.33,63540.86993969183,63540.86993969183,61643.022012061636,0.00015120557150220788,9.368595902543893,0.09488164727761228,0.0,0.14425600315705814,0.015397825315305542,3.0161708726093543,target_R5,657
BTC,long,2026-07-06 01:30:00+00:00,2026-07-06 02:40:00+00:00,63672.02,63672.02,63347.68688572773,63300.17612056343,63347.68688572773,0.00014736491009488314,9.3830215028596,0.1308691303812719,0.007001419636975805,-0.18566587024377382,-0.019787428834857693,-3.8846035420977247,stop,14
BTC,short,2026-07-06 13:00:00+00:00,2026-07-06 14:25:00+00:00,61688.01,61688.01,62094.539514907534,62141.110419543715,62094.539514907534,0.0001518034852451104,9.364454915835223,0.13172140882736794,0.007069625634789913,-0.20050363168012525,-0.021411137485543887,-3.248990331292512,stop,17
BTC,long,2026-07-06 21:25:00+00:00,2026-07-07 01:05:00+00:00,64216.45,64216.45,63850.07925597951,63802.19169653752,63850.07925597951,0.00014551418760562457,9.34440455266721,0.1302791395929559,0.006968319308616916,-0.19055960008018252,-0.02039290989662796,-3.574412804801026,stop,44
BTC,short,2026-07-07 04:35:00+00:00,2026-07-07 12:00:00+00:00,63210.24,63210.24,63422.219872432725,63469.78653733705,63422.219872432725,0.00014752908061509007,9.325348592659191,0.13089949625550018,0.007017466341261418,-0.1691901582856658,-0.018143038472454572,-5.410069375983047,stop,89
BTC,long,2026-07-07 12:55:00+00:00,2026-07-07 13:20:00+00:00,63441.16,63441.16,63157.3202408504,63109.95225066976,63157.3202408504,0.00014672539999001632,9.308429576830624,0.12988064477012629,0.006950087305977426,-0.17847723427039913,-0.019173721281046406,-4.285527592155057,stop,5
BTC,long,2026-07-07 17:25:00+00:00,2026-07-07 18:55:00+00:00,64007.33,64007.33,63642.2025116118,63594.47085972809,63642.2025116118,0.00014514871739539182,9.290581853403586,0.1295288121755713,0.006928188050083929,-0.18945478685100323,-0.020392133651090633,-3.5747679085222397,stop,18
BTC,short,2026-07-08 00:20:00+00:00,2026-07-08 00:25:00+00:00,63419.8,63419.8,63641.4283048062,63689.159376034804,63641.4283048062,0.0001461946643590564,9.271636374718485,0.13015731937820113,0.0069780279377641636,-0.16953622294957377,-0.018285469371065732,-5.232458062760468,stop,1
BTC,short,2026-07-08 01:55:00+00:00,2026-07-08 15:10:00+00:00,63067.67,63067.67,61490.41517386711,61490.41517386711,63383.120965226575,0.0001467421065725676,9.254682752423525,0.0913895790452928,0.0,0.14006011674319557,0.015133972767085724,3.0257139951307237,target_R5,159
BTC,short,2026-07-08 16:00:00+00:00,2026-07-08 16:40:00+00:00,61627.21,61627.21,61998.54277804217,62045.0416851257,61998.54277804217,0.00015039929219735643,9.268688764097845,0.13032721700467464,0.0069934027133145065,-0.19316880670520925,-0.020841006923594876,-3.4588196524519703,stop,8
BTC,short,2026-07-09 03:20:00+00:00,2026-07-09 04:05:00+00:00,61727.1,61727.1,62030.10264673034,62076.62522371539,62030.10264673034,0.00014984296821699586,9.249371883427324,0.12996257144087656,0.006971081024543781,-0.18233646842910023,-0.019713389268713893,-4.015972678323757,stop,9
BTC,long,2026-07-09 06:15:00+00:00,2026-07-10 01:45:00+00:00,62478.19,62478.19,63792.74696847956,63792.74696847956,62215.27860630409,0.00014774977054528009,9.231138236584414,0.0932825098181519,0.0,0.10094298064340143,0.010935052434091925,2.598602799342215,target_R5,234
BTC,long,2026-07-10 04:00:00+00:00,2026-07-10 20:20:00+00:00,63899.99,63899.99,63676.80770454096,63629.05009876255,63676.80770454096,0.00014462025009156896,9.241232534648756,0.12902460491859188,0.006906716891448202,-0.16820800119533671,-0.0182019011603337,-5.211440718154,stop,196
BTC,long,2026-07-10 22:55:00+00:00,2026-07-11 02:00:00+00:00,64084.7,64084.7,63940.09159374561,63892.1365250503,63940.09159374561,0.00014394093651884493,9.224411734529221,0.12889230438109683,0.006902697498828177,-0.1566100713046793,-0.016977784146218197,-7.523879363978049,stop,37
BTC,short,2026-07-11 23:55:00+00:00,2026-07-12 01:40:00+00:00,63852.88,63852.88,64066.473309959896,64114.523164942366,64066.473309959896,0.00014421825182198134,9.208750727398755,0.129262113662225,0.006929666085871499,-0.1669958335113837,-0.018134472140126645,-5.4212291276550175,stop,21
BTC,short,2026-07-12 06:55:00+00:00,2026-07-12 08:00:00+00:00,63725.47,63725.47,63875.00271251442,63922.908964548806,63875.00271251442,0.00014424454059024775,9.192051144047616,0.12894503145129022,0.006910215316100753,-0.15742452418724673,-0.01712615842974157,-7.298553452807295,stop,13
BTC,long,2026-07-12 15:25:00+00:00,2026-07-12 16:10:00+00:00,64153.99,64153.99,64021.080879878864,63973.06506921895,64021.080879878864,0.00014303566608450842,9.176308691628892,0.12823541322093443,0.006867973460328146,-0.15411413120649492,-0.016794784960436855,-8.106685721958138,stop,9
BTC,long,2026-07-12 20:10:00+00:00,2026-07-12 21:20:00+00:00,64171.04,64171.04,64073.874534279224,64025.81912837851,64073.874534279224,0.00014275750055645417,9.160897278508243,0.12806597958116356,0.006860269634611492,-0.14879734824247692,-0.01624266092269807,-10.727149157831114,stop,14
BTC,short,2026-07-12 23:05:00+00:00,2026-07-13 00:05:00+00:00,63773.66,63773.66,63985.04957042428,64033.0383576021,63985.04957042428,0.0001434137156889536,9.146017543683994,0.12837903133787304,0.006882250280577462,-0.16557744537088753,-0.018103775176468044,-5.4616885804879365,stop,12
BTC,short,2026-07-13 02:25:00+00:00,2026-07-14 12:45:00+00:00,63328.72,63328.72,63728.70029402264,63776.496819243155,63728.70029402264,0.00014415986615783335,9.129459799146904,0.1283934002050327,0.00689034067859933,-0.19294484653570615,-0.021134311424837616,-3.346187076257804,stop,412
BTC,long,2026-07-14 16:00:00+00:00,2026-07-16 07:35:00+00:00,64703.12,64703.12,64222.811787375875,64174.64467853534,64222.811787375875,0.00014079947480883972,9.110165314493335,0.12687263297350176,0.006781903627807498,-0.201281680685159,-0.022094185312415856,-2.976344534608667,stop,475
BTC,short,2026-07-16 13:00:00+00:00,2026-07-16 13:20:00+00:00,63914.11,63914.11,64144.01852102877,64192.12653491954,64144.01852102877,0.0001422226977176842,9.090037146424818,0.12761638240440484,0.006842051517385271,-0.16715664401078423,-0.018388994601251794,-5.1121037988268165,stop,4
BTC,short,2026-07-16 17:40:00+00:00,2026-07-17 05:45:00+00:00,64188.65,64188.65,62776.84520111141,62776.84520111141,64471.01095977772,0.00014135398519868762,9.07332148202374,0.08973539364700973,0.0,0.10982884099852394,0.01210459049821162,2.7517165386273277,target_R5,145
BTC,long,2026-07-18 02:40:00+00:00,2026-07-18 17:45:00+00:00,63963.98,63963.98,64420.08076504789,64420.08076504789,63872.759846990426,0.00014202218758313024,9.084304366123591,0.09116692580328811,0.0,-0.026390497392848045,-0.002905065300460564,-2.0370448047576106,target_R5,181
BTC,long,2026-07-18 17:55:00+00:00,2026-07-19 12:25:00+00:00,64421.01,64421.01,64281.03150360106,64232.820729973355,64281.03150360106,0.00014097365620912037,9.081665316384306,0.12690454686428546,0.006796449026967533,-0.15343427631926732,-0.016894949436471227,-7.775406470251364,stop,222
BTC,short,2026-07-19 14:00:00+00:00,2026-07-19 14:45:00+00:00,64432.29,64432.29,64565.376544152736,64613.800576560854,64565.376544152736,0.00014071084372063107,9.06632188875238,0.12715837099988217,0.006813786456501518,-0.15269887737197801,-0.016842428412057072,-8.15406424938415,stop,9
BTC,short,2026-07-20 08:55:00+00:00,2026-07-20 10:20:00+00:00,63957.82,63957.82,64232.86014004804,64281.034785153075,64232.86014004804,0.00014151595537520168,9.051052001015181,0.12712638845622348,0.0068174809269002925,-0.1728664375685515,-0.019099043685658033,-4.441290634909112,stop,17
BTC,long,2026-07-21 04:20:00+00:00,2026-07-21 13:15:00+00:00,65567.71,65567.71,66602.8139843107,66602.8139843107,65360.68920313787,0.0001377776554535506,9.033765357258325,0.09105072457312804,0.0,0.05156347553582891,0.005707860841703111,1.807795980219169,target_R5,107
BTC,long,2026-07-21 14:30:00+00:00,2026-07-21 17:15:00+00:00,66706.31,66706.31,66377.09925938366,66327.31643493912,66377.09925938366,0.0001355032485654192,9.038921704811909,0.12608271013410646,0.0067457344349972515,-0.17743756938524557,-0.01963039123248362,-3.977607050498324,stop,33
BTC,short,2026-07-22 07:50:00+00:00,2026-07-22 08:00:00+00:00,65731.97,65731.97,65910.64583586644,65960.07882024335,65910.64583586644,0.00013724186188050324,9.021177947873383,0.1265782459830414,0.006784274814196721,-0.1578843251846032,-0.0175015198787673,-6.438528041841552,stop,2
BTC,short,2026-07-22 10:10:00+00:00,2026-07-22 10:45:00+00:00,65874.7,65874.7,66032.95350822652,66082.4782233577,66032.95350822652,0.00013670482773135855,9.005389515354924,0.1263310917910429,0.0067702676504522675,-0.1547353780214853,-0.017182530278967816,-7.152410332336699,stop,7
BTC,short,2026-07-22 12:20:00+00:00,2026-07-22 14:00:00+00:00,65813.76,65813.76,65981.24375868491,66030.72969150393,65981.24375868491,0.00013659629806217992,8.989915977552775,0.12612555899559902,0.006759595229232059,-0.15576281564673022,-0.01732639282009528,-6.808511271070285,stop,20
BTC,short,2026-07-22 19:40:00+00:00,2026-07-22 21:40:00+00:00,65868.19,65868.19,66089.4359771785,66139.00305416138,66089.4359771785,0.00013624694554363953,8.974339695988101,0.12597283280681892,0.006753362838444746,-0.16287028424965103,-0.018148442087885387,-5.403058834757597,stop,24
BTC,long,2026-07-23 01:05:00+00:00,2026-07-23 01:15:00+00:00,66117.82,66117.82,65926.24985205458,65876.80516466554,65926.24985205458,0.00013548620731238773,8.958052667563136,0.12511884967237452,0.00669907316608782,-0.15777303561786155,-0.017612425543014877,-6.078688116627539,stop,2
BTC,short,2026-07-23 08:25:00+00:00,2026-07-23 09:00:00+00:00,65495.02,65495.02,65666.08890086654,65715.3384675422,65666.08890086654,0.0001365336687278109,8.94227536400135,0.12546258309397712,0.006724224021482603,-0.15554347175600305,-0.017394171553044513,-6.6594898779342495,stop,7
BTC,short,2026-07-23 15:45:00+00:00,2026-07-23 21:00:00+00:00,64852.0,64852.0,65157.71659955471,65206.58488700438,65157.71659955471,0.00013764758244658222,8.92672101682575,0.12541336400777472,0.0067266016257512135,-0.1742211164760218,-0.019516809828338626,-4.140122429828694,stop,63
BTC,short,2026-07-24 22:45:00+00:00,2026-07-25 17:25:00+00:00,64120.53,64120.53,64216.184318345506,64264.346456584266,64216.184318345506,0.00013894612076940333,8.909298905178149,0.12491002932120074,0.006691942276235477,-0.14489276806638599,-0.016263094280311245,-10.901737033208477,stop,224
BTC,long,2026-07-25 19:50:00+00:00,2026-07-25 20:45:00+00:00,64341.12,64341.12,64252.96145002618,64204.77172893866,64252.96145002618,0.0001382445569547361,8.89480962837151,0.12435769014028134,0.006661966641517191,-0.14320709646470142,-0.016100074363358828,-11.750384017538911,stop,11
BTC,long,2026-07-25 22:00:00+00:00,2026-07-26 16:30:00+00:00,64288.0,64288.0,64777.83000370703,64777.83000370703,64190.033999258594,0.00013813602723253236,8.88048891872504,0.08914320504090734,0.0,-0.021480034309521695,-0.0024187896078818093,-1.5872766585824625,target_R5,222
BTC,long,2026-07-26 16:45:00+00:00,2026-07-26 17:00:00+00:00,64771.5,64771.5,64634.693614592135,64586.21759438119,64634.693614592135,0.00013707172005116583,8.878340915294087,0.12406820001181673,0.006644691471549508,-0.14946517804520493,-0.016834809506777543,-7.970504159709763,stop,3
BTC,long,2026-07-27 04:15:00+00:00,2026-07-27 08:15:00+00:00,65262.25,65262.25,65094.65076951279,65045.82978143565,65094.65076951279,0.0001358119647650758,8.863394397489568,0.12382298946897094,0.006630474312528614,-0.1532154445670827,-0.017286316922834756,-6.7311999781726195,stop,48
BTC,long,2026-07-27 14:05:00+00:00,2026-07-27 14:25:00+00:00,65248.12,65248.12,64864.263064043786,64815.61486674575,64864.263064043786,0.00013560655622005445,8.848072853032859,0.12334516515744709,0.00659701450189998,-0.18199569682555167,-0.0205689645472538,-3.4963189181712244,stop,4
BTC,short,2026-07-27 16:45:00+00:00,2026-07-28 01:05:00+00:00,64855.07,64855.07,63200.54967640072,63200.54967640072,65185.974064719856,0.00013614777199917144,8.829873283350304,0.0871724365545761,0.0,0.13808681923081423,0.01563859579855943,3.065064268932255,target_R5,100
BTC,short,2026-07-28 01:40:00+00:00,2026-07-28 05:15:00+00:00,63216.04,63216.04,63542.01773042853,63589.67424372635,63542.01773042853,0.00013989617137159154,8.843681965273385,0.12428197751554312,0.006666963751284528,-0.17655197770617986,-0.019963628090590445,-3.8714960996287506,stop,43
BTC,short,2026-07-28 09:15:00+00:00,2026-07-28 09:35:00+00:00,63358.57,63358.57,63486.89291848083,63534.50808816969,63486.89291848083,0.00013930280887814809,8.826026767502768,0.12378495277387493,0.0066329268828682455,-0.14829362264456436,-0.016801855076009755,-8.295801900127863,stop,4
BTC,short,2026-07-28 10:25:00+00:00,2026-07-28 10:40:00+00:00,63305.84,63305.84,63455.77332151877,63503.36515150991,63455.77332151877,0.00013918459031960262,8.811197405238312,0.12360419578895288,0.006624049359877379,-0.1510966530796779,-0.017148254219097395,-7.240449466982446,stop,3
BTC,long,2026-07-29 01:20:00+00:00,2026-07-29 04:05:00+00:00,63774.89,63774.89,63507.99910621407,63460.36810688441,63507.99910621407,0.00013792399704539427,8.796087739930345,0.12275480730911374,0.006569457810813199,-0.16613492396590027,-0.018887365483147837,-4.513228754232786,stop,33
BTC,long,2026-07-29 09:55:00+00:00,2026-07-29 10:50:00+00:00,64585.81,64585.81,64401.56824498915,64353.267068805406,64401.56824498915,0.00013593503352414028,8.779474247533754,0.1226281428851429,0.006565822003792186,-0.15423887403288158,-0.017568121926687,-6.158492057063902,stop,11
BTC,short,2026-07-29 17:05:00+00:00,2026-07-29 17:50:00+00:00,63701.23,63701.23,64029.572744134304,64077.594923692406,64029.572744134304,0.00013758055158637387,8.764050360130467,0.1231627294860208,0.0066069179519835505,-0.1749432232853851,-0.01996145801275163,-3.8726892880127974,stop,9
BTC,short,2026-07-30 01:10:00+00:00,2026-07-30 01:35:00+00:00,63712.46,63712.46,63959.27615623746,64007.24561335464,63959.27615623746,0.00013728171911431337,8.746556037801927,0.1228160026111704,0.006585329538026604,-0.1632846783826623,-0.018668453923688225,-4.819024580913207,stop,5
BTC,long,2026-07-30 03:15:00+00:00,2026-07-30 05:00:00+00:00,64109.75,64109.75,63877.43510358204,63829.52702725435,63877.43510358204,0.00013617628472991486,8.73022756996366,0.12187974846957095,0.006523943842861601,-0.16003947179404585,-0.018331649491550656,-5.058812345276991,stop,21
BTC,long,2026-07-30 13:45:00+00:00,2026-07-30 14:05:00+00:00,64937.24,64937.24,64703.49599826717,64654.96837626847,64703.49599826717,0.00013419454881027058,8.714223622784255,0.1216582169002822,0.0065121423389507774,-0.15953753008887672,-0.018307715867165612,-5.086130682732223,stop,4
BTC,long,2026-07-30 16:50:00+00:00,2026-07-31 01:45:00+00:00,64740.29,64740.29,64531.63232255107,64483.233598309154,64531.63232255107,0.0001343563624718914,8.698269869775366,0.12146494370912345,0.006502676537424128,-0.15600210679041893,-0.017934843264922486,-5.564650044376241,stop,107
BTC,short,2026-07-31 17:40:00+00:00,2026-07-31 17:55:00+00:00,62989.84,62989.84,63218.47831489714,63265.892173633314,63218.47831489714,0.00013784238313823826,8.682669659096325,0.12189984043270552,0.0065356392819740025,-0.15995152991681275,-0.018421929682564956,-5.075240358196475,stop,3
BTC,short,2026-07-31 22:50:00+00:00,2026-08-01 02:20:00+00:00,62869.26,62869.26,63000.66080702692,63047.911302632194,63000.66080702692,0.00013785233842588003,8.666674506104643,0.1215550905839411,0.006513591310968595,-0.1461825904146183,-0.016867206713676627,-8.070184866814696,stop,42
BTC,short,2026-08-01 19:10:00+00:00,2026-08-01 21:30:00+00:00,62530.5,62530.5,62756.17241940672,62803.23954872128,62756.17241940672,0.0001383653776487183,8.65205624706318,0.12146842685481156,0.006512461122449732,-0.1592061375133722,-0.018400959606268454,-5.0986345947133564,stop,28
BTC,long,2026-08-02 02:10:00+00:00,2026-08-02 08:40:00+00:00,63328.64,63328.64,63143.41031239696,63096.05275466266,63143.41031239696,0.00013637014206071445,8.636135633311843,0.12062043726517235,0.006458156875874966,-0.15233839295333534,-0.01763964803490651,-6.030863273512218,stop,78
BTC,long,2026-08-02 19:50:00+00:00,2026-08-02 23:10:00+00:00,63395.16,63395.16,63285.05271195192,63237.58892241795,63285.05271195192,0.00013598675031369127,8.62090179401651,0.12049977690717684,0.006454446496297469,-0.14192735569098708,-0.016463168132769393,-9.47880196112013,stop,40
BTC,short,2026-08-03 04:45:00+00:00,2026-08-03 13:50:00+00:00,62893.52,62893.52,63051.10887535641,63098.39720701293,63051.10887535641,0.00013684572048833349,8.60670905844741,0.12074625593931165,0.006471205816227791,-0.1487828249446341,-0.01728684261710985,-6.899156932347503,stop,109
BTC,long,2026-08-03 19:05:00+00:00,2026-08-03 21:45:00+00:00,63827.23,63827.23,63598.84155846192,63551.142427293074,63598.84155846192,0.00013461074177828093,8.591830775952946,0.11995115168672064,0.006420815428818027,-0.15711550464456542,-0.018286615360756948,-5.110521341150924,stop,32
BTC,short,2026-08-04 10:25:00+00:00,2026-08-04 10:40:00+00:00,63426.09,63426.09,63548.562955842775,63596.22437805966,63548.562955842775,0.00013521437669401486,8.576119225488489,0.12027271068179088,0.006444509497406569,-0.14327732456535242,-0.01670654532641382,-8.651957815262273,stop,3
BTC,long,2026-08-04 12:30:00+00:00,2026-08-04 13:55:00+00:00,63773.68,63773.68,63611.01212457872,63563.303865485286,63611.01212457872,0.00013425274334226837,8.561791493031954,0.11961088874371628,0.00640496466337763,-0.14785446193605872,-0.017269103324507568,-6.770324296987951,stop,17
BTC,long,2026-08-04 15:40:00+00:00,2026-08-09 22:10:00+00:00,63857.93,63857.93,65425.62541539019,65425.62541539019,63544.39091692196,0.0001338440824317097,8.547006046838348,0.08651919424040996,0.0,0.12330756016488795,0.01442698875947339,2.9383183406323172,target_R5,1518
BTC,long,2026-08-10 06:35:00+00:00,2026-08-10 09:40:00+00:00,65138.35,65138.35,64996.586253859336,64947.838814168936,64996.586253859336,0.0001314024196629917,8.559336802854835,0.11960541256284807,0.006405531527694307,-0.1446390433539156,-0.016898393729018055,-7.764562627079539,stop,37
BTC,short,2026-08-10 15:10:00+00:00,2026-08-11 18:30:00+00:00,64606.34,64606.34,63360.19108342943,63360.19108342943,64855.56978331411,0.00013226059390640988,8.544872898519444,0.08462464700618719,0.0,0.08019174879526486,0.009384779592117696,2.432760054159562,target_R5,328
BTC,short,2026-08-11 23:50:00+00:00,2026-08-12 00:35:00+00:00,63562.23,63562.23,63664.81829892521,63712.5669126494,63664.81829892521,0.00013455934559563078,8.55289207339897,0.11992255215685033,0.006425022215826099,-0.14015178874182108,-0.016386479279648376,-10.152826158299165,stop,9
BTC,long,2026-08-12 12:30:00+00:00,2026-08-12 12:30:00+00:00,64355.9,64355.9,64197.38834869197,64149.24030743045,64197.38834869197,0.0001326821145306769,8.538876894524789,0.11929749611836156,0.0063883839250887696,-0.14671754111674887,-0.017182299607905765,-6.976032021694145,stop,0
BTC,short,2026-08-12 15:50:00+00:00,2026-08-13 04:45:00+00:00,63419.29,63419.29,63695.37584716365,63743.14737904902,63695.37584716365,0.0001344102896833615,8.524205140413113,0.11973063984299023,0.00642098543933098,-0.1632604039770631,-0.019152566284807986,-4.399508949622107,stop,155
BTC,long,2026-08-13 07:10:00+00:00,2026-08-13 08:45:00+00:00,63824.3,63824.3,63699.58115736729,63651.806471499265,63699.58115736729,0.00013330156539147951,8.507879100015407,0.11890336448389427,0.00636844041229402,-0.1418970218529424,-0.016678307270808,-8.535047826566604,stop,19
BTC,long,2026-08-13 15:05:00+00:00,2026-08-13 15:25:00+00:00,63839.03,63839.03,63628.092538348006,63580.37146894424,63628.092538348006,0.00013304853469468618,8.493689397830112,0.11860192432273232,0.0063492183582342186,-0.15301606286598074,-0.01801526470994711,-5.452217995178433,stop,4
BTC,short,2026-08-13 16:30:00+00:00,2026-08-13 22:05:00+00:00,63297.99,63297.99,63570.327518507365,63618.005264146246,63570.327518507365,0.00013394402873682901,8.478387791543515,0.11908320628524248,0.006386149331961485,-0.16194734002227149,-0.019101195180503593,-4.439591240128218,stop,67
BTC,short,2026-08-14 04:25:00+00:00,2026-08-14 08:30:00+00:00,63314.18,63314.18,62657.99883533122,62657.99883533122,63445.416232933756,0.00013365399437442432,8.462193057541288,0.08418342440695667,0.0,0.0035178092842874237,0.0004157089374311122,0.20055643097747178,target_R5,49
BTC,short,2026-08-14 08:45:00+00:00,2026-08-14 15:35:00+00:00,62764.31,62764.31,62941.79773034327,62989.00407864103,62941.79773034327,0.00013483052452053907,8.462544838469716,0.1187482883228945,0.006364856701686372,-0.1490439088027244,-0.01761218541793582,-6.2281300415012,stop,82
BTC,short,2026-08-14 21:10:00+00:00,2026-08-14 23:40:00+00:00,62832.73,62832.73,62946.42022948807,62993.63004466018,62946.42022948807,0.0001344464970341006,8.447640447589444,0.11846165829264693,0.006347194275518164,-0.14009410566983826,-0.016583814917195544,-9.165311476229531,stop,30
BTC,long,2026-08-15 03:55:00+00:00,2026-08-15 08:40:00+00:00,63011.54,63011.54,62951.50843937961,62904.29480805008,62951.50843937961,0.00013384264274484423,8.433631037022462,0.11794164869910415,0.006319197190725619,-0.13229562861135977,-0.015686674936406447,-16.465364801572107,stop,57
BTC,long,2026-08-15 16:25:00+00:00,2026-08-15 18:15:00+00:00,63033.5,63033.5,62983.31831330991,62936.08082457492,62983.31831330991,0.00013358613236074985,8.420401474161325,0.11776849598049324,0.006310273422541401,-0.13078234684330292,-0.015531604668093201,-19.509336322080152,stop,22
BTC,long,2026-08-15 20:30:00+00:00,2026-08-16 01:35:00+00:00,63006.0,63006.0,62969.596449668854,62922.3692523316,62969.596449668854,0.00013343686695675008,8.407323239476996,0.11760209052812684,0.0063018492478315235,-0.12876151547824888,-0.01531539965938777,-26.507361566703697,stop,61
BTC,short,2026-08-16 08:35:00+00:00,2026-08-16 14:20:00+00:00,63006.88,63006.88,63032.66270044046,63079.93719746579,63032.66270044046,0.00013323064223985017,8.394447087929171,0.11760986034705588,0.006298411600251056,-0.1273433176856672,-0.015169947031863603,-37.07179682167945,stop,69
BTC,long,2026-08-16 17:00:00+00:00,2026-08-16 17:30:00+00:00,63186.93,63186.93,63102.3582527637,63055.03148407412,63102.3582527637,0.00013264946969508733,8.381712756160605,0.11718651217252823,0.006277870769054568,-0.13468278036366538,-0.016068646621738833,-12.005527643240066,stop,6
BTC,long,2026-08-17 03:10:00+00:00,2026-08-17 17:20:00+00:00,63321.01,63321.01,64327.29088434231,64327.29088434231,63119.75382313154,0.0001321558907244884,8.368244478124238,0.0843473745141888,0.0,0.04863857207509435,0.005812279051148946,1.8287109774580481,target_R5,170
BTC,long,2026-08-17 20:55:00+00:00,2026-08-18 01:40:00+00:00,64340.59,64340.59,64185.85548849828,64137.71609688191,64185.85548849828,0.00013013726382260014,8.373108335331748,0.11698590360276925,0.006264728707039327,-0.14338735825556856,-0.017124746571177317,-7.120688767468699,stop,57
BTC,long,2026-08-18 07:00:00+00:00,2026-08-18 07:50:00+00:00,64266.41,64266.41,64125.41833630353,64077.324272551305,64125.41833630353,0.00013006436176388552,8.358769599506191,0.1168014345629532,0.006255323706565283,-0.1413947490222282,-0.01691573709970201,-7.710482076741954,stop,10
BTC,long,2026-08-18 12:35:00+00:00,2026-08-18 12:55:00+00:00,64243.48,64243.48,64155.90866858082,64107.79173707939,64155.90866858082,0.00012989069279254433,8.344630124603967,0.11666619996218436,0.006249941567772663,-0.13429084243676004,-0.01609308506566472,-11.806098774557055,stop,4
BTC,long,2026-08-18 15:15:00+00:00,2026-08-19 01:40:00+00:00,64685.0,64685.0,64382.95745204255,64334.67023395352,64382.95745204255,0.00012879649130958167,8.331201040360291,0.11623072336303122,0.006219224264968085,-0.16135196803112467,-0.019367191746959313,-4.14765007984423,stop,125
BTC,long,2026-08-19 12:10:00+00:00,2026-08-19 12:45:00+00:00,64441.88,64441.88,64921.42561595765,64921.42561595765,64345.97087680847,0.00012903201836379042,8.315065843557178,0.0834600421291944,0.0,-0.02158330340467176,-0.002595686409554448,-1.744056316603996,target_R5,7
BTC,long,2026-08-19 13:10:00+00:00,2026-08-19 14:55:00+00:00,64815.37,64815.37,65828.75082618164,65828.75082618164,64612.693834763675,0.0001282551887494696,8.312907513216711,0.08377893187785221,0.0,0.04619241725916718,0.005556710114448615,1.7770230733878842,target_R5,21
BTC,long,2026-08-19 23:30:00+00:00,2026-08-20 09:05:00+00:00,69343.04,69343.04,71802.88220857804,71802.88220857804,68851.07155828438,0.00011994753554131214,8.317526754942628,0.08465052760312346,0.0,0.21040148313631163,0.025296159463662933,3.565498208417911,target_R5,115
BTC,long,2026-08-20 10:00:00+00:00,2026-08-20 13:35:00+00:00,71734.53,71734.53,71146.75379000122,71093.39372465872,71146.75379000122,0.00011624202323840777,8.33856690325626,0.11606919384523276,0.00620268195554691,-0.19059617166244042,-0.02285718563797953,-2.789581206198583,stop,43
BTC,long,2026-08-21 00:45:00+00:00,2026-08-21 07:15:00+00:00,73674.0,73674.0,76223.15648891147,76223.15648891147,73164.1687022177,0.00011292324681828071,8.319507286090014,0.084634367997779,0.0,0.20322465937799247,0.024427487396733037,3.5299337531753485,target_R5,78
BTC,long,2026-08-21 07:30:00+00:00,2026-08-23 05:15:00+00:00,76373.5,76373.5,75705.76833083737,75648.98900458924,75705.76833083737,0.00010919795154114731,8.339829752027814,0.11604558047927835,0.006200186116182097,-0.19516069704717104,-0.023401040890519146,-2.6765532907752028,stop,549
BTC,short,2026-08-23 07:55:00+00:00,2026-08-23 08:35:00+00:00,76018.01,76018.01,76324.38598584072,76381.62927533011,76324.38598584072,0.00010945187439559516,8.320313682323096,0.11684258085378459,0.00626538533118301,-0.15664139210503364,-0.018826380601229705,-4.671201578938617,stop,8
BTC,long,2026-08-23 12:20:00+00:00,2026-08-24 04:50:00+00:00,77076.38,77076.38,76765.46812071577,76707.89401962524,76765.46812071577,0.00010774571331856263,8.304649543112594,0.11590776854034598,0.006203362590674521,-0.1556105533437152,-0.018737762808157244,-4.6451712616328695,stop,198
BTC,long,2026-08-24 12:00:00+00:00,2026-08-24 13:45:00+00:00,78430.25,78430.25,77920.23499584463,77861.79481959774,77920.23499584463,0.00010568739086995414,8.289088487778221,0.11550653192530608,0.006176389749514231,-0.17558507676853036,-0.021182676120229667,-3.257477858970054,stop,21
BTC,long,2026-08-24 14:30:00+00:00,2026-08-24 17:20:00+00:00,79365.18,79365.18,78504.10169190197,78445.22361563305,78504.10169190197,0.00010422114559686463,8.271529980101368,0.11493850954691828,0.006136340559287198,-0.2108174178247909,-0.025487112823377244,-2.3491351226529624,stop,34
BTC,long,2026-08-25 01:20:00+00:00,2026-08-25 09:50:00+00:00,79728.38,79728.38,79209.13618395582,79149.72933181786,79209.13618395582,0.00010348195006996113,8.250448238318889,0.11496735624048945,0.006147536906754642,-0.17484725579326416,-0.021192455336086203,-3.254039971127437,stop,102
BTC,short,2026-08-25 11:40:00+00:00,2026-08-27 08:05:00+00:00,79317.4,79317.4,79695.27528248311,79755.04673894498,79695.27528248311,0.00010379769776542806,8.232963512739563,0.11567032969378721,0.006204139572828153,-0.16109705363082372,-0.019567322675673782,-4.1072523966021235,stop,533
BTC,long,2026-08-27 09:10:00+00:00,2026-08-27 10:25:00+00:00,79794.48,79794.48,79408.58243605075,79349.02599922371,79408.58243605075,0.00010297521592190938,8.216853807376479,0.11462311680605175,0.006132836941804255,-0.16049383871926803,-0.019532273846126925,-4.038811799740462,stop,15
BTC,long,2026-08-27 15:40:00+00:00,2026-08-27 18:15:00+00:00,80463.31,80463.31,79884.04919146118,79824.13615456758,79884.04919146118,0.00010191979951489136,8.200804423504552,0.11422496169742902,0.0061063247085242165,-0.17936943187906368,-0.02187217529111754,-3.0381955673177354,stop,31
BTC,long,2026-08-27 22:35:00+00:00,2026-08-28 02:20:00+00:00,80294.17,80294.17,80023.22437789993,79963.2069596165,80023.22437789993,0.0001019111036369969,8.182867480316647,0.1142565854460562,0.006116441334707703,-0.147985394154595,-0.018084784399914112,-5.3593881376083745,stop,45
BTC,short,2026-08-28 07:35:00+00:00,2026-08-28 14:05:00+00:00,79733.59,79733.59,78637.94015283634,78637.94015283634,79952.71996943273,0.00010244200644798744,8.168068940901186,0.08111948656547249,0.0,0.031121082142403486,0.003810090532728766,1.386356221314286,target_R5,78
BTC,short,2026-08-28 19:15:00+00:00,2026-08-29 14:45:00+00:00,77663.68,77663.68,78101.82009861522,78160.39646368919,78101.82009861522,0.0001052123856236973,8.171181049115427,0.11486688120472574,0.0061629591105968155,-0.16712760532803284,-0.020453298528506508,-3.6255034334517453,stop,234
BTC,long,2026-08-29 16:10:00+00:00,2026-08-30 13:45:00+00:00,77959.01,77959.01,78944.84650708344,78944.84650708344,77761.8426985833,0.00010459943358160429,8.154468288582624,0.08206027258705122,0.0,0.021057667657943896,0.0025823471148238475,1.0210477249600582,target_R5,259
BTC,long,2026-08-30 14:25:00+00:00,2026-08-30 20:40:00+00:00,78836.57,78836.57,78589.26996469058,78530.32801221707,78589.26996469058,0.00010346180783040685,8.156574055348418,0.11390687762767146,0.006098240959963584,-0.1455912273172716,-0.017849556238848183,-5.690245001915137,stop,75
BTC,short,2026-08-31 01:30:00+00:00,2026-08-31 07:15:00+00:00,77763.8,77763.8,78204.43729865001,78263.090626624,78204.43729865001,0.00010470186555462427,8.142014932616691,0.11445869899718691,0.006141112859864618,-0.16673535905865733,-0.020478390231233795,-3.6140323280451723,stop,69
BTC,long,2026-08-31 12:05:00+00:00,2026-08-31 12:20:00+00:00,78495.89,78495.89,78224.94345824188,78166.2747506482,78224.94345824188,0.00010351295331145142,8.125341396710827,0.1134477045226995,0.006072971189987674,-0.147567152439595,-0.018161347964939765,-5.261521932914264,stop,3
BTC,short,2026-08-31 13:35:00+00:00,2026-08-31 14:40:00+00:00,77992.73,77992.73,78407.06356439617,78465.86886206947,78407.06356439617,0.00010399154743611189,8.110584681466866,0.11399100752230501,0.006115253902487817,-0.16319344994107113,-0.02012104630557365,-3.7875167900411233,stop,13
BTC,long,2026-08-31 15:30:00+00:00,2026-09-01 08:25:00+00:00,78441.23,78441.23,77876.53004976259,77818.12265222527,77876.53004976259,0.00010318891399934396,8.094265336472759,0.11274103477592165,0.006026995921403759,-0.17703880529780724,-0.02187212772727753,-3.0382092311562188,stop,203
BTC,short,2026-09-01 13:35:00+00:00,2026-09-01 14:00:00+00:00,77789.82,77789.82,78183.98972653634,78242.62771883124,78183.98972653634,0.00010382542929065752,8.076561455942977,0.11349497698534566,0.0060881147227600674,-0.16050793277912156,-0.019873300494855393,-3.9220172535452553,stop,5
BTC,short,2026-09-01 21:35:00+00:00,2026-09-01 23:30:00+00:00,77008.72,77008.72,77365.59061280024,77423.61480575985,77365.59061280024,0.0001046701031086488,8.060510662665065,0.11323799301619406,0.006073398259878369,-0.15666507511431998,-0.019436122805465212,-4.194099725015766,stop,23
BTC,short,2026-09-02 02:05:00+00:00,2026-09-02 02:25:00+00:00,76943.3,76943.3,77262.23963664098,77320.18631636846,77262.23963664098,0.00010455548637962802,8.044844155153633,0.11298246796121042,0.006058643282991195,-0.15238800007894093,-0.01894231847627765,-4.569781631928128,stop,4
BTC,long,2026-09-02 07:40:00+00:00,2026-09-02 08:00:00+00:00,77560.53,77560.53,77357.52208172425,77299.50394016296,77357.52208172425,0.00010352695314415387,8.02960535514574,0.11217126587804499,0.0060064414229265214,-0.13919449854419702,-0.01733516061969282,-6.623013805167077,stop,4
BTC,long,2026-09-02 20:35:00+00:00,2026-09-02 22:05:00+00:00,77436.0,77436.0,77146.36427492854,77088.50450172233,77146.36427492854,0.0001035136875005336,8.01568590529132,0.11189586781032948,0.00598927848251879,-0.1478664082268863,-0.018447131034572677,-4.931960787781651,stop,18
BTC,short,2026-09-02 23:20:00+00:00,2026-09-02 23:55:00+00:00,77122.25,77122.25,77320.3849127009,77378.37520138542,77320.3849127009,0.00010374307368455448,8.000899264468632,0.11225173064331903,0.006016090791987052,-0.1388229462831185,-0.01735091790239384,-6.753690250531016,stop,7
BTC,short,2026-09-03 00:50:00+00:00,2026-09-03 01:05:00+00:00,77050.01,77050.01,77262.71296728452,77320.66000200999,77262.71296728452,0.00010366016785514137,7.987016969840321,0.11207073819950963,0.006006799346349746,-0.14012636283785976,-0.017544267574112996,-6.355275665806086,stop,3
BTC,long,2026-09-03 03:50:00+00:00,2026-09-03 05:20:00+00:00,77655.07,77655.07,77382.09585276885,77324.05928087927,77382.09585276885,0.00010267203845874499,7.973004333556535,0.11131619076223709,0.0059587331410604,-0.14530173604605806,-0.01822421385556215,-5.184383272201368,stop,18
BTC,long,2026-09-03 07:15:00+00:00,2026-09-03 07:45:00+00:00,78025.38,78025.38,77717.67509397936,77659.38683765887,77717.67509397936,0.00010199853124652424,7.958474159951928,0.11108266135428138,0.0059453165336110355,-0.14841342635934832,-0.01864847750667884,-4.728733651657895,stop,6
BTC,long,2026-09-03 13:15:00+00:00,2026-09-03 14:45:00+00:00,78525.67,78525.67,80375.72325138998,80375.72325138998,78155.659349722,0.00010115969487832441,7.943632817315993,0.08037208228525625,0.0,0.10677874013400629,0.013442053854911797,2.852745682698535,target_R5,18
BTC,long,2026-09-03 16:50:00+00:00,2026-09-04 12:30:00+00:00,81006.56,81006.56,80389.77314704812,80329.48081718784,80389.77314704812,9.8193414105344e-05,7.954310691329394,0.11076198722939168,0.005920309713346829,-0.17724670380937385,-0.022283100407755236,-2.9265820137506915,stop,236
BTC,short,2026-09-05 03:00:00+00:00,2026-09-05 06:35:00+00:00,79584.5,79584.5,79709.5308953769,79769.31304354843,79709.5308953769,9.972527340057998e-05,7.936586020948457,0.11127807907494115,0.005961791070880449,-0.12970861037080209,-0.016343124112614522,-10.402703723904489,stop,43
BTC,short,2026-09-05 10:30:00+00:00,2026-09-05 12:35:00+00:00,79615.45,79615.45,79693.75243597147,79753.52275029845,79693.75243597147,9.95235869408686e-05,7.923615159911377,0.1110542856970757,0.00594855607440379,-0.12479578106556853,-0.01574985389206665,-16.013955242821744,stop,25
BTC,long,2026-09-06 00:40:00+00:00,2026-09-06 06:40:00+00:00,79909.86,79909.86,79776.26839062969,79716.43618933672,79776.26839062969,9.90007438607053e-05,7.91113558180482,0.11058355623504314,0.005923432434827597,-0.12973265737108047,-0.016398740235151386,-9.809156746774862,stop,72
BTC,short,2026-09-06 15:10:00+00:00,2026-09-06 16:30:00+00:00,79520.44,79520.44,79776.55796764493,79836.39038612066,79776.55796764493,9.932241718063571e-05,7.898162316067712,0.1108567010294759,0.005942700428773489,-0.14223765708813513,-0.018008955931276875,-5.591486270034541,stop,16
BTC,long,2026-09-06 21:00:00+00:00,2026-09-06 22:05:00+00:00,79909.85,79909.85,79799.50037559145,79739.65075030975,79799.50037559145,9.866040982881206e-05,7.883938550358899,0.1102240123554816,0.0059047885583932095,-0.1270159400824783,-0.01611072172508196,-11.666603881464944,stop,13
BTC,long,2026-09-07 00:10:00+00:00,2026-09-07 00:20:00+00:00,80383.2,80383.2,80063.75160585924,80003.70379215485,80063.75160585924,9.792141836043664e-05,7.87123695635065,0.10986287012649766,0.00587996708737786,-0.1470236770611018,-0.01867859878649449,-4.700119235262113,stop,2
BTC,short,2026-09-07 10:25:00+00:00,2026-09-07 12:50:00+00:00,79387.42,79387.42,79568.07151121135,79627.74756484476,79568.07151121135,9.896447810804961e-05,7.856534588644539,0.11020553926929211,0.005905809503377812,-0.1339894312991322,-0.01705452063977344,-7.494619800574666,stop,29
BTC,short,2026-09-07 15:25:00+00:00,2026-09-07 19:30:00+00:00,79094.63,79094.63,79367.43252512498,79426.95809951883,79367.43252512498,9.916141772854396e-05,7.843135645514625,0.11010048616669862,0.005902640347999773,-0.14305461166601796,-0.018239466730099053,-5.288235040176333,stop,49
BTC,short,2026-09-07 22:55:00+00:00,2026-09-07 23:05:00+00:00,78914.06,78914.06,79130.91817873446,79190.26636736852,79130.91817873446,9.920703844597557e-05,7.828830184348023,0.10985023712223128,0.005887758031518164,-0.1372518528287832,-0.017531591514551848,-6.379695120325182,stop,2
BTC,short,2026-09-08 08:05:00+00:00,2026-09-08 09:35:00+00:00,78321.21,78321.21,78622.8764204974,78681.84357781278,78622.8764204974,9.97827408318276e-05,7.815104999065145,0.10973533504838334,0.005883904575989723,-0.14572034187852956,-0.01864598644496278,-4.841030094119154,stop,18
BTC,short,2026-09-08 19:10:00+00:00,2026-09-09 00:45:00+00:00,78433.63,78433.63,78738.74741563447,78797.8014761962,78738.74741563447,9.945393276936553e-05,7.800532964877291,0.10953342607787331,0.005873158568864134,-0.14575171158800998,-0.018684840156983143,-4.803134021158843,stop,67
BTC,long,2026-09-09 04:15:00+00:00,2026-09-09 15:00:00+00:00,78823.49,78823.49,78597.8415287462,78538.89314759964,78597.8415287462,9.877712587603633e-05,7.785957793718492,0.10875040418003759,0.005822751664702481,-0.1368620632935126,-0.01757806385797896,-6.140366619946182,stop,129
BTC,short,2026-09-10 01:50:00+00:00,2026-09-10 03:00:00+00:00,78063.46,78063.46,78380.20333512517,78438.98848762651,78380.20333512517,9.956350368519587e-05,7.772271587389141,0.10914830261110325,0.005852855747701899,-0.146537234572801,-0.01885384895846463,-4.646653996471734,stop,14
BTC,short,2026-09-10 08:35:00+00:00,2026-09-10 12:45:00+00:00,78084.88,78084.88,76967.13769259138,76967.13769259138,78308.42846148173,9.934852770385072e-05,7.75761786393186,0.07702094837635184,0.0,0.03402510421700001,0.004386024784128097,1.532026732260316,target_R5,50
BTC,short,2026-09-10 14:40:00+00:00,2026-09-11 12:45:00+00:00,77217.22,77217.22,77704.97483374494,77763.25356487025,77704.97483374494,0.00010050893277890035,7.76102037435356,0.10914821649874892,0.005857533069112894,-0.16402946736531576,-0.021135038880628926,-3.345920602003682,stop,265
BTC,long,2026-09-11 14:15:00+00:00,2026-09-11 15:50:00+00:00,79025.32,79025.32,78033.40263162111,77974.8775796474,78033.40263162111,9.800172182304391e-05,7.744617427617029,0.1074981374938037,0.005735555863207348,-0.21044330336432554,-0.02717284686185947,-2.1648405270681654,stop,19
BTC,short,2026-09-11 19:50:00+00:00,2026-09-14 02:25:00+00:00,77286.27,77286.27,77620.29776760246,77678.51299092817,77620.29776760246,9.993460801356561e-05,7.723573097280596,0.1084828112078286,0.005817715523476759,-0.1476814607523032,-0.019120873058649575,-4.42412607925848,stop,655
BTC,long,2026-09-14 04:45:00+00:00,2026-09-14 06:30:00+00:00,77597.89,77597.89,77347.41038236163,77289.39982457485,77347.41038236163,9.934297119683751e-05,7.708804951205366,0.10764745234136919,0.005762941171324546,-0.138293782953137,-0.017939717482605793,-5.557674660203908,stop,21
BTC,long,2026-09-14 09:10:00+00:00,2026-09-14 13:05:00+00:00,77776.35,77776.35,77524.02845861322,77465.88543726926,77524.02845861322,9.89372164277451e-05,7.694975572910053,0.10745320952401641,0.005752508686470358,-0.1381697091600536,-0.01795583466781574,-5.534760425093452,stop,47
BTC,long,2026-09-14 19:35:00+00:00,2026-09-14 21:00:00+00:00,79145.28,79145.28,78803.95015612913,78744.84719351203,78803.95015612913,9.705137946310947e-05,7.681158601994048,0.1071864574216492,0.005736024052345466,-0.14604901367359072,-0.019013930220849237,-4.408822897416702,stop,17
BTC,short,2026-09-15 03:40:00+00:00,2026-09-15 08:05:00+00:00,77795.12,77795.12,76777.3545157423,76777.3545157423,77998.67309685153,9.854800276195589e-05,7.6665537006266895,0.07616404322749865,0.0,0.024134712526151417,0.0031480523672818683,1.2031411728292107,target_R5,53
BTC,short,2026-09-15 09:05:00+00:00,2026-09-15 11:05:00+00:00,76909.8,76909.8,77145.28468691335,77203.14365042854,77145.28468691335,9.971378383352063e-05,7.668967171879306,0.10762879405444017,0.005769336180784963,-0.1368791994022069,-0.0178484529056426,-5.829342711305558,stop,24
BTC,short,2026-09-15 14:05:00+00:00,2026-09-15 17:30:00+00:00,76381.8,76381.8,76883.10909036934,76940.77142218711,76883.10909036934,0.00010022386552737803,7.655279251939084,0.10767811001700553,0.005779141790099585,-0.1637003866679338,-0.021383986302846946,-3.2581642670461717,stop,41
BTC,short,2026-09-15 20:30:00+00:00,2026-09-16 18:05:00+00:00,75673.68,75673.68,76279.36847766934,76336.5780040276,76279.36847766934,0.00010094539096383696,7.6389092132722896,0.10754697746948347,0.005775038005090452,-0.1744634756551975,-0.02283879422890305,-2.853439795840647,stop,259
BTC,long,2026-09-16 21:50:00+00:00,2026-09-18 05:00:00+00:00,75901.82,75901.82,77590.80276556037,77590.80276556037,75564.02344688794,0.00010041212273574954,7.62146286570677,0.07706260038083776,0.0,0.09253174437317466,0.012140942756478786,2.7280315421893055,target_R5,374
BTC,long,2026-09-18 05:10:00+00:00,2026-09-18 13:40:00+00:00,77410.0,77410.0,78942.06142684736,78942.06142684736,77103.58771463053,9.857532670383784e-05,7.630716040144087,0.07706227767985,0.0,0.0739611780019763,0.00969256064737271,2.4486652642155295,target_R5,102
BTC,long,2026-09-18 19:45:00+00:00,2026-09-18 23:40:00+00:00,81240.54,81240.54,80849.11434162334,80788.47750586712,80849.11434162334,9.401848089567457e-05,7.638112157944285,0.10655105015050544,0.005700983184120035,-0.1490532791187878,-0.019514413514307948,-4.050223734081683,stop,47
BTC,long,2026-09-19 01:25:00+00:00,2026-09-19 04:35:00+00:00,81287.22,81287.22,80946.99348735217,80886.28324223665,80946.99348735217,9.378112365058623e-05,7.623206830032406,0.10638649292355085,0.005693475004036206,-0.14398679257942099,-0.018887955658263164,-4.512727109344143,stop,38
BTC,long,2026-09-19 12:05:00+00:00,2026-09-19 20:50:00+00:00,81292.33,81292.33,81142.26080712293,81081.4041115176,81142.26080712293,9.359810637454315e-05,7.608808150774465,0.10634563373711661,0.005696071468871812,-0.1260878974844381,-0.016571307225245812,-8.976660363526989,stop,105
BTC,short,2026-09-19 22:50:00+00:00,2026-09-20 02:55:00+00:00,81183.86,81183.86,80234.60470151674,80234.60470151674,81373.71105969665,9.35678515535726e-05,7.596199361026021,0.07551789471598559,0.0,0.013301884138938166,0.001751123622055843,0.7488131759855632,target_R5,49
BTC,short,2026-09-20 07:55:00+00:00,2026-09-20 09:35:00+00:00,80299.99,80299.99,80493.10082513385,80553.4706507527,80493.10082513385,9.461432746678942e-05,7.5975295494399155,0.10658125980383011,0.0057118504502149305,-0.1305641611006405,-0.017185081051809218,-7.145957952657607,stop,20
BTC,long,2026-09-20 18:00:00+00:00,2026-09-20 21:00:00+00:00,81129.33,81129.33,80774.93585315978,80714.35465126991,80774.93585315978,9.348620447537101e-05,7.584473133329851,0.10583347363388534,0.005663506627240336,-0.14462794393750505,-0.019068950656828062,-4.365340693081533,stop,36
BTC,long,2026-09-21 06:05:00+00:00,2026-09-21 08:35:00+00:00,81639.0,81639.0,82950.20399039653,82950.20399039653,81376.7592019207,9.272541725077598e-05,7.5700103389361,0.076308013074913,0.0,0.045273924035488085,0.005980695138898706,1.8618688397100307,target_R5,30
BTC,long,2026-09-21 10:45:00+00:00,2026-09-21 20:25:00+00:00,84241.51,84241.51,87348.93212421748,87348.93212421748,83620.0255751565,8.991455318571155e-05,7.5745377313396505,0.07714238967268855,0.0,0.20226008218572106,0.026702630491742083,3.6195113242988537,target_R5,116
BTC,long,2026-09-21 20:55:00+00:00,2026-09-21 22:25:00+00:00,86929.5,86929.5,86426.75383970045,86361.93377432067,86426.75383970045,8.73669322791253e-05,7.594763739558222,0.1058804136737895,0.005663130262363979,-0.15546693367663422,-0.020470279130194186,-3.5395021785705345,stop,18
BTC,long,2026-09-22 09:10:00+00:00,2026-09-23 12:15:00+00:00,85823.4,85823.4,85329.96500627362,85265.96753251892,85329.96500627362,8.83117779788561e-05,7.579217046190559,0.10566598797591026,0.005651730693432894,-0.15489384028230513,-0.020436654516993592,-3.5545577382506446,stop,325
BTC,short,2026-09-24 10:55:00+00:00,2026-09-24 13:20:00+00:00,83466.38,83466.38,83889.91082303293,83952.82825615021,83889.91082303293,9.062005159637123e-05,7.563727662162328,0.10628892496491425,0.005701581035399467,-0.15037089103621093,-0.019880526871484783,-3.9179099140242837,stop,29
BTC,long,2026-09-25 00:25:00+00:00,2026-09-25 01:30:00+00:00,84597.12,84597.12,84354.47494873896,84291.20909252741,84354.47494873896,8.923105861119984e-05,7.548690573058706,0.10543599723579145,0.0056452793237009085,-0.13273275135028306,-0.017583546452944642,-6.130425415950875,stop,13
BTC,short,2026-09-25 14:25:00+00:00,2026-09-26 08:35:00+00:00,83597.81,83597.81,84296.35539387805,84359.57766042347,84296.35539387805,9.013893184431121e-05,7.535417297923678,0.10611382647994849,0.005698787575180253,-0.17477874970406032,-0.023194302690073866,-2.775757919757713,stop,218
BTC,short,2026-09-26 14:05:00+00:00,2026-09-26 15:20:00+00:00,83916.23,83916.23,84058.97690365036,84122.0211363281,84058.97690365036,8.958862216466675e-05,7.5179394229532726,0.10541708082056184,0.005648045941027483,-0.12385362517789758,-0.016474411166410297,-9.68476682297242,stop,15
BTC,long,2026-09-26 15:55:00+00:00,2026-09-26 18:40:00+00:00,84143.72,84143.72,84014.73960475008,83951.72855004652,84014.73960475008,8.919921843763839e-05,7.5055540604354825,0.10492362746055371,0.005620536832488681,-0.12204911474311299,-0.016261173227234277,-10.608399859937165,stop,33
BTC,long,2026-09-26 22:25:00+00:00,2026-09-27 13:30:00+00:00,84295.95,84295.95,85157.30082569672,85157.30082569672,84123.67983486065,8.889334717695417e-05,7.49334914896117,0.07531633327956078,0.0,0.0012520247102537144,0.0001670847955119357,0.08175862347866106,target_R5,181
BTC,short,2026-09-27 17:40:00+00:00,2026-09-27 18:20:00+00:00,84468.05,84468.05,84669.1207941333,84732.6226347289,84669.1207941333,8.871371307177323e-05,7.493474351432195,0.10511988190728658,0.0056334840661281665,-0.12859110271126944,-0.017160411403382248,-7.208936010271825,stop,8
BTC,short,2026-09-27 23:40:00+00:00,2026-09-28 00:15:00+00:00,84399.7,84399.7,84668.4340887835,84731.93541435008,84668.4340887835,8.863319705118702e-05,7.480615241161068,0.10499363715878221,0.0056283255019545795,-0.13444072410625607,-0.017971880623737238,-5.644320524967793,stop,7
BTC,short,2026-09-28 00:55:00+00:00,2026-09-28 23:55:00+00:00,84338.39,84338.39,83456.74,83477.60418500002,84786.24190707486,8.853822285142558e-05,7.467171168750443,0.10385448434566388,0.0018472778611445303,-0.027642038029849554,-0.0037018085437132376,-0.6971156485727185,data_end,276
