coin,side,entry_time,exit_time,entry_ref,entry_fill,exit_ref,exit_fill,stop0,qty,notional,fees,slippage,pnl,ret,r_mult,exit_type,bars
BTC,long,2025-09-29 17:10:00+00:00,2025-09-30 04:30:00+00:00,113850.02,113850.02,114238.8,114210.2403,113435.44755706568,0.00017566971002727974,20.0,0.014031639897823469,0.005017074217465746,0.04924815574911639,0.0024624077874558195,0.6762272327261568,15m_opposite,136
BTC,short,2025-09-30 11:55:00+00:00,2025-09-30 12:45:00+00:00,113090.85,113090.85,113283.99,113312.31099750001,113384.80651112103,0.00017689251443043282,20.004924815574913,0.014023034767250463,0.005009772458954124,-0.05319782746329828,-0.0026592365606833424,-1.0230605944120077,15m_opposite,10
BTC,long,2025-10-01 00:30:00+00:00,2025-10-02 05:45:00+00:00,114034.26,114034.26,118536.04,118506.40599,113743.1652762963,0.00017538242483292814,19.999605032828583,0.014391891426946538,0.005197284531322242,0.7699439165061102,0.03849795609674675,15.0812968340634,15m_opposite,351
BTC,long,2025-10-02 12:05:00+00:00,2025-10-02 15:00:00+00:00,118946.57,118946.57,118899.17,118869.4452075,118720.13035790726,0.0001687867033448648,20.0765994244792,0.01404711077739932,0.005017149733684727,-0.027064750249632112,-0.0013480744262214213,-0.7081305535630373,15m_opposite,35
BTC,long,2025-10-02 17:35:00+00:00,2025-10-02 21:45:00+00:00,119604.62,119604.62,120333.56,120303.47661,119095.83135960548,0.00016783543101808472,20.073892949454233,0.014110371514797559,0.0050490587271351025,0.10318252884439041,0.005140135453755906,1.2083287614642846,15m_opposite,50
BTC,long,2025-10-02 23:55:00+00:00,2025-10-03 00:10:00+00:00,120644.02,120644.02,120265.25633396163,120175.05739171116,120265.25633396163,0.00016647498319716697,20.084211202338675,0.014019912570469582,0.015015867395549274,-0.09209045490545426,-0.004585216415904396,-1.4604857608719417,stop,3
BTC,long,2025-10-03 17:10:00+00:00,2025-10-03 17:50:00+00:00,122815.99,122815.99,121686.25941916075,121594.99472459637,121686.25941916075,0.00016345593238183503,20.07500215684813,0.013952712049206232,0.014917755743563988,-0.2135316332241228,-0.010636692915685758,-1.1563429307149193,stop,8
BTC,long,2025-10-04 06:35:00+00:00,2025-10-04 07:30:00+00:00,122624.0,122624.0,122442.0,122411.3895,122374.19722913542,0.00016353771687047978,20.053648993525712,0.014020169377591653,0.005005971282263041,-0.04879000513028201,-0.0024329739263928367,-1.1943061869066514,15m_opposite,11
BTC,long,2025-10-05 00:00:00+00:00,2025-10-05 00:50:00+00:00,122458.55,122458.55,122300.78876661179,122209.06317503683,122300.78876661179,0.0001637188256190579,20.048769993012684,0.014013716150113681,0.015017206131865087,-0.05485940614051118,-0.0027362978456848255,-2.123988633672295,stop,10
BTC,long,2025-10-05 03:25:00+00:00,2025-10-05 07:30:00+00:00,123649.41,123649.41,124769.02,124737.827745,123009.47203382455,0.00016209769260038226,20.043284052398633,0.014118513839203949,0.00505619256250302,0.1623114912106071,0.008098048742226095,1.5647125222337093,15m_opposite,49
BTC,short,2025-10-05 16:00:00+00:00,2025-10-05 16:05:00+00:00,122835.87,122835.87,123130.0171000006,123222.3646128256,123130.0171000006,0.00016330339990688138,20.05951520151969,0.014073218583223841,0.015080662817266714,-0.07718910290333773,-0.0038480044072794917,-1.6069271773580251,stop,1
BTC,short,2025-10-05 19:30:00+00:00,2025-10-05 22:20:00+00:00,122869.07,122869.07,123239.8267454641,123332.2566155232,123239.8267454641,0.0001631964520544459,20.05179629122936,0.014074052610006795,0.015084226857498993,-0.08966446490249949,-0.004471642520212449,-1.48190576315264,stop,34
BTC,long,2025-10-06 00:15:00+00:00,2025-10-06 00:50:00+00:00,123569.48,123569.48,123275.56019277543,123183.10352263084,123275.56019277543,0.00016219886856155025,20.04282984473911,0.013998645977583341,0.01499636728842054,-0.07666847344565705,-0.0038252319677194277,-1.6082003101251465,stop,7
BTC,long,2025-10-06 03:15:00+00:00,2025-10-06 05:00:00+00:00,124065.33,124065.33,123534.55024612139,123441.8993334368,123534.55024612139,0.00016148881397723717,20.035162997394544,0.013974275558706013,0.014962086003343351,-0.11465135449903606,-0.005722506700541733,-1.3375880994742877,stop,21
BTC,long,2025-10-06 07:10:00+00:00,2025-10-06 07:40:00+00:00,123954.02,123954.02,123589.61986895897,123496.92765405725,123589.61986895897,0.0001615413349397191,20.02369786194464,0.01397966884948409,0.014973624133743032,-0.08781897660380507,-0.004385752182702799,-1.491853507891749,stop,6
BTC,long,2025-10-06 10:15:00+00:00,2025-10-06 11:15:00+00:00,124003.89,124003.89,123790.0,123759.0525,123702.6863779351,0.00016140554916691937,20.01491596428426,0.013990682109426906,0.004995098232842392,-0.05350881325358158,-0.0026734468108217746,-1.1006434848866449,15m_opposite,12
BTC,long,2025-10-06 14:20:00+00:00,2025-10-06 21:30:00+00:00,125040.02,125040.02,124850.33,124819.1174175,124369.40399586057,0.00016002528696779558,20.0095650829589,0.013989020558492986,0.004994802471567957,-0.04933901971498246,-0.0024657717201960537,-0.45975661676073576,15m_opposite,86
BTC,short,2025-10-07 02:55:00+00:00,2025-10-07 12:00:00+00:00,124476.25,124476.25,124552.12,124583.25803000001,124837.50774908866,0.00016071042613339815,20.004631180987403,0.014011840479741682,0.005004206070257178,-0.031209146580739026,-0.001560096074672974,-0.5375522310729772,15m_opposite,109
BTC,long,2025-10-07 13:10:00+00:00,2025-10-07 13:35:00+00:00,124919.45,124919.45,124555.88005925265,124462.46314920821,124555.88005925265,0.00016011526040443926,20.00151026632933,0.013964471902122565,0.014957472877943823,-0.08713504051805392,-0.004356423057949659,-1.4968288391712021,stop,5
BTC,short,2025-10-07 15:30:00+00:00,2025-10-07 20:30:00+00:00,122164.03,122164.03,122262.06,122292.625515,123042.24891800448,0.0001636553473414189,19.99279676227752,0.014005480405431201,0.005002209973995877,-0.03505082407930618,-0.0017531726299264041,-0.2438738557854836,15m_opposite,60
BTC,short,2025-10-08 04:40:00+00:00,2025-10-08 08:30:00+00:00,121701.4,121701.4,121954.0,121984.4885,122151.14985823834,0.00016424865843671146,19.989291679869595,0.014015752629080648,0.005007695222748787,-0.06051265897294371,-0.003027253788781498,-0.819168739025529,15m_opposite,46
BTC,long,2025-10-08 11:10:00+00:00,2025-10-08 12:25:00+00:00,123103.35,123103.35,122699.03378062927,122607.0095052938,122699.03378062927,0.00016232897328929144,19.983240413972297,0.013947983068326831,0.0149382061328977,-0.09451842597588458,-0.004729884844391765,-1.4401219678128843,stop,15
BTC,long,2025-10-08 14:20:00+00:00,2025-10-08 14:35:00+00:00,123118.08,123118.08,122345.94813690968,122254.18867580699,122345.94813690968,0.00016223278150028582,19.97378857137471,0.0139115762537434,0.014886392603656205,-0.15406306869154107,-0.0077132622156787746,-1.229896187330149,stop,3
BTC,long,2025-10-08 16:45:00+00:00,2025-10-08 21:00:00+00:00,122743.83,122743.83,122886.24,122855.51844000001,122167.04583687481,0.00016260191868304542,19.958382264505552,0.013979947962473245,0.004995384600934814,0.004180806676245008,0.00020947623012914485,0.04457805263011656,15m_opposite,51
BTC,short,2025-10-09 03:15:00+00:00,2025-10-09 04:30:00+00:00,121842.54,121842.54,122265.54,122296.106385,122312.20984572142,0.00016380814406177985,19.958800345173174,0.014008309175489054,0.005007022797529926,-0.08830617691115185,-0.004424423080744318,-1.147791264658412,15m_opposite,15
BTC,short,2025-10-09 05:35:00+00:00,2025-10-09 10:40:00+00:00,122007.94,122007.94,122350.69479623805,122442.45781733523,122350.69479623805,0.00016351370023526387,19.94996972748206,0.014000503617302762,0.015004511124367109,-0.0850501197479371,-0.004263170366157317,-1.5175298491889058,stop,61
BTC,short,2025-10-09 17:30:00+00:00,2025-10-09 18:00:00+00:00,120327.49,120327.49,121126.9295946177,121217.77479181367,121126.9295946177,0.00016572659095197002,19.941464715507266,0.014032797232616918,0.015055464835648074,-0.16157666075628058,-0.00810254728333131,-1.2195532767873678,stop,6
BTC,long,2025-10-10 01:55:00+00:00,2025-10-10 02:05:00+00:00,121709.12,121709.12,121418.73883262015,121327.67477849568,121418.73883262015,0.00016371252252445534,19.925307049431638,0.01391649125489346,0.014908326012019656,-0.07636385067226414,-0.0038325055911468324,-1.606339994781395,stop,2
BTC,short,2025-10-10 03:05:00+00:00,2025-10-10 03:20:00+00:00,120999.94,120999.94,121388.6038411916,121479.64529407248,121388.6038411916,0.00016460893009008444,19.91767066436441,0.013981851352663,0.014986236152570232,-0.09294562656848365,-0.004666490782718724,-1.4527852732283804,stop,3
BTC,short,2025-10-10 19:30:00+00:00,2025-10-10 19:40:00+00:00,116054.15,116054.15,116900.747737443,116988.42329824608,116900.747737443,0.00017154385346588265,19.908376101707564,0.014015997692081002,0.015040203554942616,-0.1742848394634947,-0.00875434734471116,-1.2000721180330411,stop,2
BTC,short,2025-10-11 09:15:00+00:00,2025-10-11 11:25:00+00:00,111661.39,111661.39,112431.82997411708,112516.15384659766,112431.82997411708,0.00017813630671945974,19.890947617761213,0.013999795569807965,0.015021143211974123,-0.16626427032003455,-0.008358790818571774,-1.2114560937606893,stop,26
BTC,short,2025-10-12 00:40:00+00:00,2025-10-12 02:30:00+00:00,110102.69,110102.69,110700.72849304376,110783.75403941354,110700.72849304376,0.0001805071355725206,19.87432119072921,0.013973493292958442,0.014986703554553036,-0.13691041218894695,-0.006888809478072221,-1.2682736366566136,stop,22
BTC,long,2025-10-12 10:50:00+00:00,2025-10-12 13:55:00+00:00,111725.47,111725.47,111332.36645619849,111248.86718135634,111332.36645619849,0.00017776278004926103,19.860630149510314,0.013860079983646514,0.014843063228037913,-0.09858232200505723,-0.004963705645940337,-1.410753871286286,stop,37
BTC,long,2025-10-12 16:35:00+00:00,2025-10-13 03:45:00+00:00,113748.19,113748.19,114960.07,114931.32998250001,112712.82727841476,0.00017451505749067133,19.850771917309807,0.013998778213149616,0.005015565806294173,0.19247696385235177,0.009696195425252583,1.0652543852651664,15m_opposite,134
BTC,long,2025-10-13 07:55:00+00:00,2025-10-13 10:40:00+00:00,115322.12,115322.12,114832.48947188514,114746.36510478123,114832.48947188514,0.00017230015901281595,19.870019613695042,0.01385941239958723,0.014839242146882162,-0.11306207239818754,-0.005690083583020804,-1.340178898357482,stop,33
BTC,short,2025-10-13 15:55:00+00:00,2025-10-13 18:20:00+00:00,114453.69,114453.69,115297.34649750806,115383.8195073812,115297.34649750806,0.00017350872135669216,19.858713406455223,0.013981792175279577,0.015003821374952778,-0.17536737369712027,-0.008830752028483164,-1.1980138339718456,stop,29
BTC,short,2025-10-14 03:20:00+00:00,2025-10-14 14:15:00+00:00,113431.22,113431.22,111756.51,111784.4491275,113939.87459935386,0.00017491812808753633,19.841176669085513,0.013744798629156469,0.004887059882700567,0.27430527977762204,0.013825051021546337,3.083020198634416,15m_opposite,131
BTC,long,2025-10-15 02:50:00+00:00,2025-10-15 03:05:00+00:00,113103.35,113103.35,112555.6950886665,112471.27831734999,112555.6950886665,0.00017566771627067874,19.868607197063273,0.013852507743439045,0.01482930143211509,-0.12488709675393217,-0.006285649291631846,-1.2981313179089788,stop,3
BTC,long,2025-10-15 09:05:00+00:00,2025-10-15 09:20:00+00:00,113059.6,113059.6,112584.07520322182,112499.6371468194,112584.07520322182,0.0001756252320668734,19.85611848738788,0.01385011113815218,0.014829453250950355,-0.11219371717682508,-0.0056503347946925166,-1.3434096309639953,stop,3
BTC,short,2025-10-15 11:50:00+00:00,2025-10-16 03:30:00+00:00,112078.02,112078.02,111776.02,111803.96400500002,112577.50353714003,0.0001770632557183844,19.844899115670202,0.013867166757607224,0.004947856503112957,0.03465807996623191,0.0017464477780521806,0.39188160258145666,15m_opposite,188
BTC,short,2025-10-16 05:20:00+00:00,2025-10-16 06:30:00+00:00,111102.65,111102.65,111538.80171879778,111622.45582008688,111538.80171879778,0.00017864888842585502,19.84836492366682,0.013940286812544682,0.014944712207560834,-0.10680301876835642,-0.005380947961159586,-1.370710127303433,stop,14
BTC,short,2025-10-16 09:00:00+00:00,2025-10-16 09:40:00+00:00,110845.0,110845.0,111319.99944668371,111403.48944626872,111319.99944668371,0.00017896778945184708,19.83768462178999,0.013936355046068442,0.014942020667065535,-0.11388797667696784,-0.005740991393313698,-1.339707225839348,stop,8
BTC,long,2025-10-16 12:20:00+00:00,2025-10-16 13:20:00+00:00,111591.52,111591.52,110984.44430208021,110901.20596885365,110984.44430208021,0.00017766848076020735,19.826295824122294,0.013817083554304992,0.014788828205374789,-0.1364641287155315,-0.006882986611624047,-1.2652177327517724,stop,12
BTC,short,2025-10-16 23:55:00+00:00,2025-10-17 00:25:00+00:00,108067.06,108067.06,108517.25943127608,108598.64737584954,108517.25943127608,0.00018333661905164014,19.81264941125074,0.01391758430398491,0.014921390589661127,-0.11137701652277374,-0.005621510491147519,-1.3494022189577703,stop,6
BTC,short,2025-10-17 08:40:00+00:00,2025-10-17 11:15:00+00:00,105306.59,105306.59,105783.94,105810.38598500002,106243.27306423703,0.00018803677632708894,19.80151170959846,0.01390842428319189,0.004972817766196998,-0.10864059722912589,-0.005486479962863852,-0.6168174893427053,15m_opposite,31
BTC,long,2025-10-18 02:25:00+00:00,2025-10-18 02:45:00+00:00,106974.47,106974.47,106628.48517196527,106548.51380808628,106628.48517196527,0.00018500346531163508,19.79064764987555,0.013814051669125391,0.014794979443309677,-0.09261742324411137,-0.004679858127063052,-1.4469575029096398,stop,4
BTC,long,2025-10-18 07:30:00+00:00,2025-10-18 07:55:00+00:00,107119.11,107119.11,106773.81583655631,106693.73547467889,106773.81583655631,0.00018466719810826602,19.78138590755114,0.013807693774416957,0.014788216051399624,-0.09236041551209984,-0.004669056856973966,-1.4484612484335155,stop,5
BTC,long,2025-10-18 12:55:00+00:00,2025-10-18 14:05:00+00:00,107084.67,107084.67,106810.50964927005,106730.4017670331,106810.50964927005,0.00018464033989178778,19.77214986599993,0.013807798802726014,0.014791146604243603,-0.07922000575059826,-0.004006646029262833,-1.564961405644858,stop,14
BTC,short,2025-10-18 17:00:00+00:00,2025-10-18 17:25:00+00:00,106685.32,106685.32,106987.61437895156,107067.85508973578,106987.61437895156,0.00018525723937862177,19.764227865424868,0.013870393203142359,0.014865172565662164,-0.08473778789304467,-0.004287432247291745,-1.5131147422160331,stop,5
BTC,long,2025-10-18 20:20:00+00:00,2025-10-19 00:40:00+00:00,107070.31,107070.31,106819.09989115963,106738.98556624126,106819.09989115963,0.0001845119724285431,19.755754086635562,0.013798461198251595,0.014782052110468897,-0.0749317859848466,-0.003792909430652242,-1.6166068730932883,stop,52
BTC,long,2025-10-19 04:25:00+00:00,2025-10-19 05:50:00+00:00,107081.83,107081.83,106835.91524499364,106755.78830855989,106835.91524499364,0.00018442214620386185,19.74826090803708,0.013793717981382294,0.014777181585852495,-0.07392302646870541,-0.003743267663565275,-1.6299792649042961,stop,17
BTC,short,2025-10-19 09:25:00+00:00,2025-10-19 09:40:00+00:00,106271.76,106271.76,106683.84711686232,106763.86000219997,106683.84711686232,0.00018575836709009246,19.740868605390204,0.013864313870199992,0.014863062926489003,-0.10527600672389899,-0.005332896380007999,-1.3752827036095334,stop,3
BTC,long,2025-10-19 14:45:00+00:00,2025-10-19 21:15:00+00:00,108286.95,108286.95,108819.11,108791.9052225,107819.7742337412,0.00018220423610340686,19.730341004717815,0.013857241193593491,0.004956825702749839,0.0781477393884463,0.003960790103412811,0.9180739046536247,15m_opposite,78
BTC,long,2025-10-20 08:45:00+00:00,2025-10-20 09:15:00+00:00,111330.63,111330.63,110872.43630343559,110789.28197620802,110872.43630343559,0.00017729312929116328,19.73815577865666,0.01376872040247283,0.014742690888277968,-0.10974600557614125,-0.0055600942057014375,-1.350976225603904,stop,6
BTC,long,2025-10-20 20:05:00+00:00,2025-10-21 00:05:00+00:00,110879.05,110879.05,110369.8388073464,110287.0614282409,110369.8388073464,0.0001779162175189907,19.727181178099045,0.013756364640918405,0.014727438186587491,-0.11908073214276878,-0.00603637849055552,-1.3144014156195825,stop,48
BTC,short,2025-10-21 05:50:00+00:00,2025-10-21 10:45:00+00:00,107697.06,107697.06,108354.4128594024,108435.67866904695,108354.4128594024,0.00018306231483835092,19.71527310488477,0.013868297795088618,0.014876707230744485,-0.1490815411336447,-0.00756172842955482,-1.238871800332361,stop,59
BTC,short,2025-10-21 23:30:00+00:00,2025-10-22 13:15:00+00:00,109172.22,109172.22,108388.02,108415.11700500001,109983.32219808052,0.00018045217868402238,19.7003649507714,0.013721945023072009,0.004889713588062437,0.1228989399128754,0.006238409299522295,0.8396734642184762,15m_opposite,165
BTC,short,2025-10-22 19:45:00+00:00,2025-10-22 23:30:00+00:00,108010.71,108010.71,107807.2,107834.1518,108566.05117138919,0.0001825064833363533,19.712654844762692,0.013782746883240785,0.0049188782375865206,0.018440269302955656,0.0009354533647635449,0.18194037702490323,15m_opposite,45
BTC,long,2025-10-23 05:05:00+00:00,2025-10-23 09:15:00+00:00,108670.59,108670.59,109165.03,109137.7387425,108353.30584841086,0.00018141521888942523,19.714498871692985,0.01384252315587237,0.004951049453129019,0.07090536821868645,0.003596610224797332,1.2318477086585873,15m_opposite,50
BTC,long,2025-10-23 17:30:00+00:00,2025-10-23 20:15:00+00:00,110248.0,110248.0,109934.23,109906.74644249999,109602.1473283618,0.00017888387461464022,19.721589408514856,0.013774590206664585,0.004916365253794858,-0.07481934879829584,-0.0037937788506028,-0.6476036239973285,15m_opposite,33
BTC,long,2025-10-23 23:55:00+00:00,2025-10-24 08:30:00+00:00,110068.9,110068.9,110842.17,110814.45945750001,109769.5924002423,0.00017910697275647368,19.714107473635025,0.01386664268026591,0.004963151380612809,0.11966825476252042,0.006070183746464844,2.2322802638895713,15m_opposite,103
BTC,short,2025-10-24 16:25:00+00:00,2025-10-24 18:45:00+00:00,110221.79,110221.79,110608.43,110636.0821075,110816.82943863762,0.00017896710168752728,19.726074299111275,0.01384532433824354,0.004948817534827923,-0.0879899820695369,-0.004460592651904446,-0.8262553280156046,15m_opposite,28
BTC,long,2025-10-25 01:50:00+00:00,2025-10-25 15:15:00+00:00,111057.05,111057.05,111466.2,111438.33345,110797.8221446361,0.0001775418607004627,19.717275300904323,0.013835939597216674,0.004947479138300979,0.05385783357007563,0.002731504873171065,1.1702171159390087,15m_opposite,161
BTC,long,2025-10-25 23:05:00+00:00,2025-10-25 23:30:00+00:00,111682.0,111682.0,111545.93521551936,111462.27576410772,111545.93521551936,0.0001765965964458134,19.722661084261333,0.013786461482875316,0.014773974379820249,-0.05258901369810922,-0.002666425867859952,-2.1886028402647613,stop,5
BTC,long,2025-10-26 01:05:00+00:00,2025-10-26 02:00:00+00:00,111746.87,111746.87,111541.97937236895,111458.32288783968,111541.97937236895,0.00017644701979475146,19.71740218289152,0.013776724889018528,0.014760937381696159,-0.06469000290008865,-0.0032808583149061673,-1.7893724659013561,stop,11
BTC,long,2025-10-26 08:25:00+00:00,2025-10-26 16:30:00+00:00,111798.05,111798.05,113394.49,113366.14137750001,111671.39358293105,0.00017630838089395577,19.71093318260151,0.013935887053751459,0.004998099733547949,0.26253176480704776,0.013319093640821626,11.756598925426813,15m_opposite,97
BTC,long,2025-10-26 22:30:00+00:00,2025-10-27 08:30:00+00:00,114394.29,114394.29,115140.0,115111.215,113660.19666045376,0.00017253646453054797,19.737186359082216,0.013877878303774335,0.0049664621315124256,0.10981782652978928,0.005564006162370543,0.867043058711631,15m_opposite,120
BTC,short,2025-10-27 22:30:00+00:00,2025-10-28 01:45:00+00:00,114419.92,114419.92,114464.0,114492.61600000001,114809.3437855149,0.00017259379434748072,19.748168141735196,0.01382999113845158,0.0049389440190490755,-0.026376869612337907,-0.0013356615875977787,-0.39244210981602906,15m_opposite,39
BTC,short,2025-10-28 03:40:00+00:00,2025-10-28 07:00:00+00:00,113891.25,113891.25,114113.27,114141.79831750001,114327.5472922392,0.00017337179506567857,19.745530454773963,0.013843590324119607,0.004946005615179944,-0.057281601879782214,-0.002900990784267991,-0.7572759962893073,15m_opposite,40
BTC,short,2025-10-28 23:15:00+00:00,2025-10-29 05:30:00+00:00,113048.71,113048.71,112989.89,113018.1374725,113478.36847822629,0.0001746132467551906,19.739802294585985,0.013815192422066046,0.004932382885854105,-0.008476824133778621,-0.0004294280159079177,-0.11298807237939025,15m_opposite,75
BTC,short,2025-10-29 18:05:00+00:00,2025-10-31 00:00:00+00:00,111610.0,111610.0,108308.02,108335.09700500002,112215.8221041389,0.00017685650579851812,19.738954612172606,0.013527674278258427,0.004788744491791434,0.5656602262465403,0.028657050860115427,5.279459802879928,15m_opposite,359
BTC,long,2025-10-31 02:20:00+00:00,2025-10-31 02:50:00+00:00,109202.98,109202.98,108603.44110712706,108521.98852629671,108603.44110712706,0.00018127271467131446,19.79552063479726,0.013795141857804977,0.014765130444101169,-0.13724031496401784,-0.006932897471904427,-1.2627922441169863,stop,6
BTC,long,2025-10-31 05:25:00+00:00,2025-10-31 07:50:00+00:00,109775.54,109775.54,109225.46506671666,109143.54596791662,109225.46506671666,0.00018020222540741647,19.78179660330086,0.01379031425679779,0.01476200390713609,-0.12767704528242727,-0.006454269439870927,-1.2880443557721226,stop,29
BTC,long,2025-10-31 09:45:00+00:00,2025-10-31 11:25:00+00:00,109932.2,109932.2,109450.71924049339,109368.63120106302,109450.71924049339,0.0001798292847661797,19.769028898772618,0.013787647142126148,0.01476183341862097,-0.11513382117149752,-0.005823949257246811,-1.3297302994902338,stop,20
BTC,long,2025-10-31 12:20:00+00:00,2025-10-31 12:40:00+00:00,110294.74,110294.74,109728.37436303234,109646.07808226006,109728.37436303234,0.00017913379655870685,19.757515516655467,0.013772162225654923,0.014742045217399772,-0.1299694342334621,-0.006578227617936003,-1.2810521285607213,stop,4
BTC,long,2025-10-31 15:10:00+00:00,2025-10-31 15:55:00+00:00,110963.98,110963.98,110101.33099115871,110018.75499291535,110101.33099115871,0.00017793628683138548,19.74451857323212,0.01373706808727208,0.014693266508819643,-0.18192689606808465,-0.009214045680238824,-1.1852180552023583,stop,9
BTC,short,2025-10-31 18:30:00+00:00,2025-10-31 19:25:00+00:00,109165.99,109165.99,109790.6086558124,109872.95161230426,109790.6086558124,0.00018070028846553138,19.726325883625314,0.013872302202176438,0.01487939599118424,-0.14162046947961165,-0.007179262388500324,-1.2547356356032469,stop,11
BTC,long,2025-10-31 20:10:00+00:00,2025-10-31 20:15:00+00:00,109597.69,109597.69,109716.14,109688.710965,108966.68757368816,0.0001798593002888779,19.71216383667735,0.013806700169212406,0.004933367042698017,0.0025642669073066386,0.00013008551108607602,0.022594321230799082,15m_opposite,1
BTC,short,2025-11-01 00:20:00+00:00,2025-11-01 00:45:00+00:00,109405.96,109405.96,109622.36528296243,109704.58205692466,109622.36528296243,0.000180176841036522,19.712420263368085,0.013825596573797914,0.014813558612727235,-0.06763037545430993,-0.0034308509331037636,-1.7345026646982713,stop,5
BTC,long,2025-11-01 04:45:00+00:00,2025-11-01 06:40:00+00:00,110219.76,110219.76,109906.80477633736,109824.3746727551,109906.80477633736,0.00017878515817692446,19.70565722582265,0.013758615543939699,0.014737279107494136,-0.08444764381625249,-0.0042854517790754405,-1.5092940806460342,stop,23
BTC,long,2025-11-01 15:50:00+00:00,2025-11-01 21:55:00+00:00,110077.79,110077.79,109815.59212056705,109733.23042647661,109815.59212056705,0.0001789390254059518,19.697212461441026,0.013757221145868439,0.014737721271325067,-0.07541237542643248,-0.003828581103750525,-1.607342315842009,stop,73
BTC,short,2025-11-02 00:30:00+00:00,2025-11-02 02:30:00+00:00,109975.89,109975.89,110174.6010885947,110257.23203941116,110174.6010885947,0.00017903625261771815,19.689671223898383,0.013807955068948868,0.014793935784417239,-0.06417837950894931,-0.0032594947258973352,-1.80395485710413,stop,24
BTC,long,2025-11-02 05:30:00+00:00,2025-11-02 15:55:00+00:00,110408.41,110408.41,110098.77539937936,110016.20131782982,110098.77539937936,0.00017827675795664013,19.683253385947488,0.01374331652401337,0.014721039549898738,-0.0836650088237596,-0.004250568093762933,-1.5156525268442727,stop,125
BTC,short,2025-11-02 20:40:00+00:00,2025-11-02 23:00:00+00:00,110028.02,110028.02,110295.95170400261,110378.67366778062,110295.95170400261,0.0001788170584644267,19.67488688506511,0.013803772248251724,0.014792098233184099,-0.0765066296605435,-0.0038885422878145465,-1.5968569684845562,stop,28
BTC,short,2025-11-03 04:15:00+00:00,2025-11-03 11:30:00+00:00,107732.01,107732.01,107634.12,107661.02853000001,108380.1839331505,0.00018255703408948795,19.667236222099056,0.013760586272150085,0.004912341428510777,-0.0008024196336409908,-4.079981673985048e-05,-0.006781275889407139,15m_opposite,87
BTC,short,2025-11-03 20:45:00+00:00,2025-11-04 01:30:00+00:00,106626.02,106626.02,106874.79,106901.5086975,107248.50595362468,0.0001844498742439762,19.667155980135693,0.01379241611389974,0.00492826039383926,-0.06460627172341103,-0.003284982932390679,-0.5626868426655851,15m_opposite,57
BTC,short,2025-11-04 08:30:00+00:00,2025-11-04 15:00:00+00:00,104152.32,104152.32,104460.01,104486.1250025,104939.99039305761,0.00018876867412039746,19.660695352963355,0.013793992710942688,0.0049296943965777005,-0.07680592044762317,-0.003906571922749753,-0.516559378881582,15m_opposite,78
BTC,short,2025-11-04 17:45:00+00:00,2025-11-04 22:30:00+00:00,101303.65,101303.65,101116.6,101141.87915000001,102412.82414149039,0.00019400105288327313,19.65301476091859,0.013741418475030104,0.004904181715994605,0.017642296750789273,0.000897689080551256,0.08198819015271255,15m_opposite,57
BTC,short,2025-11-05 11:15:00+00:00,2025-11-05 11:50:00+00:00,101542.0,101542.0,102040.20926566405,102116.73942261329,102040.20926566405,0.00019356304771024472,19.65477899059367,0.013813969450555696,0.014813410420839028,-0.1250622837308103,-0.00636294530661791,-1.2968570375009467,stop,7
BTC,long,2025-11-05 13:25:00+00:00,2025-11-06 01:15:00+00:00,102516.4,102516.4,103199.0,103173.20025000001,101995.31128832856,0.0001916012731838085,19.642272762220585,0.013812512815618131,0.004943264947822246,0.11203125131182842,0.0057035788408002506,1.1220937179765693,15m_opposite,142
BTC,long,2025-11-06 03:35:00+00:00,2025-11-06 05:35:00+00:00,103622.35,103622.35,103115.29619482724,103037.95972268112,103115.29619482724,0.00018966444871547277,19.65347588735177,0.013702014091255054,0.014667979355194455,-0.12454007387362444,-0.006336796329944551,-1.2949981254090015,stop,24
BTC,short,2025-11-06 09:20:00+00:00,2025-11-06 13:25:00+00:00,103059.67,103059.67,103546.23721463598,103623.89689254697,103546.23721463598,0.00019057912644164697,19.64102187996441,0.01380248025012333,0.01480031357601467,-0.12133234854660967,-0.006177496735563411,-1.3084539110789393,stop,49
BTC,short,2025-11-06 16:10:00+00:00,2025-11-06 19:15:00+00:00,102061.92,102061.92,101902.17,101927.6455425,102923.81769480539,0.00019232333317960068,19.62888864510975,0.013727309995963183,0.004899541248159335,0.012096801231318692,0.0006162754015282691,0.07297646937430091,15m_opposite,37
BTC,long,2025-11-07 17:55:00+00:00,2025-11-08 04:30:00+00:00,102057.99,102057.99,102408.02,102382.41799500001,101169.79694428499,0.00019234259194437277,19.63009832523288,0.013772269488391825,0.004924356000671516,0.04862905196922524,0.002477269912943665,0.28465116494180925,15m_opposite,127
BTC,short,2025-11-08 13:30:00+00:00,2025-11-08 18:00:00+00:00,102067.35,102067.35,101977.64,102003.13441000001,102445.14904928896,0.00019237259741170708,19.634961230429802,0.013738296201379549,0.004904425871181671,-0.0013849763587557452,-7.053624107030786e-05,-0.01905628724730101,15m_opposite,54
BTC,long,2025-11-08 22:45:00+00:00,2025-11-09 00:15:00+00:00,102212.01,102212.01,101956.06456433439,101879.59751591114,101956.06456433439,0.00019209897870899834,19.634822732793925,0.013712447863603955,0.014689241906997528,-0.07756854656719404,-0.003950560064779178,-1.5776592530228577,stop,18
BTC,short,2025-11-09 01:20:00+00:00,2025-11-09 08:15:00+00:00,101922.6,101922.6,101957.65,101983.13941250001,102254.01885766283,0.00019256833987886106,19.627065878137206,0.01374477510177723,0.00490845384961513,-0.0254027492641442,-0.001294271360878275,-0.3980325776768559,15m_opposite,83
BTC,long,2025-11-09 15:05:00+00:00,2025-11-10 08:45:00+00:00,103254.02,103254.02,105932.34,105905.856915,102617.02559573711,0.00019006064464328643,19.62452560321079,0.013989172839024436,0.00503339220724292,0.4900206607147382,0.024969809238831502,4.047497380335601,15m_opposite,212
BTC,long,2025-11-10 14:10:00+00:00,2025-11-10 14:35:00+00:00,106293.38,106293.38,105860.65012270292,105781.25463511089,105860.65012270292,0.00018508704558348096,19.673527669282265,0.013724075483119741,0.01469507623106907,-0.10851184623880805,-0.0055156272968897,-1.3548282634623212,stop,5
BTC,short,2025-11-10 17:25:00+00:00,2025-11-10 17:55:00+00:00,105296.03,105296.03,105900.90712791377,105980.33280825971,105900.90712791377,0.00018673711140541945,19.662676484658387,0.01382776590413139,0.014831722119211585,-0.1416124956451673,-0.007202096609566815,-1.2537293041305924,stop,6
BTC,long,2025-11-10 19:25:00+00:00,2025-11-10 19:30:00+00:00,105604.04,105604.04,105679.19,105652.7702025,105155.37567114066,0.00018605836703874083,19.648515235093868,0.013758493995517018,0.0049156243803439885,-0.004691832092898009,-0.0002387881240266954,-0.05620458097337669,15m_opposite,1
BTC,long,2025-11-11 01:50:00+00:00,2025-11-11 02:00:00+00:00,106566.57,106566.57,105836.87533455629,105757.49767805537,105836.87533455629,0.0001843734489332309,19.648046051884577,0.013679046509102528,0.014635132297311459,-0.16285050094245268,-0.008288381476326628,-1.2104575058755036,stop,2
BTC,short,2025-11-11 06:30:00+00:00,2025-11-11 09:30:00+00:00,104997.49,104997.49,105312.51,105338.8381275,105477.93073073235,0.00018697362195791854,19.631761001790334,0.01377414424912685,0.004922665358045718,-0.07759723999635412,-0.003952637768424218,-0.8638256875746744,15m_opposite,36
BTC,short,2025-11-11 20:30:00+00:00,2025-11-12 04:15:00+00:00,102921.93,102921.93,103413.1,103438.95327500002,103441.03338737276,0.00019066880379906107,19.624001277790697,0.013786090999143753,0.004929413018541193,-0.11236630037967221,-0.005725962752909207,-1.135278928962813,15m_opposite,93
BTC,long,2025-11-12 09:40:00+00:00,2025-11-12 14:45:00+00:00,104562.42,104562.42,104056.35000819874,103978.3077456926,104056.35000819874,0.00018756991897999996,19.612764647752726,0.013674154309319078,0.014638380855293953,-0.12323604252498353,-0.006283461038681468,-1.2982668461367157,stop,61
BTC,short,2025-11-12 22:30:00+00:00,2025-11-12 23:00:00+00:00,101680.96,101680.96,101956.09,101981.57902250001,102086.96839402233,0.00019276412263908823,19.600441043500226,0.013749283011510577,0.004913369059142918,-0.07169784513234392,-0.0036579710106125346,-0.916104222196941,15m_opposite,6
BTC,short,2025-11-13 00:15:00+00:00,2025-11-13 01:10:00+00:00,101699.84,101699.84,102085.97535076177,102162.53983227485,102085.97535076177,0.0001926578376031564,19.593271258986988,0.013759861255863601,0.014750747445516828,-0.10290261040128032,-0.0052519361897815425,-1.3832483069402177,stop,11
BTC,short,2025-11-14 01:30:00+00:00,2025-11-15 01:45:00+00:00,99081.15,99081.15,95345.51,95369.3463775,99959.65777383567,0.00019764587913994602,19.582980997946862,0.01334127535348088,0.004711161786499808,0.7202814148103671,0.036780989313418805,4.148287388966125,15m_opposite,291
BTC,short,2025-11-15 10:40:00+00:00,2025-11-15 10:45:00+00:00,95795.58,95795.58,95974.06,95998.053515,96212.98760436811,0.00020517657640809625,19.655009139427897,0.013779277808910036,0.004922907263698193,-0.055322100429924415,-0.0028146565609551625,-0.6459672869776386,15m_opposite,1
BTC,long,2025-11-15 14:25:00+00:00,2025-11-15 16:05:00+00:00,96192.08,96192.08,95790.19318862824,95718.35054373677,95790.19318862824,0.00020427333445107853,19.649476929384903,0.01370624870274014,0.014675536627765075,-0.11047654436132662,-0.005622365661862172,-1.3457198201879081,stop,20
BTC,short,2025-11-15 22:30:00+00:00,2025-11-16 02:45:00+00:00,95540.15,95540.15,95672.03,95695.9480075,95918.92784594897,0.0002055515851183903,19.638429274948773,0.013762912756164099,0.0049163843544993745,-0.04578744015607774,-0.0023315225222459743,-0.5880861668286794,15m_opposite,51
BTC,long,2025-11-16 05:45:00+00:00,2025-11-16 11:25:00+00:00,95882.94,95882.94,95559.76071109535,95488.09089056203,95559.76071109535,0.0002047689665224404,19.633850530933163,0.013703268949617254,0.014675755081457374,-0.09455611302153666,-0.004815973966622765,-1.4288345780087859,stop,68
BTC,short,2025-11-16 15:00:00+00:00,2025-11-17 00:30:00+00:00,95468.77,95468.77,94649.98,94673.64249500001,95826.39290255951,0.00020555826706085154,19.624394919631012,0.0136553539277316,0.004864021466538408,0.14978967809248628,0.00763283039838574,2.0376125928658597,15m_opposite,114
BTC,long,2025-11-17 03:45:00+00:00,2025-11-17 12:15:00+00:00,95278.01,95278.01,95229.98,95206.172505,94751.54281628682,0.00020612703694630334,19.639373887440257,0.013740157896215185,0.004907368401464123,-0.028547807882210015,-0.0014536007128244993,-0.26306707718358724,15m_opposite,102
BTC,short,2025-11-17 16:45:00+00:00,2025-11-17 22:45:00+00:00,93654.36,93654.36,92255.94,92279.003985,94684.09599980684,0.000209670100854376,19.636519106652038,0.013601377857468566,0.004835828061053959,0.2747696565182536,0.013992788387080938,1.2726423483818359,15m_opposite,72
BTC,short,2025-11-18 02:55:00+00:00,2025-11-18 08:00:00+00:00,91068.96,91068.96,90391.98,90414.577995,91860.66642548156,0.00021592424106198053,19.663996072303863,0.013694148781715583,0.004879454919898234,0.12760278901252803,0.0064891585892987765,0.746439469204838,15m_opposite,61
BTC,long,2025-11-18 16:50:00+00:00,2025-11-18 20:45:00+00:00,93346.09,93346.09,92741.94,92718.75451500001,92428.87303058624,0.00021079357851202035,19.676756351205118,0.013707610299938222,0.004887351352685614,-0.1459459021106597,-0.00741717280560427,-0.7548531082018871,15m_opposite,47
BTC,short,2025-11-19 06:20:00+00:00,2025-11-19 07:00:00+00:00,90479.89,90479.89,91078.15993713899,91146.46855709185,91078.15993713899,0.00021730974430886303,19.662161760994053,0.013835940240597536,0.01484412873604785,-0.15868995604399883,-0.00807082954422688,-1.2205991376777927,stop,8
BTC,short,2025-11-19 09:50:00+00:00,2025-11-19 12:55:00+00:00,91334.0,91334.0,91791.82088781986,91860.66475348573,91791.82088781986,0.00021510382514057914,19.646292765389656,0.013809048737293508,0.014808578842192624,-0.12709665177879484,-0.006469243500366521,-1.2905961732680027,stop,37
BTC,short,2025-11-19 17:50:00+00:00,2025-11-19 21:20:00+00:00,89102.9,89102.9,89947.28154720005,90014.74200836045,89947.28154720005,0.00022034729621832485,19.633583100211776,0.0138439691307085,0.014864730218335651,-0.21476589025122253,-0.010938700753450652,-1.1543004019884298,stop,42
BTC,long,2025-11-20 02:15:00+00:00,2025-11-20 04:30:00+00:00,92588.01,92588.01,92218.11,92195.0554725,92010.41731161546,0.00021182123377731798,19.612106511186653,0.013686856501413942,0.0048834384592039625,-0.09692296933484659,-0.004941996887461436,-0.7922012629973186,15m_opposite,27
BTC,long,2025-11-20 05:50:00+00:00,2025-11-20 06:30:00+00:00,92613.42,92613.42,92216.15750028822,92146.995382163,92216.15750028822,0.00021165846390569715,19.60241421425317,0.01367232859090763,0.014638747682846778,-0.11239504673008763,-0.005733734911507162,-1.3367000406867922,stop,8
BTC,short,2025-11-20 14:35:00+00:00,2025-11-20 21:45:00+00:00,91206.36,91206.36,87487.38,87509.251845,92059.99539775774,0.00021480053265561917,19.59117470958016,0.013316751896216394,0.00469808395616146,0.7808240490832159,0.03985590760422294,4.258389784006051,15m_opposite,86
BTC,short,2025-11-21 02:30:00+00:00,2025-11-21 13:15:00+00:00,86392.18,86392.18,83726.03,83746.9615075,87123.00579597813,0.00022767404543430302,19.669257114488484,0.013467356182519388,0.0047655609895645825,0.5887802390625817,0.029934035415546168,3.538554043901888,15m_opposite,129
BTC,short,2025-11-21 16:45:00+00:00,2025-11-21 16:55:00+00:00,83265.23,83265.23,84566.43364238585,84629.85846761764,84566.43364238585,0.0002369312513565956,19.728135138394745,0.013971356162111061,0.01502732320924187,-0.3372944866315929,-0.017097129772552754,-1.0940612187660224,stop,2
BTC,long,2025-11-22 23:15:00+00:00,2025-11-23 07:00:00+00:00,84990.81,84990.81,85812.9,85791.44677499999,84567.01577133234,0.00023172394391501367,19.694405689731582,0.013878847338385306,0.0049712259066972695,0.1716478638080102,0.008715564537065734,1.7478833818508452,15m_opposite,93
BTC,long,2025-11-23 10:55:00+00:00,2025-11-23 11:00:00+00:00,86218.53,86218.53,85903.90756283248,85839.47963216035,85903.90756283248,0.00022862336525700897,19.711570476112385,0.013754769447929967,0.014729730326807435,-0.10041454014533763,-0.0050941927872782,-1.3960028331414613,stop,1
BTC,long,2025-11-23 13:20:00+00:00,2025-11-23 23:30:00+00:00,86544.17,86544.17,87032.98,87011.22175499999,86075.56889475601,0.00022764709652998982,19.701529022097848,0.013844231803445985,0.004953201299839201,0.09247874415153862,0.004693988169538089,0.8669149636575821,15m_opposite,122
BTC,long,2025-11-24 02:40:00+00:00,2025-11-24 04:20:00+00:00,87393.81,87393.81,86653.73844047746,86588.7481366471,86653.73844047746,0.00022553973669889207,19.710776896513,0.013706757107215636,0.014657896013880406,-0.19528019779414674,-0.0099072806119932,-1.1699341614746301,stop,20
BTC,long,2025-11-24 06:00:00+00:00,2025-11-24 06:05:00+00:00,87421.06,87421.06,86883.23784896288,86818.07542057615,86883.23784896288,0.00022524605486062038,19.691248876733585,0.013715964264885003,0.014677579919248113,-0.1495358619218976,-0.007594026303663419,-1.2343817149478378,stop,1
BTC,long,2025-11-24 19:30:00+00:00,2025-11-24 23:00:00+00:00,88611.39,88611.39,88605.47,88583.3186325,88096.91869504536,0.00022205153638309248,19.676295290541397,0.013770290058238103,0.00491874518636203,-0.020003580339987656,-0.0010166334690862049,-0.17510268104106053,15m_opposite,42
BTC,short,2025-11-25 09:55:00+00:00,2025-11-25 11:10:00+00:00,87007.29,87007.29,87421.72529511587,87487.29158908721,87421.72529511587,0.0002261223735678631,19.674294932507397,0.013826276002075553,0.014826006018846897,-0.12236537464282302,-0.006219555773795047,-1.305744706735102,stop,15
BTC,short,2025-11-25 14:10:00+00:00,2025-11-25 17:10:00+00:00,86866.01,86866.01,87367.57749704401,87433.1031801668,87367.57749704401,0.0002263492751082169,19.66205839504312,0.013827621441654968,0.01483169087581399,-0.1421887516912247,-0.007231631034473534,-1.2524394771572709,stop,36
BTC,long,2025-11-26 00:20:00+00:00,2025-11-26 03:50:00+00:00,87561.9,87561.9,87069.88100399672,87004.57859324371,87069.88100399672,0.0002243879988884891,19.647839519873994,0.013690959546311915,0.014653077271461456,-0.13874719474607133,-0.007061702362019351,-1.256732120254944,stop,42
BTC,long,2025-11-26 06:05:00+00:00,2025-11-26 09:20:00+00:00,87522.71,87522.71,87181.45556881047,87116.06947713386,87181.45556881047,0.0002243299459123167,19.633964800399383,0.01369816453702941,0.014668058409232474,-0.10491981103734814,-0.005343791338324795,-1.3705407369346387,stop,39
BTC,short,2025-11-26 10:50:00+00:00,2025-11-26 12:00:00+00:00,86838.43,86838.43,87148.61303163998,87213.97449141371,87148.61303163998,0.00022597682638085062,19.62347281929565,0.013778863149674195,0.014770175247287668,-0.09864321548415697,-0.005026797060465345,-1.4072954357028502,stop,14
BTC,short,2025-11-26 12:50:00+00:00,2025-11-26 13:40:00+00:00,86586.24,86586.24,86953.2452361724,87018.46017009953,86953.2452361724,0.00022652107884286505,19.613608497747236,0.01377847943803736,0.014772557189839032,-0.11168545866662752,-0.005694284082373491,-1.3434321900327642,stop,10
BTC,long,2025-11-26 22:20:00+00:00,2025-11-27 05:45:00+00:00,90425.48,90425.48,90951.96,90929.22201000001,89952.54225333402,0.00021678004863098953,19.60243995188057,0.013776308575029036,0.0049291425779696895,0.0954249088502469,0.004868011792638715,0.9307616194693596,15m_opposite,89
BTC,long,2025-11-27 10:05:00+00:00,2025-11-27 11:30:00+00:00,91568.6,91568.6,91296.18762472105,91227.7154840025,91296.18762472105,0.00021417803092725664,19.611982442765594,0.01369188272273095,0.014665228272471466,-0.08670185713266698,-0.004420861449661826,-1.4860268125666527,stop,17
BTC,long,2025-11-27 19:10:00+00:00,2025-11-27 21:05:00+00:00,91632.47,91632.47,91285.08103613598,91216.61722535887,91285.08103613598,0.0002139341246291007,19.60331225705233,0.013677836030277916,0.014646745427371809,-0.10264293534771018,-0.0052359996107690515,-1.3811249842744155,stop,23
BTC,long,2025-11-28 05:10:00+00:00,2025-11-28 06:35:00+00:00,91466.74,91466.74,91216.48246210588,91148.0701002593,91216.48246210588,0.00021420953631361042,19.593047963517563,0.013681002508732014,0.014654580309275245,-0.08194313396929369,-0.004182255569519993,-1.5285744677655788,stop,17
BTC,short,2025-11-28 18:55:00+00:00,2025-11-28 21:00:00+00:00,90720.11,90720.11,91222.03,91244.8355075,91305.70838235521,0.00021588216383468486,19.584853650120632,0.01376603699407362,0.0049233023064483745,-0.12704491497242665,-0.006486896314981865,-1.004941210539044,15m_opposite,25
BTC,short,2025-11-28 22:15:00+00:00,2025-11-28 22:50:00+00:00,90833.99,90833.99,91156.68453551231,91225.05204891395,91156.68453551231,0.00021547164402470253,19.57214915862339,0.013742635802333952,0.014731260510531726,-0.09800541839748925,-0.00500739175872817,-1.4095106141673615,stop,7
BTC,short,2025-11-29 03:45:00+00:00,2025-11-29 04:55:00+00:00,90694.02,90694.02,90903.63190669897,90971.809630629,90903.63190669897,0.0002156961243617125,19.56234861678364,0.01372360310510582,0.014705670819509855,-0.07364174981965091,-0.0037644636266460103,-1.6287926808214785,stop,14
BTC,short,2025-11-29 06:20:00+00:00,2025-11-29 12:00:00+00:00,90677.99,90677.99,90698.17,90720.84454250001,90850.31542154001,0.00021565304261598298,19.55498444180168,0.013693109965501198,0.004889834080052949,-0.022934822445543176,-0.0011728376728603574,-0.6171495872218923,15m_opposite,68
BTC,long,2025-11-29 16:35:00+00:00,2025-11-29 17:10:00+00:00,90992.02,90992.02,90745.28949964032,90677.23053251559,90745.28949964032,0.00021488357945627677,19.552690959557125,0.013653062127915894,0.014624754469858822,-0.08129614967610196,-0.004157798527284827,-1.5333592166316912,stop,7
BTC,long,2025-11-29 22:55:00+00:00,2025-11-30 03:15:00+00:00,90838.56,90838.56,90639.04,90616.38024,90604.78990441203,0.00021515710227671504,19.544561344589514,0.013657291164539592,0.0048754082998847415,-0.06146084451067539,-0.003144652030151062,-1.2219512568599864,15m_opposite,52
BTC,long,2025-11-30 09:45:00+00:00,2025-11-30 11:35:00+00:00,91429.87,91429.87,91119.3659845829,91051.02646009445,91119.3659845829,0.0002136983817229364,19.53841526013845,0.013636411556394914,0.014604045790895684,-0.0945946629603986,-0.004841470595283494,-1.4256016191641638,stop,22
BTC,long,2025-11-30 13:00:00+00:00,2025-11-30 18:05:00+00:00,91484.96,91484.96,91228.1440515984,91159.7229435597,91228.1440515984,0.00021346629865545558,19.52895579384241,0.013635555480377735,0.014605600682926987,-0.0830627061042862,-0.004253310160621918,-1.5151469849668229,stop,61
BTC,short,2025-11-30 22:45:00+00:00,2025-12-01 21:30:00+00:00,91073.31,91073.31,86162.02,86183.56050500002,91322.34555535644,0.0002143399589103765,19.52064952323198,0.013140420313342224,0.004616990956611281,1.0349282855269881,0.053017102955272864,19.388569017129065,15m_opposite,273
BTC,long,2025-12-02 01:25:00+00:00,2025-12-02 08:15:00+00:00,86740.5,86740.5,86762.92,86741.22927,86167.3889520321,0.0002262396729530575,19.624142351784684,0.013736982141152427,0.004907303661313543,-0.013571992334858816,-0.0006915967124354117,-0.10467333485841886,15m_opposite,82
BTC,long,2025-12-02 11:25:00+00:00,2025-12-03 08:45:00+00:00,87191.53,87191.53,92840.01,92816.7999975,86793.948032478,0.00022505379997978238,19.622785152551195,0.014368943801210654,0.005223499260164424,1.2516194450484253,0.06378398557177802,13.988117535017604,15m_opposite,256
BTC,long,2025-12-03 23:40:00+00:00,2025-12-04 00:10:00+00:00,93577.85,93577.85,93027.20479205255,92957.43438845851,93027.20479205255,0.00021103228057767982,19.747947097056038,0.013758099107234429,0.014723807387275524,-0.14468582051683207,-0.007326625892085835,-1.2451028154614374,stop,6
BTC,long,2025-12-04 03:25:00+00:00,2025-12-04 05:05:00+00:00,93703.93,93703.93,93196.08168635589,93126.18462509112,93196.08168635589,0.00021059392615661217,19.733478515004354,0.013752600127092608,0.014719896558556775,-0.13542226694797635,-0.006862564390003922,-1.2662230747743721,stop,20
BTC,short,2025-12-04 12:50:00+00:00,2025-12-05 01:30:00+00:00,93055.45,93055.45,92524.01,92547.14100250001,93395.42209718352,0.0002119159736298041,19.719936288309555,0.013750096003761689,0.004901828915823684,0.09396870010623821,0.00476516245957372,1.3042962662885111,15m_opposite,152
BTC,short,2025-12-05 05:10:00+00:00,2025-12-05 07:05:00+00:00,92120.95,92120.95,92463.9439426681,92533.2919006251,92463.9439426681,0.00021416771275502674,19.72933315832018,0.013854688371689097,0.014852093539881924,-0.1021650101016286,-0.0051783306248515525,-1.390790557012869,stop,23
BTC,short,2025-12-05 11:20:00+00:00,2025-12-06 00:45:00+00:00,91540.02,91540.02,89452.6,89474.96315000001,91893.07283308596,0.0002154152539764577,19.719116657310018,0.013580959287207726,0.0048173636369646285,0.4312637865313646,0.021870340037340976,5.670571588183783,15m_opposite,161
BTC,short,2025-12-06 19:25:00+00:00,2025-12-06 19:30:00+00:00,89533.98,89533.98,89572.29,89594.6830725,89806.15940417905,0.00022072338385899026,19.762243035963156,0.013840269418960629,0.004942674737201911,-0.027238856991799943,-0.001378328206076148,-0.45340392454923917,15m_opposite,1
BTC,short,2025-12-06 23:20:00+00:00,2025-12-07 00:30:00+00:00,89171.44,89171.44,89460.38538767022,89527.48067671097,89460.38538767022,0.0002215902216030601,19.759519150263976,0.013871110971410826,0.014867659967061112,-0.09276624342349751,-0.004694762191227625,-1.448850623381912,stop,14
BTC,short,2025-12-07 09:20:00+00:00,2025-12-07 12:45:00+00:00,89337.03,89337.03,89541.28610961599,89608.4420741982,89541.28610961599,0.00022107565615200805,19.750242525921628,0.013855171069340613,0.014846548934533667,-0.0738577734602861,-0.0037395881778843924,-1.6356117908217875,stop,41
BTC,short,2025-12-07 14:00:00+00:00,2025-12-07 15:55:00+00:00,89060.87,89060.87,89388.90609770891,89455.9477772822,89388.90609770891,0.00022167823813730545,19.7428567485756,0.013863789796800481,0.014861681409572485,-0.10144393539192219,-0.00513826021653331,-1.39502307327444,stop,23
BTC,long,2025-12-07 19:10:00+00:00,2025-12-07 21:25:00+00:00,91436.33,91436.33,90870.1058808671,90801.95330145644,90870.1058808671,0.00021580822803186008,19.73271235503641,0.013744446792916792,0.014707887398414405,-0.15064815801030504,-0.007634437440722886,-1.2328421160569425,stop,27
BTC,long,2025-12-08 02:20:00+00:00,2025-12-08 12:15:00+00:00,91065.64,91065.64,91793.99,91771.04150250001,90445.40225372932,0.00021652126465300606,19.717647539235376,0.013878720490169479,0.004968837700585075,0.1388557049192637,0.007042204433513691,1.033962956309482,15m_opposite,119
BTC,short,2025-12-08 19:15:00+00:00,2025-12-08 20:45:00+00:00,90070.01,90070.01,90628.01,90650.6670025,90685.27275347638,0.00021906884555388976,19.731533109727305,0.013875675106409344,0.004963443381389005,-0.14107953430686881,-0.007149952997687698,-1.046701322910448,15m_opposite,18
BTC,short,2025-12-09 02:10:00+00:00,2025-12-09 04:00:00+00:00,90164.0,90164.0,90428.56,90451.16714,90578.18385630616,0.00021868401087237274,19.717425156296617,0.013833597040390605,0.004943820049554859,-0.07663245900633989,-0.0038865347984783838,-0.8460627285071526,15m_opposite,22
BTC,short,2025-12-09 10:40:00+00:00,2025-12-09 10:55:00+00:00,90010.48,90010.48,90305.90862228908,90373.6380537558,90305.90862228908,0.00021897185650377582,19.709761910395983,0.013836594033894792,0.01483083934821366,-0.09335798726910119,-0.004736636986967316,-1.4431471313754294,stop,3
BTC,long,2025-12-09 15:20:00+00:00,2025-12-09 20:30:00+00:00,90882.89,90882.89,93086.55,93063.2783625,90160.04894966286,0.00021676716169203108,19.700426111669074,0.014026616576531082,0.005044526808801228,0.4586099801489297,0.02327919089411386,2.9268954002155434,15m_opposite,62
BTC,long,2025-12-10 07:50:00+00:00,2025-12-10 09:20:00+00:00,92714.02,92714.02,92475.60662688095,92406.24992191078,92475.60662688095,0.00021298059462510595,19.746287109683966,0.01378962644965915,0.014771632265784188,-0.07933868068891634,-0.004017903732900101,-1.562479495913838,stop,18
BTC,short,2025-12-10 12:15:00+00:00,2025-12-10 16:15:00+00:00,92052.11,92052.11,92245.31,92268.3713275,92416.77780336203,0.000214425864237279,19.738353241615073,0.013840033280155699,0.004944945079647905,-0.06021205533044528,-0.0030505105767130595,-0.7700321568695824,15m_opposite,48
BTC,long,2025-12-10 19:00:00+00:00,2025-12-10 19:00:00+00:00,92502.64,92502.64,91823.74455043998,91754.87674202715,91823.74455043998,0.00021331642033224163,19.732332036082028,0.013732877334534047,0.014690634366752225,-0.17324305878127746,-0.008779654551955122,-1.1962684753156043,stop,0
BTC,long,2025-12-10 20:35:00+00:00,2025-12-10 20:50:00+00:00,93792.31,93792.31,92505.7303474822,92436.35104972158,92505.7303474822,0.00021019855178109912,19.7150077302039,0.013657995107331157,0.014583427912872152,-0.2986786027304748,-0.015149809060074142,-1.1044287736266858,stop,3
BTC,short,2025-12-11 01:35:00+00:00,2025-12-11 09:30:00+00:00,91087.56,91087.56,90449.98,90472.592495,91706.84939083399,0.0002161122755942837,19.68513986993085,0.01371314689549055,0.004886837751316197,0.11918888002659703,0.006054764193403504,0.8905589291781276,15m_opposite,95
BTC,long,2025-12-11 22:35:00+00:00,2025-12-12 00:55:00+00:00,92697.97,92697.97,91899.15689579282,91830.23252812098,91899.15689579282,0.0002124864089033828,19.69705875793351,0.013695749920918222,0.014645491372527178,-0.198078169191392,-0.010056230812207472,-1.1669715697369367,stop,28
BTC,long,2025-12-12 07:35:00+00:00,2025-12-12 08:25:00+00:00,92459.66,92459.66,92225.94391009,92156.77445215744,92225.94391009,0.00021281984966215937,19.67725094101437,0.013741845630331713,0.014720633638422681,-0.07820190238702793,-0.003974229053715396,-1.572231792899458,stop,10
BTC,long,2025-12-12 11:15:00+00:00,2025-12-12 12:25:00+00:00,92416.66,92416.66,92178.25280052215,92109.11911092176,92178.25280052215,0.00021283425251221658,19.669430750775668,0.013735873907921014,0.014714017149511085,-0.07919110915183114,-0.004026100712076186,-1.5606860088479524,stop,14
BTC,short,2025-12-13 02:05:00+00:00,2025-12-13 03:35:00+00:00,90222.24,90222.24,90384.2823572164,90452.07056898432,90384.2823572164,0.00021792311562936683,19.661511639860485,0.013788100844732306,0.01477261831140647,-0.06387349450466348,-0.003248656343145583,-1.8087928199994054,stop,18
BTC,short,2025-12-13 12:15:00+00:00,2025-12-13 19:45:00+00:00,90450.74,90450.74,90236.47,90259.0291175,90614.02923631114,0.00021730197332172206,19.65512429041002,0.013737757426749764,0.004902140749146781,0.02792139564774972,0.0014205657127985152,0.7868933852836811,15m_opposite,90
BTC,long,2025-12-14 02:15:00+00:00,2025-12-14 04:40:00+00:00,90367.99,90367.99,90180.59512688612,90112.95968054095,90180.59512688612,0.00021753185425475098,19.657916429974794,0.013732802891840801,0.014712864056812911,-0.06921002117494997,-0.003520720083508805,-1.6978073733424675,stop,29
BTC,short,2025-12-14 07:00:00+00:00,2025-12-14 07:50:00+00:00,90163.36,90163.36,90291.55291291261,90359.27157759729,90291.55291291261,0.00021794879236817816,19.6509954278573,0.013777046145374247,0.01475920118881207,-0.05647573789364814,-0.0028739377656964897,-2.021358899635427,stop,10
BTC,short,2025-12-14 13:15:00+00:00,2025-12-15 01:30:00+00:00,89260.0,89260.0,88710.5,88732.67762500001,89689.15984054512,0.00022009128225485027,19.645347854067936,0.013693713969009844,0.004881101923619684,0.1023653437064107,0.005210665877072472,1.0837547977385533,15m_opposite,147
BTC,long,2025-12-15 04:30:00+00:00,2025-12-15 11:45:00+00:00,89350.0,89350.0,89592.05,89569.65198750001,88983.32259358489,0.00021998415655779044,19.655584388438577,0.01378306905051022,0.004927207888382108,0.03453688815592149,0.0017571030946419534,0.4281615358883722,15m_opposite,87
BTC,short,2025-12-15 18:20:00+00:00,2025-12-15 19:00:00+00:00,85810.0,85810.0,86479.04948436105,86543.90877147432,86479.04948436105,0.0002290996163297304,19.659038077254166,0.013845395763060812,0.01485923779307031,-0.18198361372885175,-0.009256994824147057,-1.1872705150033334,stop,8
BTC,short,2025-12-16 01:20:00+00:00,2025-12-16 05:30:00+00:00,85890.09,85890.09,85976.0,85997.494,86274.41708370099,0.00022867410798942328,19.640839715881285,0.013760868058064148,0.004915121277126048,-0.03832138195256235,-0.0019511071067687734,-0.4360368345270934,15m_opposite,50
BTC,long,2025-12-16 16:50:00+00:00,2025-12-17 02:15:00+00:00,87563.98,87563.98,87262.74,87240.92431500001,86827.93790468205,0.0002242589655893442,19.637007577686024,0.01370968123750729,0.004892362951721654,-0.0861578149833609,-0.004387522622401184,-0.521965992979695,15m_opposite,113
BTC,short,2025-12-17 05:35:00+00:00,2025-12-17 06:00:00+00:00,86350.0,86350.0,86743.14817445066,86808.2055355815,86743.14817445066,0.00022731200690431598,19.628391796187685,0.01379195206726523,0.014788319322549055,-0.11794757193496193,-0.006009028817015474,-1.3198068109417243,stop,5
BTC,short,2025-12-17 10:30:00+00:00,2025-12-17 11:35:00+00:00,86541.73,86541.73,86887.47328908667,86952.6388940535,86887.47328908667,0.00022667211574109035,19.61659703899419,0.013778188721491901,0.01477122555137801,-0.10691977711343034,-0.005450475273611089,-1.364288402376698,stop,13
BTC,short,2025-12-17 20:00:00+00:00,2025-12-17 22:30:00+00:00,85981.99,85981.99,86221.98,86243.535495,86712.09537499609,0.0002280233925881786,19.605905061282847,0.01375395278844102,0.004915157098819298,-0.07339244387449519,-0.003743384640754401,-0.4408454885696802,15m_opposite,30
BTC,short,2025-12-18 01:20:00+00:00,2025-12-18 02:05:00+00:00,85904.14,85904.14,86233.11328345093,86297.78811841352,86233.11328345093,0.00022814460184218593,19.5985658168954,0.013763900418447467,0.014755214471748043,-0.10357259365982545,-0.005284702698527986,-1.379983917570729,stop,9
BTC,long,2025-12-18 05:40:00+00:00,2025-12-18 17:10:00+00:00,86574.01,86574.01,86315.97086622484,86251.23388807518,86315.97086622484,0.0002262596887625907,19.588208557529413,0.013675230378958535,0.01464736852757435,-0.08670645300306679,-0.004426461600529474,-1.485110127531206,stop,138
BTC,short,2025-12-18 20:10:00+00:00,2025-12-19 03:00:00+00:00,84901.3,84901.3,85595.36,85616.75884000001,85892.70948013113,0.00023061528989814183,19.57953791222911,0.01378817441245877,0.004934899690086013,-0.17878392220924855,-0.009131161471261412,-0.781964964988501,15m_opposite,82
BTC,long,2025-12-19 08:35:00+00:00,2025-12-19 13:00:00+00:00,88018.0,88018.0,87812.04,87790.08699,87516.63219778234,0.0002222461260197708,19.561659520008185,0.013667835272234728,0.004878971426972721,-0.06432061881424087,-0.0032880962245791074,-0.5772441952093293,15m_opposite,53
BTC,long,2025-12-19 21:20:00+00:00,2025-12-20 07:30:00+00:00,87888.01,87888.01,88197.9,88175.850525,87328.83807853423,0.00022250165247940832,19.55522745812676,0.013720681716920254,0.004906044623801739,0.05032431074612172,0.002573445430582703,0.4044820368387447,15m_opposite,122
BTC,long,2025-12-20 21:10:00+00:00,2025-12-20 21:45:00+00:00,88302.26,88302.26,88194.69992608202,88128.55390113745,88194.69992608202,0.00022151482747102258,19.560259889201376,0.013672942684180863,0.01465232530348956,-0.05215141920438199,-0.0026661925505996574,-2.1888310340195947,stop,7
BTC,short,2025-12-21 03:25:00+00:00,2025-12-21 06:15:00+00:00,88070.0,88070.0,88162.02,88184.06050500002,88292.89826589994,0.00022203979501851865,19.555044747280938,0.013701194308671612,0.004893869212307247,-0.039027165458583854,-0.0019957594555752908,-0.7885504830773983,15m_opposite,34
BTC,short,2025-12-21 07:25:00+00:00,2025-12-21 08:20:00+00:00,88090.0,88090.0,88190.94391941067,88257.08712735023,88190.94391941067,0.00022194507924548846,19.55114203073508,0.01370434150437488,0.014680159527696452,-0.05078850722502205,-0.0025977258589386107,-2.2669386353322083,stop,11
BTC,short,2025-12-21 14:50:00+00:00,2025-12-21 17:15:00+00:00,88008.32,88008.32,88445.00501933963,88511.33877310414,88445.00501933963,0.00022209335640099222,19.546063180012574,0.013738102789834505,0.014732286016237633,-0.1254552304412414,-0.006418439830355685,-1.293555037323977,stop,29
BTC,long,2025-12-22 00:30:00+00:00,2025-12-22 01:00:00+00:00,88998.02,88998.02,88516.83614229599,88450.44851518926,88516.83614229599,0.0002194826093543255,19.53351765696845,0.013613371150730772,0.01457092962622649,-0.13379578944501558,-0.006849549159277251,-1.2668677539954178,stop,6
BTC,long,2025-12-22 05:20:00+00:00,2025-12-22 15:15:00+00:00,88832.0,88832.0,89582.02,89559.62449500001,88507.57043786942,0.00021974218837833155,19.520138078023948,0.013744041554041256,0.004921237278536358,0.1461457572949395,0.007486922311244945,2.049992850173205,15m_opposite,119
BTC,short,2025-12-22 22:10:00+00:00,2025-12-22 22:50:00+00:00,88111.99,88111.99,88503.67639689006,88570.05415418773,88503.67639689006,0.00022170368248127686,19.534752653753443,0.013725104112525456,0.014716193227741604,-0.11527961390861585,-0.005901257924884235,-1.327520137010964,stop,8
BTC,short,2025-12-23 03:50:00+00:00,2025-12-23 11:30:00+00:00,88157.43,88157.43,87696.38,87718.30409500001,88540.70442170574,0.0002214586415729517,19.52322469236258,0.01361763317145341,0.0048552802964184245,0.08363059322933497,0.0042836465054899965,0.9852869003671777,15m_opposite,92
BTC,short,2025-12-23 15:15:00+00:00,2025-12-23 15:40:00+00:00,86904.06,86904.06,87505.9546804287,87571.58414643903,87505.9546804287,0.00022474885237450945,19.53158775168551,0.013747124069102081,0.014750147167773623,-0.16377240991354747,-0.008385002386680747,-1.2106615562597096,stop,5
BTC,short,2025-12-24 03:00:00+00:00,2025-12-24 04:05:00+00:00,87068.93,87068.93,87391.49168539018,87457.03530415423,87391.49168539018,0.00022413518244331426,19.515210510694157,0.013704141384062824,0.01469063094967412,-0.10069219453788975,-0.005159677600336996,-1.3927494434525762,stop,13
BTC,short,2025-12-24 05:30:00+00:00,2025-12-24 11:15:00+00:00,87094.99,87094.99,87221.59,87243.3953975,87343.57207672387,0.00022395250623761902,19.505141291240367,0.013670216784222913,0.004883373419634199,-0.046905977493537726,-0.0024048007032178177,-0.8425631323026259,15m_opposite,69
BTC,long,2025-12-24 21:00:00+00:00,2025-12-25 08:20:00+00:00,87495.0,87495.0,87308.50839942507,87243.0270181255,87308.50839942507,0.0002228750293558605,19.500450693491015,0.013622236242577631,0.014594164779404133,-0.0697807219747397,-0.0035784158567182013,-1.6788611091241583,stop,136
BTC,short,2025-12-25 10:30:00+00:00,2025-12-25 11:25:00+00:00,87353.41,87353.41,87500.59807134095,87566.22351989445,87500.59807134095,0.00022315640135048577,19.493472621293538,0.013669176184534663,0.014644738936211125,-0.061159875442910364,-0.0031374540919970753,-1.8620212301005385,stop,11
BTC,long,2025-12-25 15:40:00+00:00,2025-12-25 20:25:00+00:00,88011.23,88011.23,87750.56089770065,87684.74797702736,87750.56089770065,0.00022141897839343056,19.487356633749247,0.013605004985629263,0.01457222966056658,-0.08589432097604996,-0.004407694824412131,-1.488195722236609,stop,57
BTC,short,2025-12-26 00:00:00+00:00,2025-12-26 02:05:00+00:00,87171.46,87171.46,87547.96178990368,87613.62276124611,87547.96178990368,0.0002234534927102476,19.478767201651642,0.013684538447829575,0.014672173381212544,-0.11248735179467828,-0.00577487017685289,-1.3370557009981696,stop,25
BTC,long,2025-12-26 05:05:00+00:00,2025-12-26 07:45:00+00:00,88923.99,88923.99,88552.01874888777,88485.6047348261,88552.01874888777,0.00021892313273923238,19.467518466472175,0.013579276588731228,0.014539564016167244,-0.10955195218732047,-0.005627422538522088,-1.3452998425147755,stop,32
BTC,long,2025-12-26 13:35:00+00:00,2025-12-26 14:35:00+00:00,88779.99,88779.99,88594.1087734358,88527.66319185573,88594.1087734358,0.00021915482611851436,19.456563271253444,0.013591944970995463,0.014561869877525044,-0.06889058273489493,-0.0035407374763187977,-1.6911155771378064,stop,12
BTC,short,2025-12-27 11:25:00+00:00,2025-12-27 15:45:00+00:00,87449.95,87449.95,87540.0,87561.88500000001,87577.12378389775,0.00022240920907307503,19.449674212979957,0.01362721963649477,0.004867425540566318,-0.03852259445409214,-0.0019806292913833825,-1.361962561712117,15m_opposite,52
BTC,long,2025-12-28 00:35:00+00:00,2025-12-28 05:25:00+00:00,87742.8,87742.8,87539.86837773786,87474.21347645455,87539.86837773786,0.0002216229930379991,19.445821953534548,0.013582312892855277,0.01455063573002218,-0.07310726213067,-0.003759535714425367,-1.6255336975405519,stop,58
BTC,long,2025-12-28 09:20:00+00:00,2025-12-28 09:35:00+00:00,87805.94,87805.94,87700.4139781794,87634.63866769576,87700.4139781794,0.00022138036706083298,19.438511227321477,0.013587996483213275,0.0145613623784063,-0.05151074830673557,-0.002649932790857743,-2.204952253707006,stop,3
BTC,long,2025-12-28 10:25:00+00:00,2025-12-28 11:35:00+00:00,87892.61,87892.61,87757.17139620987,87691.35351766272,87757.17139620987,0.00022110345969349193,19.433360152490806,0.013581102854478307,0.014552560656461738,-0.05807960738499336,-0.002988654917587641,-1.9394816082359814,stop,14
BTC,long,2025-12-28 14:00:00+00:00,2025-12-28 16:20:00+00:00,87822.04,87822.04,87705.09363004567,87639.31480982313,87705.09363004567,0.00022121499559509556,19.427552191752305,0.01357907575815657,0.014551261425778598,-0.054000627898243954,-0.0027795899022816247,-2.0873606908629116,stop,28
BTC,short,2025-12-28 19:20:00+00:00,2025-12-28 22:45:00+00:00,87557.34,87557.34,87751.23391947211,87817.04734491173,87751.23391947211,0.00022182208971814905,19.42215212896248,0.013624310903255471,0.01459887156252469,-0.07123313686672766,-0.003667623257903752,-1.6562011715399172,stop,41
BTC,long,2025-12-29 08:45:00+00:00,2025-12-29 09:15:00+00:00,89600.06,89600.06,89317.38657082897,89250.39853090084,89317.38657082897,0.0002166854443543431,19.415028815275804,0.01355263689529039,0.014515333198252165,-0.08931918770063331,-0.004600517905508165,-1.4582434633967711,stop,6
BTC,short,2025-12-29 13:30:00+00:00,2025-12-29 14:30:00+00:00,87175.99,87175.99,87506.96,87528.83674000001,87563.04122412662,0.00022260827661958003,19.406096896505744,0.013623541129905142,0.004869943389456184,-0.09217014583214399,-0.004749545790876686,-1.0697456320008072,15m_opposite,12
BTC,short,2025-12-30 00:30:00+00:00,2025-12-30 04:00:00+00:00,87175.91,87175.91,87259.69,87281.50492250001,87356.16264186312,0.00022250275198644362,19.39687988192253,0.013589563497771795,0.004853880290622954,-0.037084724349818736,-0.0019118912204215324,-0.9246513961655377,15m_opposite,42
BTC,long,2025-12-31 12:10:00+00:00,2025-12-31 12:50:00+00:00,88879.94,88879.94,88680.7229105453,88614.2123683624,88680.7229105453,0.00021819514515297316,19.393171409487547,0.013546229747063121,0.01451227740580226,-0.07152670890338685,-0.003688241979256393,-1.6454950060713929,stop,8
BTC,long,2025-12-31 14:10:00+00:00,2025-12-31 14:30:00+00:00,89012.01,89012.01,88764.23483061437,88697.6616544914,88764.23483061437,0.00021779104570941843,19.38601873859721,0.013535981989575376,0.014499041644018709,-0.08199823687491789,-0.004229761560668509,-1.519521020889199,stop,4
BTC,short,2025-12-31 19:10:00+00:00,2026-01-01 01:15:00+00:00,87630.0,87630.0,87838.04,87859.99951,87948.51001704656,0.00022113224825869813,19.377818914909717,0.01358990339480915,0.004855955816959495,-0.06445021213950679,-0.0033259786574802485,-0.9150591634686002,15m_opposite,73
BTC,short,2026-01-01 08:15:00+00:00,2026-01-01 08:30:00+00:00,87590.49,87590.49,87580.81,87602.7052025,87718.43223253738,0.0002211584145002016,19.371373893695765,0.013561312472995886,0.004842308270061626,-0.016262807290693886,-0.000839527819758126,-0.5747488662882686,15m_opposite,3
BTC,long,2026-01-01 12:25:00+00:00,2026-01-01 13:45:00+00:00,87852.68,87852.68,87745.424004033,87679.61493602998,87745.424004033,0.00022047987167798065,19.369747612966695,0.013539744647528662,0.014509574868555357,-0.05169710774357973,-0.002668961350274493,-2.186128666505503,stop,16
BTC,long,2026-01-01 18:20:00+00:00,2026-01-02 02:15:00+00:00,88085.35,88085.35,88388.01,88365.9129975,87846.60086355863,0.0002198388029586343,19.364577902192337,0.01358604384829708,0.004857778578573681,0.04809258967658706,0.002483534106423374,0.916288009506412,15m_opposite,95
BTC,long,2026-01-02 10:35:00+00:00,2026-01-02 14:10:00+00:00,89516.0,89516.0,89186.70419387531,89119.8141657299,89186.70419387531,0.0002163790513557352,19.36938716115999,0.013515707855322022,0.014473600835262597,-0.09924202283526713,-0.005123653216776516,-1.3928174389785462,stop,43
BTC,long,2026-01-02 16:10:00+00:00,2026-01-03 06:45:00+00:00,89488.13,89488.13,89855.02,89832.556245,88692.00017946179,0.00021633554035464214,19.359462958876463,0.013588879890125721,0.004859708576320227,0.06092275793426858,0.0031469239649716124,0.3537266581562196,15m_opposite,175
BTC,short,2026-01-03 08:10:00+00:00,2026-01-03 08:25:00+00:00,89493.09,89493.09,89777.83919987615,89845.17257927606,89777.83919987615,0.000216391625707302,19.36555523466989,0.013593982525125307,0.014570379432711897,-0.08978170423789171,-0.00463615440662175,-1.4570849847730936,stop,3
BTC,short,2026-01-03 11:50:00+00:00,2026-01-03 12:45:00+00:00,89704.44,89704.44,89848.96307414146,89916.34979644707,89848.96307414146,0.00021578170561285595,19.3565770642461,0.013572467073628981,0.014540821874765481,-0.05929872438705111,-0.003063492279147996,-1.9014877795660332,stop,11
BTC,long,2026-01-03 15:00:00+00:00,2026-01-03 16:20:00+00:00,90079.99,90079.99,89893.2615701603,89825.84162398268,89893.2615701603,0.00021481626709558244,19.350647191807397,0.013518155431552954,0.014482901165663505,-0.06811336085599995,-0.0035199525980111673,-1.6980665188558692,stop,16
BTC,long,2026-01-03 17:45:00+00:00,2026-01-04 12:45:00+00:00,90068.02,90068.02,91064.11,91041.3439725,89929.83909257613,0.00021476919172556242,19.343835855721792,0.013645205100435723,0.0048894413249757195,0.19539479776050325,0.010101140188423726,6.584047778199719,15m_opposite,228
BTC,long,2026-01-04 16:25:00+00:00,2026-01-04 18:20:00+00:00,91311.99,91311.99,91102.3135037758,91033.98676864797,91102.3135037758,0.00021205731400112784,19.363375335497846,0.01352488642558642,0.014489183925674916,-0.07247750494973311,-0.0037430201963220716,-1.6300473772267738,stop,23
BTC,long,2026-01-04 22:05:00+00:00,2026-01-04 22:10:00+00:00,91342.14,91342.14,91168.3107074585,91099.93447442791,91168.3107074585,0.00021190797133724778,19.356127585002874,0.013523626668716685,0.014489468829195412,-0.0648489082393705,-0.003350303822631105,-1.760485337856645,stop,1
BTC,long,2026-01-04 23:20:00+00:00,2026-01-05 04:30:00+00:00,91351.99,91351.99,92436.0,92412.891,91098.37396317371,0.00021181413447237372,19.34964269417894,0.013657106799463197,0.0048948128335213935,0.21105672027641215,0.010907525457299814,3.9288688876660736,15m_opposite,62
BTC,long,2026-01-05 05:05:00+00:00,2026-01-05 05:15:00+00:00,92570.44,92570.44,92607.43,92584.2781425,92226.27757573697,0.0002092541459909511,19.37074836620658,0.013560971700690077,0.004844622169265365,-0.010665283009752108,-0.0005505870402177299,-0.14809311237388098,15m_opposite,2
BTC,long,2026-01-05 10:05:00+00:00,2026-01-05 14:35:00+00:00,92652.02,92652.02,92405.5848089485,92336.28062034179,92405.5848089485,0.00020905838683177769,19.369681837905603,0.013525773303848614,0.01448862187080356,-0.07953373867446192,-0.004106094221889486,-1.5437645993054168,stop,54
BTC,long,2026-01-05 18:25:00+00:00,2026-01-05 21:15:00+00:00,94034.03,94034.03,93994.01,93970.5114975,93479.03620380441,0.00020590129407447664,19.36172846403816,0.013546670653895499,0.004838372073560563,-0.026625212516317456,-0.0013751464682386315,-0.23299461207522162,15m_opposite,34
BTC,short,2026-01-06 09:10:00+00:00,2026-01-06 10:10:00+00:00,93329.28,93329.28,93603.85869946558,93674.06159349017,93603.85869946558,0.00020742757195583772,19.359065942786525,0.013587104764346934,0.01456201585179464,-0.08510431355707833,-0.004396096062103113,-1.4942327321291418,stop,12
BTC,long,2026-01-06 14:40:00+00:00,2026-01-06 14:45:00+00:00,94251.42,94251.42,93869.16028095686,93798.75841074614,93869.16028095686,0.00020530784057609758,19.350555511430816,0.013498921371300843,0.014454055945480227,-0.10643389477275406,-0.00550030177220913,-1.3561754656150957,stop,1
BTC,short,2026-01-07 02:20:00+00:00,2026-01-07 02:50:00+00:00,92457.15,92457.15,92903.23982838953,92972.91725826083,92903.23982838953,0.00020917703089434986,19.33991212195354,0.013591881817225236,0.014574917900827596,-0.12147854553274617,-0.006281235652299103,-1.3018569577938124,stop,6
BTC,short,2026-01-07 04:10:00+00:00,2026-01-07 08:15:00+00:00,92746.0,92746.0,92872.82,92896.03820500002,93068.51679846151,0.00020839458593794084,19.327764267400262,0.01354506856198311,0.004838548217199718,-0.044812218167833935,-0.0023185412212119003,-0.666741779430696,15m_opposite,49
BTC,short,2026-01-07 11:45:00+00:00,2026-01-07 23:30:00+00:00,92116.02,92116.02,91221.43,91244.2353575,92353.1727653365,0.00020977114562248215,19.32328304558348,0.01343486050031178,0.004783905969107057,0.1694404026929998,0.008768717111543166,3.4059873587186362,15m_opposite,141
BTC,short,2026-01-08 03:20:00+00:00,2026-01-08 15:15:00+00:00,90951.71,90951.71,90219.91,90242.46497750001,91273.40822960479,0.0002126428088691546,19.340227085852778,0.013462751033216513,0.004796153769582892,0.13735310272764856,0.0071019384683503155,2.0078862379964004,15m_opposite,143
BTC,long,2026-01-08 18:20:00+00:00,2026-01-08 19:55:00+00:00,91224.0,91224.0,90731.99965454612,90663.9506548052,90731.99965454612,0.00021215866872890404,19.353962396125542,0.013488364015538368,0.014437185193366437,-0.13230768751456126,-0.006836206705715614,-1.2675318753016147,stop,19
BTC,short,2026-01-09 08:30:00+00:00,2026-01-09 15:25:00+00:00,90572.0,90572.0,90876.06879651442,90944.2258481118,90876.06879651442,0.00021353985367855504,19.340731627374087,0.013578254665732446,0.014554246825267785,-0.09306330780690317,-0.004811778044383034,-1.4332689379233843,stop,83
BTC,long,2026-01-09 17:25:00+00:00,2026-01-09 18:30:00+00:00,91160.39,91160.39,90500.01,90477.38499749999,90476.79749938734,0.00021205948435053202,19.331425296593395,0.013459578863295884,0.0047978463635804484,-0.15829726750228165,-0.008188597843852568,-1.0919894123029978,15m_opposite,13
BTC,short,2026-01-09 20:30:00+00:00,2026-01-09 23:15:00+00:00,90358.02,90358.02,90567.9,90590.541975,90790.98363035948,0.0002137673619878254,19.31559556984317,0.013545769703490192,0.004840115265945557,-0.06325137890343843,-0.0032746274208697358,-0.6834034760421563,15m_opposite,33
BTC,short,2026-01-10 03:40:00+00:00,2026-01-10 08:00:00+00:00,90484.26,90484.26,90543.77,90566.40594250002,90606.58793173131,0.00021339921917859335,19.309270431952825,0.013525254242361076,0.004830492454874071,-0.031055134230555226,-0.0016083017916184673,-1.1896383386168161,15m_opposite,52
BTC,short,2026-01-10 18:35:00+00:00,2026-01-10 20:10:00+00:00,90446.0,90446.0,90535.22673112918,90603.12815117753,90535.22673112918,0.00021345515466167407,19.306164918529774,0.013531085349876492,0.014493908118167996,-0.04707089916117918,-0.002438127891262403,-2.471444515140407,stop,19
BTC,short,2026-01-10 22:15:00+00:00,2026-01-10 22:30:00+00:00,90285.21,90285.21,90374.13989338654,90441.92049830659,90374.13989338654,0.0002137831636944041,19.301457828613653,0.013527771513085611,0.01449035215692759,-0.04702983762519287,-0.0024365951029602013,-2.4737294983538174,stop,3
BTC,long,2026-01-11 04:15:00+00:00,2026-01-11 06:20:00+00:00,90610.08,90610.08,90513.13514817822,90445.25029681709,90513.13514817822,0.00021296476997759118,19.296754844851137,0.013490176931483884,0.014457081755086046,-0.04859309675530766,-0.0025182004511123033,-2.353650967983137,stop,25
BTC,long,2026-01-11 08:45:00+00:00,2026-01-11 20:00:00+00:00,90605.1,90605.1,90554.0,90531.3615,90508.26800265955,0.00021292284358359078,19.291895535175602,0.013496476569072127,0.004820253794467318,-0.029197087670662168,-0.0015134379935567283,-1.4161145542405738,15m_opposite,135
BTC,short,2026-01-11 20:45:00+00:00,2026-01-11 21:50:00+00:00,90475.98,90475.98,90703.17257855872,90771.19995799263,90703.17257855872,0.00021319443930210578,19.288975826408535,0.01353375270519349,0.014503059015605214,-0.07647300612022521,-0.003964596503642564,-1.578840102291989,stop,13
BTC,short,2026-01-11 22:50:00+00:00,2026-01-11 23:15:00+00:00,90505.28,90505.28,90738.74699220383,90806.80105244799,90738.74699220383,0.00021304092452723768,19.281328525796514,0.013529048129946533,0.0144982999122485,-0.0777653719078924,-0.004033195731500037,-1.563499428885122,stop,5
BTC,long,2026-01-12 01:40:00+00:00,2026-01-12 07:45:00+00:00,91115.77,91115.77,91452.6,91429.73685,90577.5397141714,0.0002115281689284492,19.273551988605725,0.013524692808466372,0.004836200255437463,0.05288814007626608,0.0027440785231249987,0.4645387562873408,15m_opposite,73
BTC,short,2026-01-12 09:55:00+00:00,2026-01-12 14:50:00+00:00,90644.11,90644.11,91022.89657556634,91091.16374799801,91022.89657556634,0.00021268718731546208,19.27884080261335,0.013542729863949613,0.014519552890472638,-0.10862533410448219,-0.005634432859145631,-1.3483269598675816,stop,59
BTC,long,2026-01-12 18:40:00+00:00,2026-01-12 21:30:00+00:00,91588.0,91588.0,91264.07,91241.25398250001,91012.31779626677,0.00021037666800457374,19.2679782692029,0.013451111152539278,0.004799957738782762,-0.08639838295804214,-0.004484039879582881,-0.7133870768073044,15m_opposite,34
BTC,short,2026-01-13 02:10:00+00:00,2026-01-13 04:20:00+00:00,91178.46,91178.46,91454.03727431723,91522.62780227297,91454.03727431723,0.00021122684492485498,19.259338430907093,0.013517885641134385,0.014488160811819693,-0.08621536463997329,-0.004476548607797254,-1.4811265159123521,stop,26
BTC,long,2026-01-13 05:40:00+00:00,2026-01-13 12:00:00+00:00,91817.93,91817.93,91900.0,91877.02500000001,91482.06688143693,0.00020966184812098356,19.250716894443098,0.013481696809567525,0.004816980960577767,-0.0010917298948547073,-5.6711129296688454e-05,-0.015503632915284034,15m_opposite,76
BTC,long,2026-01-13 16:35:00+00:00,2026-01-14 05:30:00+00:00,93509.16,93509.16,95026.5,95002.743375,92811.70971828428,0.00020586868411023702,19.250607721453612,0.013629166427027616,0.004890745127649233,0.2938528775931495,0.015264602647617646,2.046569065541367,15m_opposite,155
BTC,long,2026-01-14 14:40:00+00:00,2026-01-15 00:30:00+00:00,95824.02,95824.02,96730.0,96705.8175,95323.7422389679,0.00020120208909220179,19.279993009212927,0.013584704856027188,0.004865569519471233,0.16383479430025374,0.008497658387218577,1.6276553760256847,15m_opposite,118
BTC,short,2026-01-15 04:15:00+00:00,2026-01-15 05:00:00+00:00,96032.18,96032.18,96445.12267332623,96517.45651533123,96445.12267332623,0.00020093656614525413,19.29637648864295,0.01355621844036086,0.01453451382857776,-0.11106601506195413,-0.005755796438120028,-1.3385433748868545,stop,9
BTC,long,2026-01-15 14:05:00+00:00,2026-01-15 14:30:00+00:00,96998.01,96998.01,96661.52369019682,96589.02754742917,96661.52369019682,0.0001988212942423948,19.285269887136753,0.013459031710724448,0.014413776932644855,-0.09477345225328464,-0.0049142922452175995,-1.4166299027837495,stop,5
BTC,short,2026-01-15 19:55:00+00:00,2026-01-16 05:45:00+00:00,95535.2,95535.2,95567.4,95591.29185000001,96073.39464720877,0.00020176639125590808,19.27579254191143,0.013498713504414686,0.004820572354930399,-0.02481616365778474,-0.001287426371902834,-0.22853169678088678,15m_opposite,118
BTC,short,2026-01-16 12:50:00+00:00,2026-01-16 14:25:00+00:00,95378.02,95378.02,95569.11349547851,95640.79033060012,95569.11349547851,0.00020207287722627968,19.273310925545648,0.013517867026258987,0.014483944303498605,-0.06661662378032603,-0.0034564182582676847,-1.7251572532069979,stop,19
BTC,short,2026-01-16 17:40:00+00:00,2026-01-16 18:00:00+00:00,94788.0,94788.0,95037.42,95061.179355,95240.7744865552,0.00020326042603670944,19.266649263167615,0.013514417760258197,0.004829336619657821,-0.06904096984199173,-0.0035834445781902794,-0.7501914413547552,15m_opposite,4
BTC,short,2026-01-16 19:40:00+00:00,2026-01-16 20:45:00+00:00,94925.91,94925.91,95208.0,95231.80200000001,95255.65244458962,0.00020289239435453837,19.259745166183418,0.013512853196475341,0.004829244770428872,-0.07557601349037522,-0.003924040159320116,-1.1296485760684976,15m_opposite,13
BTC,long,2026-01-17 00:40:00+00:00,2026-01-17 01:45:00+00:00,95412.73,95412.73,95360.12,95336.27997,95221.18627887352,0.00020177797621799922,19.25218756483438,0.013468818329216465,0.004810393006374796,-0.02889475066442032,-0.0015008554517305262,-0.7476137309164766,15m_opposite,13
BTC,short,2026-01-17 04:35:00+00:00,2026-01-17 04:45:00+00:00,95248.21,95248.21,95303.08,95326.90577000001,95366.08790983185,0.00020209616631921938,19.249298089767937,0.013482460719548825,0.004815096776605565,-0.02938657414208902,-0.0015266309454529984,-1.233554828826115,15m_opposite,2
BTC,short,2026-01-17 07:00:00+00:00,2026-01-17 11:45:00+00:00,95187.7,95187.7,95272.8,95296.61820000001,95299.62695233784,0.00020219376487039533,19.246359432353728,0.013483462893108065,0.004815891530437829,-0.035506043814017715,-0.0018448187013659816,-1.5689165605971491,15m_opposite,57
BTC,long,2026-01-17 14:55:00+00:00,2026-01-17 16:45:00+00:00,95374.01,95374.01,95234.36122371188,95162.93545279409,95234.36122371188,0.00020176155776581404,19.242808827972326,0.01344867281485614,0.014410974804997678,-0.056035402263833606,-0.0029120178225944694,-1.9887808852639366,stop,22
BTC,short,2026-01-18 00:55:00+00:00,2026-01-18 05:45:00+00:00,95057.98,95057.98,95188.47663232006,95259.86798979431,95188.47663232006,0.00020237338609284508,19.237205287745944,0.01348647207947524,0.01444771074982818,-0.054343228185627826,-0.002824902441533144,-2.0577505719120506,stop,58
BTC,short,2026-01-18 15:45:00+00:00,2026-01-18 17:05:00+00:00,95010.49,95010.49,95171.78062832843,95243.15946379967,95171.78062832843,0.00020241734323154611,19.23177096492738,0.013485787842805887,0.01444831423905108,-0.060582122556243435,-0.003150106283333236,-1.855613959926675,stop,16
BTC,long,2026-01-18 20:20:00+00:00,2026-01-18 23:00:00+00:00,95317.99,95317.99,95155.54412584352,95084.17746774913,95155.54412584352,0.0002017007781287851,19.225712752671757,0.0134344188420246,0.014394710470087954,-0.060594588533287,-0.0031517473142766215,-1.8493434846818257,stop,32
BTC,short,2026-01-19 03:35:00+00:00,2026-01-19 08:00:00+00:00,92511.71,92511.71,92787.37,92810.5668425,92893.18782644231,0.00020775373510897621,19.21965329381843,0.013484801618319022,0.0048192306721114376,-0.07557342691056855,-0.0039320910609181,-0.9535664793776977,15m_opposite,53
BTC,short,2026-01-19 14:25:00+00:00,2026-01-19 15:55:00+00:00,92808.35,92808.35,93034.75112258266,93104.5271859246,93034.75112258266,0.00020700826974218774,19.21209595112737,0.013479122729186839,0.014444222141835968,-0.07479024952454705,-0.0038928729959917955,-1.5958009191657399,stop,18
BTC,short,2026-01-19 22:45:00+00:00,2026-01-20 10:30:00+00:00,92752.79,92752.79,91190.55,91213.34763750002,92993.17354708044,0.00020705163614134862,19.204616926174918,0.013283859818371982,0.004720288144535344,0.3054602000825512,0.015905560691826373,6.137213418302295,15m_opposite,141
BTC,short,2026-01-20 12:40:00+00:00,2026-01-21 03:45:00+00:00,91119.11,91119.11,89442.67,89465.0306675,91362.8280596873,0.0002110991091350999,19.235162946183173,0.013290026725563456,0.00472031698891716,0.33588464680396674,0.01746201203201225,6.52853956414952,15m_opposite,181
BTC,short,2026-01-21 08:15:00+00:00,2026-01-21 09:30:00+00:00,89032.12,89032.12,89368.06257852617,89435.08862546006,89368.06257852617,0.00021642471740382656,19.268751410863572,0.013531732173048405,0.01450609326636434,-0.10074410306085194,-0.0052283669508577085,-1.3856314249148844,stop,15
BTC,short,2026-01-21 12:45:00+00:00,2026-01-21 13:30:00+00:00,88534.05,88534.05,88941.36384042156,89008.06986330188,88941.36384042156,0.00021752847633828434,19.258677000557483,0.013532630309699306,0.014510459519742003,-0.11664544892783768,-0.006056773729808186,-1.316505001839718,stop,9
BTC,long,2026-01-21 15:35:00+00:00,2026-01-21 16:20:00+00:00,90100.09,90100.09,89317.045314221,89250.05753023534,89317.045314221,0.00021361812685941493,19.247012455664702,0.013382117546984887,0.01430980493748056,-0.19496446150779329,-0.010129596058447612,-1.1655497229022367,stop,9
BTC,short,2026-01-22 14:45:00+00:00,2026-01-22 18:00:00+00:00,89403.83,89403.83,89457.67,89480.0344175,89909.2528334229,0.00021506367243454694,19.22751600951392,0.013467455607601389,0.004809773759411198,-0.02985625749088784,-0.0015527880708103294,-0.2746714068467833,15m_opposite,39
BTC,short,2026-01-22 22:20:00+00:00,2026-01-23 01:30:00+00:00,89266.03,89266.03,89639.00496107675,89706.23421479756,89639.00496107675,0.0002153622199146174,19.224530383764833,0.013504572947092671,0.014478641324517181,-0.10830792986166603,-0.005633840083455685,-1.3483761388515147,stop,38
BTC,long,2026-01-23 04:35:00+00:00,2026-01-23 05:15:00+00:00,89939.98,89939.98,89736.76638285154,89669.46380806439,89736.76638285154,0.000213628017159651,19.213699590778667,0.013420694794698675,0.014377715601516561,-0.07121053248748119,-0.0037062374245539695,-1.640337515355141,stop,8
BTC,short,2026-01-23 08:00:00+00:00,2026-01-23 13:15:00+00:00,89415.47,89415.47,89279.17,89301.48979250001,89650.69628275455,0.000214801516309537,19.206578537529918,0.013432363415570806,0.004794325272717053,0.011050757984702663,0.0005753631737745133,0.21871012032028053,15m_opposite,63
BTC,long,2026-01-23 18:05:00+00:00,2026-01-23 19:15:00+00:00,90655.4,90655.4,89963.58113519501,89896.1084493436,89963.58113519501,0.00021187578029911497,19.207683613328385,0.013364940784444945,0.014295827963643298,-0.17424043055429206,-0.00907139216065518,-1.1887080950197522,stop,14
BTC,short,2026-01-23 23:30:00+00:00,2026-01-24 02:45:00+00:00,89446.03,89446.03,89547.99,89570.37699750002,89720.66781564901,0.0002145456826901424,19.190259570272957,0.013446520754925625,0.004803033662022695,-0.040124632224036616,-0.0020908853305034213,-0.6809746558637949,15m_opposite,39
BTC,long,2026-01-24 03:55:00+00:00,2026-01-24 06:30:00+00:00,89625.98,89625.98,89532.95,89510.5667625,89456.93805180665,0.00021407015138970369,19.186247107050555,0.01341801971032339,0.004791583040214784,-0.03812454893432206,-0.0019870769265924893,-1.0535474702263665,15m_opposite,31
BTC,short,2026-01-24 12:35:00+00:00,2026-01-24 22:15:00+00:00,89381.66,89381.66,89329.68,89352.01242,89446.78457325911,0.00021461264707051898,19.182434652157124,0.013424522883698468,0.004792819771691908,-0.0070617772606625506,-0.0003681376941309393,-0.5052587151562669,15m_opposite,116
BTC,short,2026-01-25 00:25:00+00:00,2026-01-26 00:15:00+00:00,89101.91,89101.91,86955.62,86977.358905,89223.19574617693,0.00021527853302393915,19.181728474431054,0.013198524810568737,0.004679919577947985,0.44417171825543533,0.02315597986112197,17.011413942555613,15m_opposite,286
BTC,long,2026-01-26 08:20:00+00:00,2026-01-26 09:50:00+00:00,87838.53,87838.53,87520.06205019288,87454.42200365523,87520.06205019288,0.00021888054873250496,19.226145646256597,0.013416265067873377,0.014367329404988005,-0.09749003408035967,-0.005070700902515078,-1.3985800254510878,stop,18
BTC,long,2026-01-26 14:05:00+00:00,2026-01-26 14:10:00+00:00,87867.22,87867.22,87631.84275466166,87566.11887259566,87631.84275466166,0.00021869812932341054,19.216396642848565,0.013418552523343745,0.014373690059706349,-0.07926880582384307,-0.004125060868440347,-1.539900895346213,stop,1
BTC,short,2026-01-26 17:45:00+00:00,2026-01-26 18:30:00+00:00,87452.0,87452.0,88098.76191396793,88164.8359854034,88098.76191396793,0.00021964586015489843,19.208469762266176,0.013524214570167972,0.014512896254381347,-0.17009568773346373,-0.008855244058410417,-1.197363027524387,stop,9
BTC,long,2026-01-27 00:55:00+00:00,2026-01-27 06:45:00+00:00,88250.94,88250.94,88175.81,88153.7660475,87991.14885003917,0.00021746465469368179,19.19146019349283,0.013423456185432166,0.004793780518495667,-0.034555356211065154,-0.0018005589914821436,-0.6116491017792907,15m_opposite,70
BTC,short,2026-01-27 11:20:00+00:00,2026-01-27 11:40:00+00:00,87720.46,87720.46,87910.36932771465,87976.30210471044,87910.36932771465,0.0002187403561024614,19.188004657871723,0.013459584757055387,0.014422159118883067,-0.0694225778474191,-0.003618019647443595,-1.6711888330186224,stop,4
BTC,short,2026-01-27 18:35:00+00:00,2026-01-27 18:55:00+00:00,87651.41,87651.41,88241.11278062401,88307.29361520948,88241.11278062401,0.00021883347227485538,19.181062400086983,0.013498508324523126,0.01448258183038538,-0.1570277972489974,-0.00818660582889743,-1.2168291681748014,stop,4
BTC,long,2026-01-27 20:45:00+00:00,2026-01-28 02:45:00+00:00,88824.0,88824.0,89026.0,89003.7435,88336.18219606111,0.0002157678062276196,19.165359620362082,0.013435143164592794,0.004802236179305693,0.025347717514080666,0.0013225798010672435,0.24082111661655134,15m_opposite,72
BTC,long,2026-01-28 06:50:00+00:00,2026-01-28 08:50:00+00:00,89099.6,89099.6,88856.26962858906,88789.62742636762,88856.26962858906,0.00021512884897478205,19.167894392113492,0.013384184052989802,0.014336660257042883,-0.08006822703227652,-0.0041772051428465755,-1.529555497685911,stop,24
BTC,long,2026-01-28 18:15:00+00:00,2026-01-28 19:00:00+00:00,89699.83,89699.83,89034.90139347411,88968.125217429,89034.90139347411,0.00021360004327109942,19.159887569410262,0.013333775211977764,0.01426339409271412,-0.16962594843081447,-0.008853180782836688,-1.1943068825522003,stop,9
BTC,short,2026-01-28 22:00:00+00:00,2026-01-29 08:30:00+00:00,89273.34,89273.34,88296.55,88318.62413750001,89742.85637483466,0.00021443047806396826,19.14292497456718,0.013297687392791463,0.004733367856976282,0.19142249141833445,0.00999964695430054,1.9013221482330336,15m_opposite,126
BTC,short,2026-01-29 11:00:00+00:00,2026-01-29 13:00:00+00:00,87799.99,87799.99,87968.4,87990.3921,88022.48729136492,0.00021824680417058148,19.162067223709013,0.013434224381512492,0.004799705542000526,-0.054988874213878235,-0.002869673379803256,-1.1324061183143344,15m_opposite,24
BTC,short,2026-01-30 00:55:00+00:00,2026-01-30 12:00:00+00:00,84054.37,84054.37,83004.91,83025.66122750001,84376.18498337535,0.0002279068695213304,19.156568336287627,0.013292372937406538,0.00472934729825096,0.22115742305219604,0.011544730724723026,3.015350800973762,15m_opposite,133
BTC,short,2026-01-30 18:35:00+00:00,2026-01-30 18:45:00+00:00,82147.01,82147.01,83046.33521035365,83108.61996176142,83046.33521035365,0.00023346782893976116,19.17868407859285,0.013537331350044639,0.014541485687225495,-0.23804232140933096,-0.012411817225511974,-1.1337318936509735,stop,2
BTC,long,2026-01-30 22:10:00+00:00,2026-01-31 02:30:00+00:00,84045.39,84045.39,83734.47,83713.53638250001,83376.4554840294,0.00022791113047904133,19.154879846451916,0.013370599325957352,0.004771004429438944,-0.08900373244393943,-0.0046465304485021714,-0.5837932628197705,15m_opposite,52
BTC,long,2026-01-31 04:05:00+00:00,2026-01-31 06:25:00+00:00,83931.18,83931.18,83727.22859008373,83664.43316864116,83727.22859008373,0.00022811521860180593,19.14597947320752,0.013371761125371886,0.014324591289564372,-0.07422077287213101,-0.00387657225768961,-1.5953078435532273,stop,28
BTC,short,2026-01-31 08:05:00+00:00,2026-01-31 23:30:00+00:00,83340.67,83340.67,78879.94,78899.659985,83585.34296186997,0.0002296424710278944,19.13855739592031,0.012887067920292103,0.004528546084033784,1.0069574457839325,0.052614072469149724,17.921441002286628,15m_opposite,185
BTC,short,2026-02-01 06:30:00+00:00,2026-02-01 08:45:00+00:00,78634.83,78634.83,78790.24,78809.93756,78934.67542751407,0.00024466579428605243,19.239253140498704,0.01348889861347554,0.004819319162897302,-0.056331728866369106,-0.0029279581933349895,-0.7678606163477395,15m_opposite,27
BTC,short,2026-02-01 11:50:00+00:00,2026-02-02 00:30:00+00:00,78667.99,78667.99,77862.39,77881.8555975,79070.3389601715,0.00024449105624297843,19.233619967612068,0.013367432562120363,0.0047591644931771395,0.17883539785404734,0.009298062359305859,1.8179738215042787,15m_opposite,152
BTC,short,2026-02-02 04:15:00+00:00,2026-02-02 06:40:00+00:00,75434.48,75434.48,76603.53703090984,76660.98968368302,76603.53703090984,0.00025520827488169167,19.251503507397473,0.013632560165427448,0.01466239240162,-0.3266479806638603,-0.01696740104160407,-1.094837155659322,stop,29
BTC,long,2026-02-02 14:55:00+00:00,2026-02-02 15:00:00+00:00,78288.71,78288.71,77507.35197390463,77449.2214599242,77507.35197390463,0.00024548672100142,19.218838709331084,0.01335014545202102,0.014270269267183387,-0.21943343447349997,-0.0114176219381539,-1.1439965584952732,stop,1
BTC,long,2026-02-02 22:30:00+00:00,2026-02-03 02:45:00+00:00,78597.01,78597.01,78317.03,78297.4507425,78194.0961850433,0.00024424460123716836,19.196895365883734,0.01340124389042112,0.004782127940605904,-0.08656697528540842,-0.004509425802218686,-0.8796605420673619,15m_opposite,51
BTC,long,2026-02-03 05:10:00+00:00,2026-02-03 05:15:00+00:00,78693.82,78693.82,78275.55149430467,78216.84483068394,78275.55149430467,0.00024383412405644042,19.188238668355194,0.013373615656545207,0.014314687900237036,-0.1296764382634003,-0.0067581209773703585,-1.2714855373758054,stop,1
BTC,short,2026-02-03 15:15:00+00:00,2026-02-03 15:25:00+00:00,77113.18,77113.18,77912.56122972327,77970.99565064556,77912.56122972327,0.00024866399005369575,19.17527102452885,0.013529343648380213,0.014530536263014012,-0.22683720606841495,-0.011829674051451302,-1.1411623772885888,stop,2
BTC,short,2026-02-03 17:55:00+00:00,2026-02-03 20:30:00+00:00,75001.14,75001.14,75583.96,75602.85599000001,75844.47051570112,0.0002553639491869325,19.15258730392201,0.01348363939849307,0.004825354630197941,-0.1671402108938208,-0.008726769299706798,-0.7761104736627075,15m_opposite,31
BTC,short,2026-02-04 14:25:00+00:00,2026-02-05 09:15:00+00:00,75180.89,75180.89,71687.88,71705.80197000001,75762.6266938033,0.00025453108207195514,19.13587328283263,0.012952852339697243,0.004561698416963748,0.8715650642314976,0.04554613480919133,5.8861663489510425,15m_opposite,226
BTC,short,2026-02-05 11:45:00+00:00,2026-02-06 02:00:00+00:00,70360.92,70360.92,65635.24,65651.64881000001,71115.1882389946,0.0002732060608254665,19.22302978925578,0.012812820136889669,0.004482986342935732,1.273788611041863,0.06626367565397077,6.1813197753224935,15m_opposite,171
BTC,long,2026-02-06 12:15:00+00:00,2026-02-07 00:45:00+00:00,66334.02,66334.02,69693.63,69676.2065925,65732.28624616767,0.00029171168354277284,19.350408650359967,0.014032763494058105,0.005082611534876359,0.9609221141182007,0.04965900883443747,5.474317610113012,15m_opposite,150
BTC,long,2026-02-07 03:25:00+00:00,2026-02-07 05:40:00+00:00,70630.4,70630.4,70112.86458722121,70060.27993878079,70112.86458722121,0.0002753276331688874,19.44650086177178,0.013534065699701456,0.01447800679611814,-0.17050387277728615,-0.008767843325092237,-1.1965872593404454,stop,27
BTC,short,2026-02-07 08:30:00+00:00,2026-02-07 12:15:00+00:00,68379.33,68379.33,68782.03,68799.2255075,69289.04766269829,0.00028414215925330144,19.429450474494054,0.013660270340226741,0.00488596863050649,-0.1329702865020369,-0.006843749218568646,-0.5144134333565804,15m_opposite,45
BTC,long,2026-02-07 20:35:00+00:00,2026-02-07 23:05:00+00:00,69494.73,69494.73,69100.08800226357,69048.26293626188,69100.08800226357,0.0002793902997514178,19.416153445843847,0.01352893812870723,0.014479420724849992,-0.13826750489563608,-0.007121261442504367,-1.25402299817258,stop,30
BTC,short,2026-02-09 02:15:00+00:00,2026-02-09 03:30:00+00:00,70288.2,70288.2,70954.93227801422,71008.14847722274,70954.93227801422,0.00027603960117564947,19.402326695354283,0.01368099583200779,0.014689778405602844,-0.21241528635159027,-0.01094792854933482,-1.1541516990196399,stop,15
BTC,long,2026-02-09 04:45:00+00:00,2026-02-09 06:15:00+00:00,70973.64,70973.64,70500.2887087865,70447.4134922549,70500.2887087865,0.00027307441420109106,19.381085166719124,0.013494910119033598,0.014438868780121527,-0.15719390545861298,-0.008110686481505366,-1.2161051489169474,stop,18
BTC,short,2026-02-09 08:20:00+00:00,2026-02-09 13:30:00+00:00,70310.44,70310.44,69204.2,69221.50105,70737.40905041496,0.0002754266048708167,19.365365776173263,0.01340579466436624,0.004765169462202757,0.2865169632457247,0.014795329277913723,2.4363969952013704,15m_opposite,62
BTC,short,2026-02-10 05:20:00+00:00,2026-02-10 13:45:00+00:00,69613.98,69613.98,68973.75,68990.9934375,69975.14577843466,0.00027859371741851044,19.394017472497836,0.013489032159574161,0.00480391335419907,0.16007111018907857,0.008253633390609829,1.5908712953688415,15m_opposite,101
BTC,short,2026-02-10 15:15:00+00:00,2026-02-10 15:35:00+00:00,68595.99,68595.99,69451.3849190503,69503.47345773959,69451.3849190503,0.00028296150523546266,19.410024583516744,0.013715408651050857,0.014739051313037543,-0.27049829382932516,-0.013936009852302608,-1.117559119394593,stop,4
BTC,short,2026-02-10 22:00:00+00:00,2026-02-11 00:20:00+00:00,68611.01,68611.01,69043.98329453451,69095.76628200541,69043.98329453451,0.0002825053115255673,19.382974754133812,0.013636555440124626,0.014628969007190774,-0.15058277990204025,-0.007768816799904535,-1.2310837039486857,stop,28
BTC,short,2026-02-11 03:50:00+00:00,2026-02-11 12:30:00+00:00,68349.19,68349.19,67190.83,67207.62770750001,68776.9361082228,0.0002833671690351211,19.36791647614361,0.013395800895749044,0.004759918820557567,0.31008547420721644,0.016010264944562497,2.558266737230649,15m_opposite,104
BTC,short,2026-02-11 18:00:00+00:00,2026-02-11 18:45:00+00:00,66470.63,66470.63,67181.37723562418,67231.7632685509,67181.37723562418,0.0002918420514979974,19.39892502356433,0.013690312863773667,0.014704763216179334,-0.2358210074210436,-0.012156395631953124,-1.1368926049716523,stop,9
BTC,short,2026-02-12 05:30:00+00:00,2026-02-12 06:25:00+00:00,66819.42,66819.42,67238.02183429763,67288.45035067336,67238.02183429763,0.0002899657453300587,19.375342922822227,0.01363074141358327,0.014622542336777733,-0.14963347662900336,-0.007722881459442455,-1.232766838479232,stop,11
BTC,short,2026-02-12 09:05:00+00:00,2026-02-12 09:30:00+00:00,67064.01,67064.01,67368.78439486545,67419.3109831616,67368.78439486545,0.00028868508720488573,19.360379575159328,0.013603550750265524,0.014586272548440556,-0.11617364605825578,-0.0060005872099385075,-1.3203978005791572,stop,5
BTC,long,2026-02-12 10:50:00+00:00,2026-02-12 14:45:00+00:00,67797.42,67797.42,67578.01,67561.1154975,67435.84312359717,0.0002853908336121567,19.348762210553502,0.01351041397791006,0.004821536151937483,-0.08094955293269183,-0.004183707053288353,-0.7844653869202206,15m_opposite,47
BTC,short,2026-02-12 17:15:00+00:00,2026-02-12 22:45:00+00:00,65683.59,65683.59,66138.21,66154.74455250001,66609.51559230401,0.0002944520428201357,19.340667255260236,0.013607833288915983,0.0048686327607421215,-0.1523402537565511,-0.007876680351610823,-0.5587583355255055,15m_opposite,66
BTC,short,2026-02-13 06:15:00+00:00,2026-02-13 07:10:00+00:00,66183.25,66183.25,66475.23269317833,66525.08911769821,66475.23269317833,0.0002919988551466509,19.32543322988458,0.013577711576425318,0.01455801888151023,-0.11339434258864427,-0.005867622279913127,-1.3300045561942888,stop,11
BTC,long,2026-02-13 13:45:00+00:00,2026-02-13 14:40:00+00:00,67276.26,67276.26,66868.7141999137,66818.56266426375,66868.7141999137,0.00028708631834804317,19.31409379562572,0.013454166335420892,0.014397819729243054,-0.14485280936964745,-0.007499850156182523,-1.2380494878404642,stop,11
BTC,long,2026-02-13 15:55:00+00:00,2026-02-14 05:00:00+00:00,68586.32,68586.32,68759.86,68742.670035,67748.6253174537,0.000281391515315135,19.299608514688753,0.013531723746916238,0.004837110299563503,0.030463849521306985,0.0015784698170494614,0.12923734415194996,15m_opposite,157
BTC,long,2026-02-14 12:15:00+00:00,2026-02-14 12:35:00+00:00,70450.25,70450.25,70112.92925850846,70060.34456156458,70112.92925850846,0.0002739898708612231,19.302654899640885,0.013458443359386113,0.014407674324931941,-0.12028858408439652,-0.006231711891955051,-1.30150805069074,stop,4
BTC,short,2026-02-15 03:15:00+00:00,2026-02-15 03:45:00+00:00,69427.99,69427.99,69720.05278468231,69772.34282427082,69720.05278468231,0.0002778508500855698,19.290626041232443,0.013551277591339216,0.014528831950675069,-0.10923000254435133,-0.005662335805529556,-1.3460276841179029,stop,6
BTC,long,2026-02-15 07:30:00+00:00,2026-02-15 08:30:00+00:00,70644.96,70644.96,70290.09908664944,70237.38151233445,70290.09908664944,0.00027290981608564866,19.279703040978006,0.01344017604362997,0.014387143510784219,-0.12467234615290274,-0.006466507595470643,-1.2873386536387041,stop,12
BTC,short,2026-02-15 14:50:00+00:00,2026-02-16 08:30:00+00:00,69073.89,69073.89,68695.15,68712.3237875,69501.24946982224,0.00027893659682931885,19.26723580636272,0.013436638040032294,0.004790397839922909,0.08741741080318248,0.0045371018282920565,0.7333294210997549,15m_opposite,212
BTC,short,2026-02-16 16:35:00+00:00,2026-02-16 18:20:00+00:00,67624.49,67624.49,68170.59411665937,68221.72206224686,68170.59411665937,0.0002850443315349666,19.275977547443034,0.013578303090187326,0.014573731072742263,-0.18381591704459144,-0.009536010124112988,-1.1808514193644468,stop,21
BTC,short,2026-02-16 19:30:00+00:00,2026-02-16 20:40:00+00:00,67928.72,67928.72,68229.77315698299,68280.94548685073,68229.77315698299,0.00028349711220436035,19.257595955738577,0.013530244623200483,0.01450720774227291,-0.11338515299015728,-0.005887814514893777,-1.3285085850029863,stop,14
BTC,long,2026-02-16 23:15:00+00:00,2026-02-17 02:00:00+00:00,68698.54,68698.54,68375.3554074449,68324.07389088933,68375.3554074449,0.00028015526153015135,19.24625744043956,0.013419925882941655,0.014366786682291388,-0.1183285766150191,-0.006148134357092785,-1.3068935332494815,stop,33
BTC,short,2026-02-17 08:35:00+00:00,2026-02-17 19:15:00+00:00,68233.33,68233.33,68134.5,68151.53362500001,68465.95585042087,0.00028189192265390037,19.23442458277806,0.01345256833923721,0.004801641301018628,0.00960516907562963,0.0004993738717938989,0.14647530412395762,15m_opposite,128
BTC,short,2026-02-18 12:35:00+00:00,2026-02-18 15:35:00+00:00,67352.24,67352.24,67703.35531000786,67754.13282649037,67703.35531000786,0.0002855938436447789,19.235385099685622,0.013522158628305261,0.01450174610297738,-0.12830027567895314,-0.006670013364122876,-1.2794666825937189,stop,36
BTC,short,2026-02-18 19:15:00+00:00,2026-02-19 01:15:00+00:00,66326.28,66326.28,66665.03,66681.6962575,66861.98683848356,0.00028981807923070203,19.22255507211773,0.013507291579020418,0.004830182736616662,-0.1165133486550374,-0.006061283123804897,-0.7504521741159309,15m_opposite,72
BTC,long,2026-02-19 07:45:00+00:00,2026-02-19 08:20:00+00:00,67158.0,67158.0,66937.10700164358,66886.90417139235,66937.10700164358,0.00028605532828929127,19.210903737252224,0.013408858412951447,0.014360787088568172,-0.09095726466317001,-0.004734668702065957,-1.439479218713363,stop,7
BTC,short,2026-02-19 12:20:00+00:00,2026-02-19 15:00:00+00:00,66469.42,66469.42,66728.23214078521,66778.2783148908,66728.23214078521,0.0002888818348465491,19.201808010785907,0.01348587738590677,0.014457430602673123,-0.10270943409917645,-0.005348945997245843,-1.3737428892229246,stop,32
BTC,long,2026-02-20 01:30:00+00:00,2026-02-20 11:45:00+00:00,67169.55,67169.55,67428.02,67411.162995,66923.13728315617,0.0002857178151018726,19.19153706737599,0.013468592515679003,0.004816346637760778,0.05556454451594156,0.002895262860961598,0.7892186166096163,15m_opposite,123
BTC,short,2026-02-20 14:00:00+00:00,2026-02-20 14:35:00+00:00,66791.43,66791.43,67286.95081280543,67337.41602591504,67286.95081280543,0.00028741851345041706,19.197093521827586,0.013516428711245913,0.014504636532922076,-0.17044292064444894,-0.008878579481349663,-1.196746947056784,stop,7
BTC,long,2026-02-21 09:40:00+00:00,2026-02-21 12:05:00+00:00,68203.08,68203.08,68025.5169264319,67974.49778873708,68025.5169264319,0.0002812196931540796,19.180049229763142,0.013393893551178279,0.014347586247523164,-0.07767571286301898,-0.004049818221659393,-1.5555603460048972,stop,29
BTC,short,2026-02-22 00:20:00+00:00,2026-02-22 02:05:00+00:00,67976.87,67976.87,68177.05153831869,68228.18432697243,68177.05153831869,0.00028204125401003086,19.172281658476845,0.01345603766489879,0.014421555832932798,-0.08433704559489233,-0.004398904997183969,-1.4937630894806875,stop,21
BTC,short,2026-02-22 03:20:00+00:00,2026-02-22 04:00:00+00:00,67837.38,67837.38,68046.70030996976,68097.73533520225,68046.70030996976,0.0002824968764111667,19.163847953917355,0.013451468352217954,0.014417235215742393,-0.0870010373038338,-0.004539852200510158,-1.4712938219628124,stop,8
BTC,long,2026-02-22 11:45:00+00:00,2026-02-22 12:05:00+00:00,68173.93,68173.93,68074.20257450356,68023.14692257269,68074.20257450356,0.0002809746753661843,19.15514785018697,0.013387420382015455,0.014345345226886184,-0.055753646612866,-0.0029106351487817824,-1.9897178323899964,stop,4
BTC,short,2026-02-22 15:00:00+00:00,2026-02-22 15:35:00+00:00,67434.0,67434.0,67692.02336225806,67742.79237977976,67692.02336225806,0.00028397503463424513,19.149572485525685,0.013448545403239353,0.014417133509071192,-0.10113787214598646,-0.005281468932135802,-1.3803036006229916,stop,7
BTC,short,2026-02-22 18:05:00+00:00,2026-02-22 21:35:00+00:00,67354.82,67354.82,67575.04889672241,67625.73018339495,67575.04889672241,0.0002841587090324209,19.139458698311085,0.01343611183280638,0.014401528992970345,-0.09041759981004861,-0.004724146133664025,-1.4448331586917964,stop,42
BTC,short,2026-02-23 14:50:00+00:00,2026-02-23 14:50:00+00:00,65628.01,65628.01,66078.42579554052,66127.98461488717,66078.42579554052,0.00029149774522083,19.130416938330082,0.01346416259328469,0.01444628409535602,-0.15920563550054997,-0.008322120527418427,-1.2125778327538312,stop,0
BTC,short,2026-02-23 18:30:00+00:00,2026-02-24 08:45:00+00:00,64809.63,64809.63,63365.44,63381.28136000001,65393.74158581467,0.0002949329655913794,19.11449637478003,0.013169513912199216,0.004672139283802367,0.40809758638141114,0.021350161593577825,2.368889963704654,15m_opposite,171
BTC,short,2026-02-24 11:45:00+00:00,2026-02-24 14:40:00+00:00,63183.24,63183.24,63435.4136282116,63482.99018843276,63435.4136282116,0.0003031706847166775,19.15530613341817,0.013454152028328276,0.014423818338713727,-0.1043296218994427,-0.005446512896885016,-1.3646483732954693,stop,35
BTC,long,2026-02-24 17:35:00+00:00,2026-02-24 21:15:00+00:00,64173.08,64173.08,64249.6,64233.5376,63670.1570307346,0.0002983318421248945,19.144873171228223,0.013410429433448981,0.0047919253809454885,0.004625997745001503,0.0002416311512553481,0.03083218732811258,15m_opposite,44
BTC,long,2026-02-25 03:55:00+00:00,2026-02-25 05:35:00+00:00,65422.7,65422.7,64973.430784367345,64924.70071127907,64973.430784367345,0.00029264056315319795,19.145335771002724,0.013328867643551314,0.014260396031050171,-0.15906365994473629,-0.008308219915664892,-1.2098451444334073,stop,20
BTC,long,2026-02-25 10:35:00+00:00,2026-02-25 22:45:00+00:00,65380.06,65380.06,68429.56,68412.45261,65133.428324381544,0.00029258812862833486,19.12942940500825,0.013834221623018918,0.005005419225816456,0.8734078574032718,0.04565781022065436,12.103515755669,15m_opposite,146
BTC,short,2026-02-26 15:05:00+00:00,2026-02-27 04:00:00+00:00,67548.61,67548.61,67608.04,67624.94201,68121.32173642523,0.00028448801819532004,19.216770190748576,0.013462596904648887,0.004808419328418974,-0.03517813915441374,-0.0018305958184039355,-0.21591002094147077,15m_opposite,155
BTC,long,2026-02-27 06:30:00+00:00,2026-02-27 07:30:00+00:00,67605.24,67605.24,67511.99,67495.11200250001,67341.07474095302,0.00028419768019214396,19.21325237683314,0.013433627603076344,0.00479668773578667,-0.044731749016780446,-0.002328171625472264,-0.5958262720430055,15m_opposite,12
BTC,long,2026-02-27 08:45:00+00:00,2026-02-27 09:40:00+00:00,67929.7,67929.7,67612.47592614326,67561.76656919865,67612.47592614326,0.00028277438590088667,19.20877920193146,0.013394124366378393,0.014339307269442408,-0.11743627431363637,-0.006113677141014149,-1.309170041973258,stop,11
BTC,short,2026-02-27 18:20:00+00:00,2026-02-27 23:30:00+00:00,65525.85,65525.85,65879.48,65895.94987,65991.9256314036,0.0002929688905142031,19.197035574500095,0.013492138776296743,0.004825159540813396,-0.12191988706964703,-0.006350974690675485,-0.8928873060403045,15m_opposite,62
BTC,short,2026-02-28 05:00:00+00:00,2026-02-28 10:45:00+00:00,65660.38,65660.38,63951.13,63967.117782500005,65852.81374784274,0.00029218295090270764,19.18484358579313,0.013182019334374583,0.004671357469242889,0.4815603320268377,0.02510108200118168,8.564748133241677,15m_opposite,69
BTC,long,2026-02-28 18:20:00+00:00,2026-03-01 00:45:00+00:00,65337.06,65337.06,66640.6,66623.93985000001,64929.4305327193,0.00029436585636078235,19.232999618995816,0.013652506477836416,0.00490417932184793,0.36516098260085234,0.018986169075789643,3.0432060673886228,15m_opposite,77
BTC,long,2026-03-01 03:30:00+00:00,2026-03-01 06:10:00+00:00,67568.85,67568.85,66980.88157430671,66930.64591312598,66980.88157430671,0.00028518341983407885,19.2695157172559,0.01339765839005572,0.014326377653147683,-0.19540288243687703,-0.010140518594449848,-1.1653400929185387,stop,32
BTC,short,2026-03-01 12:15:00+00:00,2026-03-01 13:50:00+00:00,66509.01,66509.01,66772.77198273275,66822.8515617198,66772.77198273275,0.0002894340996657778,19.24997542901221,0.013520401025235584,0.014494737855756938,-0.10435685087930877,-0.005421142030240177,-1.36697027283866,stop,19
BTC,long,2026-03-01 14:30:00+00:00,2026-03-01 14:45:00+00:00,66930.28,66930.28,66839.42,66822.710145,66425.03461631588,0.00028745643591994956,19.239539743924283,0.013452216997181637,0.004803355363037336,-0.044373864127905754,-0.0023063890674369547,-0.30552929538294626,15m_opposite,3
BTC,short,2026-03-01 18:15:00+00:00,2026-03-02 00:45:00+00:00,66392.36,66392.36,66618.92,66635.57473000001,66925.7373244893,0.0002897186115618046,19.235102357511494,0.013499803567201537,0.004825185251539427,-0.08396363745418275,-0.004365125586212134,-0.5433507876295626,15m_opposite,78
BTC,long,2026-03-02 04:15:00+00:00,2026-03-02 06:15:00+00:00,66747.99,66747.99,66337.15974538463,66287.40687557559,66337.15974538463,0.0002880492130739229,19.226705993766075,0.013392358892363463,0.014331274996665148,-0.14606296543794584,-0.007596879334676684,-1.2342723549825754,stop,24
BTC,short,2026-03-02 13:30:00+00:00,2026-03-02 14:30:00+00:00,65805.08,65805.08,66189.70092308192,66239.34319877424,66189.70092308192,0.00029195465908137,19.212099697222282,0.013511862370130455,0.014493293675772618,-0.14029702651984752,-0.007302534794785179,-1.249396113251148,stop,12
BTC,short,2026-03-03 07:30:00+00:00,2026-03-03 16:00:00+00:00,68234.65,68234.65,67722.01,67738.9405025,68587.5771841073,0.00028135368166423214,19.198069994570297,0.013368914150120433,0.004763459210802371,0.126100778007429,0.006568409118369373,1.2699307886480957,15m_opposite,102
BTC,long,2026-03-03 18:00:00+00:00,2026-03-04 03:30:00+00:00,68319.5,68319.5,67494.08550936346,67443.46494523143,67494.08550936346,0.00028118882708993824,19.210680072371037,0.013324310415889705,0.014233937054915565,-0.2596555799559328,-0.01351620968012328,-1.1187357354594811,stop,114
BTC,short,2026-03-04 05:25:00+00:00,2026-03-04 05:40:00+00:00,67809.64,67809.64,68237.77576863972,68288.9541004662,68237.77576863972,0.0002829201646605917,19.184714514375443,0.01349710397217683,0.014479382067401788,-0.14910472820021833,-0.007772058744397345,-1.2309658386891829,stop,3
BTC,long,2026-03-04 07:20:00+00:00,2026-03-04 23:00:00+00:00,68406.76,68406.76,72721.88,72703.69953000001,68008.00887153212,0.00028023259750286993,19.16980404155542,0.014020934091991127,0.005094760331920776,1.1901215917126748,0.062083138102652695,10.650518644430989,15m_opposite,188
BTC,short,2026-03-05 08:40:00+00:00,2026-03-05 09:05:00+00:00,72068.49,72068.49,72527.74100029038,72582.1368060406,72527.74100029038,0.00026764562710730706,19.28881620072669,0.01357090900126588,0.014558799542024041,-0.1510462305156648,-0.007830767266576694,-1.2288521355136617,stop,5
BTC,long,2026-03-05 11:15:00+00:00,2026-03-05 12:00:00+00:00,73224.73,73224.73,72701.84701709966,72647.32063183683,72701.84701709966,0.0002632131464011561,19.273711577675126,0.013415607236094723,0.014352061426910274,-0.16539734379182464,-0.008581499371579553,-1.201756406363779,stop,9
BTC,short,2026-03-05 16:45:00+00:00,2026-03-05 21:30:00+00:00,71350.01,71350.01,71528.2,71546.08205,72134.52397538634,0.00026989725500102866,19.257171843295943,0.013506479944345872,0.004826316208791188,-0.06642578802177099,-0.0034494051651149387,-0.3137166459065293,15m_opposite,57
BTC,short,2026-03-05 22:05:00+00:00,2026-03-07 03:15:00+00:00,71114.58,71114.58,68509.31,68526.4373275,71545.34568682623,0.00027069736282621317,19.250529264493764,0.013125068787113765,0.004636322386510473,0.6874783272766252,0.03571217797864032,5.895679752367933,15m_opposite,350
BTC,short,2026-03-07 07:40:00+00:00,2026-03-07 08:15:00+00:00,67690.01,67690.01,67954.1016902262,68005.06726649388,67954.1016902262,0.0002854080993225061,19.319277097221427,0.013568453915858881,0.014545988253431992,-0.10348834952362171,-0.0053567402653231675,-1.3729996646866878,stop,7
BTC,short,2026-03-07 18:20:00+00:00,2026-03-08 05:30:00+00:00,67606.09,67606.09,67125.6,67142.38140000001,67798.81697472453,0.0002856093032782855,19.308928262269063,0.013450030038503272,0.0047929239620362555,0.11898946013164119,0.006162406246241773,2.16169112754177,15m_opposite,134
BTC,long,2026-03-08 10:35:00+00:00,2026-03-08 11:00:00+00:00,68069.64,68069.64,67798.75117904643,67747.90211566215,67798.75117904643,0.00028383912722738404,19.32082720828223,0.013478918145654339,0.014432953771326366,-0.10480071843209579,-0.005424235582789697,-1.3630158752803465,stop,5
BTC,short,2026-03-08 13:35:00+00:00,2026-03-08 19:30:00+00:00,67003.47,67003.47,67209.65,67226.4524125,67439.16473997232,0.0002881992102265602,19.31034713643902,0.013549374673095773,0.0048424420124032926,-0.07781272985000923,-0.004029587314004056,-0.6196915131989157,15m_opposite,71
BTC,short,2026-03-08 21:35:00+00:00,2026-03-09 03:10:00+00:00,66921.95,66921.95,67286.39767746271,67336.8624757208,67286.39767746271,0.0002884340020494624,19.302565863454017,0.013571633537354015,0.01455576372420069,-0.1332464994097561,-0.006903045965616142,-1.2675764602888209,stop,67
BTC,long,2026-03-09 14:15:00+00:00,2026-03-09 23:00:00+00:00,68856.0,68856.0,68645.39,68628.2286525,68207.67908718254,0.000280138858102606,19.289241213513037,0.013470565046860557,0.004807560292153391,-0.07727817024400396,-0.004006283574797483,-0.4254940051639573,15m_opposite,105
BTC,long,2026-03-10 01:25:00+00:00,2026-03-10 13:45:00+00:00,68993.62,68993.62,69924.01,69906.52899749999,68625.2830615861,0.0002794680638077642,19.281513396488634,0.013624623832524049,0.004885381922094874,0.2415042861314867,0.012525172747875027,2.3461046636332967,15m_opposite,148
BTC,long,2026-03-10 17:45:00+00:00,2026-03-10 18:00:00+00:00,70710.72,70710.72,70891.97,70874.2470075,70064.48026057288,0.0002730231544114073,19.305663825101785,0.013536288007280805,0.004838787317959505,0.031110371411827265,0.0016114634385882476,0.17632425405664867,15m_opposite,3
BTC,short,2026-03-11 03:05:00+00:00,2026-03-11 04:45:00+00:00,69729.6,69729.6,70054.38754150152,70106.92833215765,70054.38754150152,0.0002769093019642012,19.308774862242966,0.013568385266104621,0.014549033665236296,-0.11805411033519447,-0.00611401350823358,-1.3126356828614238,stop,20
BTC,short,2026-03-11 08:10:00+00:00,2026-03-11 13:10:00+00:00,69649.56,69649.56,69937.32853878169,69989.78153518577,69937.32853878169,0.00027705802378664627,19.296969451209446,0.013555009168940728,0.01453252352540381,-0.10781611535717019,-0.005587204541613282,-1.3522893767361632,stop,60
BTC,long,2026-03-11 14:30:00+00:00,2026-03-11 15:30:00+00:00,70678.43,70678.43,69873.03426099624,69820.6294853005,69873.03426099624,0.00027287232950242004,19.28618783967373,0.013383296475424395,0.014299813221149558,-0.2474533211698514,-0.012830597898710378,-1.1259638852371947,stop,12
BTC,long,2026-03-11 17:45:00+00:00,2026-03-11 22:45:00+00:00,70848.45,70848.45,70375.66,70358.066085,70189.97814799973,0.00027186822728735406,19.26144250755674,0.013416349852459077,0.004783226482095728,-0.1467361555137412,-0.00761812909163854,-0.8196745789557028,15m_opposite,60
BTC,short,2026-03-12 04:15:00+00:00,2026-03-12 07:30:00+00:00,69593.58,69593.58,69610.02,69627.42250500001,69908.96219085736,0.00027655954603866286,19.246768892005367,0.013477417958313562,0.004812828882737075,-0.0228368857779269,-0.0011865308876552667,-0.2618249687086953,15m_opposite,39
BTC,long,2026-03-13 01:00:00+00:00,2026-03-13 15:45:00+00:00,71479.22,71479.22,71998.97,71980.9702575,70883.50622777762,0.00026923188590233043,19.244485203427576,0.013538683226438655,0.004846104619032345,0.12154848485226522,0.00631601643626282,0.7578537704223341,15m_opposite,177
BTC,short,2026-03-13 21:10:00+00:00,2026-03-13 21:15:00+00:00,71459.03,71459.03,71419.47,71437.3248675,71775.9740282969,0.0002694780498967423,19.256640051912804,0.01347672350794954,0.004811494875066242,-0.0076276667291012845,-0.0003961057956392352,-0.08930704921577712,15m_opposite,1
BTC,short,2026-03-13 22:15:00+00:00,2026-03-14 03:15:00+00:00,70860.24,70860.24,71014.01,71031.7635025,71223.47524167829,0.00027174445479213573,19.25587728523989,0.013502419380003372,0.004824415857516214,-0.06011298005090346,-0.003121799082973049,-0.6090032212435429,15m_opposite,60
BTC,short,2026-03-14 06:55:00+00:00,2026-03-14 12:00:00+00:00,70628.97,70628.97,70754.51,70772.1986275,70925.27554687326,0.00027254915351639417,19.2498659872348,0.013494424611656577,0.004821020451991733,-0.05253126579609469,-0.002728915922372127,-0.6504789493400291,15m_opposite,61
BTC,short,2026-03-14 15:15:00+00:00,2026-03-14 20:30:00+00:00,70666.93,70666.93,70751.6,70769.28790000001,70864.14801279787,0.0002723284124647157,19.24461286065519,0.013485166484663748,0.004816917726835856,-0.04136013089489057,-0.0021491796792363453,-0.7700915742704948,15m_opposite,63
BTC,long,2026-03-15 00:15:00+00:00,2026-03-15 01:30:00+00:00,71096.53,71096.53,70878.87022080578,70825.71106814017,70878.87022080578,0.00027062469641719086,19.240476847565702,0.013431688647686697,0.014386179551926365,-0.08672197986628126,-0.0045072677020088145,-1.4722568155688567,stop,15
BTC,long,2026-03-15 03:25:00+00:00,2026-03-15 11:30:00+00:00,71384.02,71384.02,71711.4,71693.47215,71104.39530015834,0.00026941330355980336,19.231804649579075,0.013503948517717943,0.00483000129422267,0.06986657750746514,0.003632866430399931,0.9274166769668188,15m_opposite,97
BTC,long,2026-03-15 18:20:00+00:00,2026-03-15 18:45:00+00:00,71776.49,71776.49,71529.2021701826,71475.55526855496,71529.2021701826,0.0002680375051403296,19.23879130732982,0.013426823017817571,0.014379381670780973,-0.09408861764442185,-0.004890568026930822,-1.4195110504973796,stop,5
BTC,long,2026-03-15 22:05:00+00:00,2026-03-15 22:10:00+00:00,72232.04,72232.04,71905.19247514875,71851.2635807924,71905.19247514875,0.00026621679860579017,19.229382445565378,0.013409883172242752,0.014356777607899704,-0.11477896247826613,-0.005968936485775502,-1.3191118984126498,stop,1
BTC,long,2026-03-16 01:10:00+00:00,2026-03-16 07:45:00+00:00,72437.02,72437.02,73485.72,73467.34857,72017.28839595358,0.0002653050132282851,19.217904549317552,0.013589208851968952,0.004874032479172311,0.2597621260413605,0.013516672713965838,2.332698996873038,15m_opposite,79
BTC,long,2026-03-16 11:35:00+00:00,2026-03-16 14:35:00+00:00,73603.84,73603.84,73249.48959609684,73194.55247889977,73249.48959609684,0.00026145213024105385,19.243880761921687,0.013417211986208814,0.014363426320476547,-0.12042630625894285,-0.006257901290743454,-1.2998590103641046,stop,36
BTC,long,2026-03-16 18:25:00+00:00,2026-03-17 04:45:00+00:00,74211.68,74211.68,74057.98,74039.465505,73737.74957323832,0.00025914839997283166,19.23183813129579,0.013439972136491363,0.004798001755553905,-0.05806908296786874,-0.003019424486179169,-0.4728047643693013,15m_opposite,124
BTC,short,2026-03-17 09:35:00+00:00,2026-03-17 14:45:00+00:00,74187.85,74187.85,74270.51,74289.0776275,74549.03341724898,0.0002591533684154346,19.226031222999,0.013471338596420964,0.004811863210108191,-0.03970481923974611,-0.002065159407015292,-0.42418817973618844,15m_opposite,62
BTC,long,2026-03-17 22:05:00+00:00,2026-03-17 22:20:00+00:00,74790.9,74790.9,74503.4587804424,74447.58118635706,74503.4587804424,0.00025701068901530836,19.222060741075026,0.013411324216329373,0.014361138956390304,-0.10164792906261913,-0.005288086976304825,-1.3759362169588272,stop,3
BTC,short,2026-03-18 01:15:00+00:00,2026-03-18 02:10:00+00:00,73931.21,73931.21,74299.61379755971,74355.33850790789,74299.61379755971,0.0002598617816233329,19.211895948168767,0.01350343455856923,0.014480722511521875,-0.12371822426075696,-0.006439667620235549,-1.2923113776661896,stop,11
BTC,long,2026-03-18 03:45:00+00:00,2026-03-18 04:30:00+00:00,74518.54,74518.54,74212.9264618587,74157.2667670123,74212.9264618587,0.00025764761528799,19.19952412574269,0.013393126294546554,0.014340587644832023,-0.10647431324120703,-0.005545674598176444,-1.3522161906981394,stop,9
BTC,short,2026-03-18 06:50:00+00:00,2026-03-18 09:40:00+00:00,74061.5,74061.5,74291.1272972246,74346.84564269752,74291.1272972246,0.00025909381655001007,19.18887669441857,0.013469179331894206,0.014436278780431811,-0.08740047093430944,-0.004554746602740505,-1.469038609938999,stop,34
BTC,short,2026-03-18 11:25:00+00:00,2026-03-19 03:30:00+00:00,73944.73,73944.73,71501.2,71519.0753,74189.39567550264,0.0002593847681548792,19.18013664732514,0.013111506712135953,0.004636580546198834,0.6160663752711569,0.03212002013328062,9.707557921520896,15m_opposite,193
BTC,short,2026-03-19 06:50:00+00:00,2026-03-19 19:15:00+00:00,70649.04,70649.04,70359.66,70377.24991500001,70938.62714747405,0.0002723567550932364,19.24174328485226,0.013432208366588027,0.004790732171766965,0.060591657250523054,0.00314896921518659,0.7682373129574648,15m_opposite,149
BTC,short,2026-03-20 00:00:00+00:00,2026-03-20 00:15:00+00:00,69917.19,69917.19,70079.22,70096.739805,70238.70720328839,0.0002752942795695495,19.24780245057731,0.013498176232511283,0.004823102095674967,-0.06292721044684003,-0.003269319217527226,-0.7109467567042611,15m_opposite,3
BTC,long,2026-03-20 02:30:00+00:00,2026-03-20 06:15:00+00:00,70248.21,70248.21,70531.66,70514.02708500001,69976.53229564805,0.0002739074736499709,19.241509729532623,0.013505461453775514,0.00482978720073322,0.05930382475157473,0.003082077528487949,0.7969385267515975,15m_opposite,45
BTC,short,2026-03-20 14:15:00+00:00,2026-03-20 20:00:00+00:00,69796.12,69796.12,70169.39,70186.9323475,70404.83752337798,0.00027576662015034334,19.24744011200778,0.013527094578496995,0.004837593879577513,-0.12130009476159428,-0.006302141690308185,-0.7226094547644838,15m_opposite,69
BTC,long,2026-03-20 22:40:00+00:00,2026-03-21 08:30:00+00:00,70730.11,70730.11,70519.25,70501.6201875,70359.40526978587,0.000271953629119644,19.23531010253162,0.013433647754909014,0.004794491490074686,-0.07557228148115198,-0.003928830940511101,-0.7496172072938987,15m_opposite,118
BTC,short,2026-03-22 02:35:00+00:00,2026-03-22 03:30:00+00:00,69248.43,69248.43,69424.01,69441.3660025,69644.31673352212,0.00027766337625825604,19.227752874383505,0.013486212642996416,0.004819126252497913,-0.06705747449891941,-0.003487535695773262,-0.610039061810987,15m_opposite,11
BTC,short,2026-03-22 07:55:00+00:00,2026-03-23 02:30:00+00:00,68987.41,68987.41,68252.03,68269.0930075,69196.31221037931,0.00027861673785019054,19.221047126933613,0.013354665420257174,0.004754039487565591,0.18678047177245163,0.009717497207044684,3.2090850679799274,15m_opposite,223
BTC,long,2026-03-23 11:55:00+00:00,2026-03-23 23:15:00+00:00,70477.07,70477.07,70526.01,70508.3784975,69477.45178650053,0.00027299269356843094,19.23972517411086,0.013472081117409654,0.004813271359131633,-0.004925090053305613,-0.00025598546802180195,-0.01804799623007748,15m_opposite,136
BTC,long,2026-03-24 10:40:00+00:00,2026-03-24 11:15:00+00:00,71226.8,71226.8,70943.05103396004,70889.84374568457,70943.05103396004,0.00027011227045305316,19.23923266510553,0.013421954856125622,0.014371941440738079,-0.10443797375262323,-0.005428385610307831,-1.3626359298656427,stop,7
BTC,short,2026-03-24 16:50:00+00:00,2026-03-24 20:25:00+00:00,69474.18,69474.18,69986.38065621497,70038.87044170713,69986.38065621497,0.00027677604640645296,19.228788867730266,0.013538298601360792,0.014527915305242356,-0.1698310865005751,-0.008832126020458077,-1.197977209678645,stop,43
BTC,long,2026-03-25 00:35:00+00:00,2026-03-25 03:10:00+00:00,70776.0,70776.0,70420.262945196,70367.4477479871,70420.262945196,0.00027144520401096707,19.211805759080207,0.013392814256657753,0.014336431981248308,-0.12429236365343985,-0.006469582568764766,-1.2871618789871975,stop,31
BTC,long,2026-03-25 05:30:00+00:00,2026-03-25 07:45:00+00:00,71168.0,71168.0,70875.2883239395,70822.13185769654,70875.2883239395,0.0002697754120210609,19.199376522714864,0.01339291020560297,0.014340307582277919,-0.10669963080047719,-0.005557452903444047,-1.3512027041605272,stop,27
BTC,long,2026-03-25 09:55:00+00:00,2026-03-25 15:05:00+00:00,71211.58,71211.58,70916.25940476327,70863.0722102097,70916.25940476327,0.00026946048043920406,19.188706559634817,0.013385140053507522,0.014331846997617763,-0.10729421652720572,-0.005591529381814031,-1.348302991114519,stop,62
BTC,long,2026-03-25 23:50:00+00:00,2026-03-26 02:15:00+00:00,71199.79,71199.79,71063.99,71046.2240025,70938.19573975282,0.0002693544059326874,19.177977137982094,0.01340390215757343,0.004785349702413779,-0.054767580185643025,-0.002855753752942771,-0.7772688411019197,15m_opposite,29
BTC,short,2026-03-26 05:30:00+00:00,2026-03-26 20:15:00+00:00,70535.69,70535.69,69141.99,69159.27549750001,70765.0973814747,0.00027181275720083737,19.172500379963534,0.013233686755486602,0.0046984187350654115,0.3608933342202542,0.018823488176712224,5.787641697561041,15m_opposite,177
BTC,short,2026-03-27 04:25:00+00:00,2026-03-27 05:10:00+00:00,68441.56,68441.56,68725.5070695299,68777.05119983204,68725.5070695299,0.0002806568072584196,19.20858971338556,0.013493091743873972,0.014466211043513585,-0.1076509807520324,-0.0056043146508051814,-1.3508434444032122,stop,9
BTC,short,2026-03-27 13:50:00+00:00,2026-03-27 23:30:00+00:00,66377.54,66377.54,66139.89,66156.42497250001,66786.7570075599,0.0002892216947978241,19.197824615310356,0.013406501599217845,0.004782272769888993,0.05054476139959437,0.002632837960155375,0.4270626679369993,15m_opposite,116
BTC,short,2026-03-28 11:20:00+00:00,2026-03-28 12:10:00+00:00,66189.64,66189.64,66326.85423176967,66376.5993724435,66326.85423176967,0.00029011910461290187,19.202879091450313,0.013469135606881368,0.014432015671133105,-0.06770962133917854,-0.0035260140428278203,-1.7008847924862602,stop,10
BTC,long,2026-03-28 13:55:00+00:00,2026-03-28 21:50:00+00:00,66815.36,66815.36,66546.77282027638,66496.86274066118,66546.77282027638,0.00028730082617704067,19.196108129316396,0.013391523427649894,0.014339207108010324,-0.1048960491708169,-0.005464443545752855,-1.359367796649336,stop,95
BTC,short,2026-03-29 00:10:00+00:00,2026-03-29 01:20:00+00:00,66327.99,66327.99,66553.05347984517,66602.96826995506,66553.05347984517,0.0002892537302034829,19.185618524399313,0.013469702212234218,0.014438039231609983,-0.09300819252163449,-0.004847807872514056,-1.4286873743854172,stop,14
BTC,long,2026-03-29 03:40:00+00:00,2026-03-29 04:55:00+00:00,66896.41,66896.41,66667.87557456408,66617.87466788315,66667.87557456408,0.0002866569028913083,19.17631770514715,0.013383500355777794,0.014333105050912403,-0.09322757600619637,-0.004861599470745783,-1.4230834187472583,stop,15
BTC,short,2026-03-29 10:05:00+00:00,2026-03-29 11:05:00+00:00,66491.99,66491.99,66639.53279811758,66689.51244771617,66639.53279811758,0.0002882602092003342,19.16699494754653,0.013445365394332782,0.014407144249050053,-0.07038322749475752,-0.0036721054963165687,-1.6548798386313293,stop,12
BTC,short,2026-03-29 15:50:00+00:00,2026-03-29 20:20:00+00:00,66373.15,66373.15,66608.68344471538,66658.63995729892,66608.68344471538,0.0002886702925022702,19.159956624797054,0.013453175872097909,0.014420961099882708,-0.09586564535203876,-0.00500343749358849,-1.4099649740989726,stop,54
BTC,long,2026-03-30 09:20:00+00:00,2026-03-30 14:25:00+00:00,67574.99,67574.99,67279.53189292103,67229.07224400133,67279.53189292103,0.0002833943454562383,19.15037006026185,0.013356243474161828,0.01429997917754975,-0.11138737951709597,-0.0058164609439183305,-1.3302978686437457,stop,61
BTC,long,2026-03-31 03:45:00+00:00,2026-03-31 05:00:00+00:00,67666.56,67666.56,67301.63355419904,67251.15732903339,67301.63355419904,0.0002828462289543039,19.13923132231014,0.013338714386126873,0.014277009939952505,-0.1308337933665771,-0.006835895923054513,-1.26754738373612,stop,15
BTC,long,2026-03-31 06:05:00+00:00,2026-03-31 06:25:00+00:00,67637.88,67637.88,67345.20589348866,67294.69698906854,67345.20589348866,0.0002827727294671785,19.126147942973482,0.013339782161727511,0.014282540765273,-0.11038257886958143,-0.00577129169965108,-1.3337631404398373,stop,4
BTC,long,2026-03-31 17:25:00+00:00,2026-03-31 17:45:00+00:00,68263.79,68263.79,67508.4829811703,67457.85161893441,67508.4829811703,0.00028001828912643914,19.115109685086523,0.013267738036256908,0.014177707429433974,-0.2389452246435743,-0.012500332385222863,-1.1297658350867956,stop,4
BTC,long,2026-03-31 20:40:00+00:00,2026-04-01 02:00:00+00:00,68030.73,68030.73,67726.78,67709.848305,67660.5077067865,0.0002806263458090508,19.091215162622166,0.013318826685083085,0.00475147969620114,-0.10336668418994441,-0.0054143585575590495,-0.9949232445061944,15m_opposite,64
BTC,long,2026-04-01 04:20:00+00:00,2026-04-01 13:00:00+00:00,68059.03,68059.03,68366.45,68349.3583875,67781.2237056007,0.00028035777903686216,19.080878494203173,0.013397312856897648,0.004791766520656726,0.06799850905395731,0.0035636990757325696,0.8730612199795685,15m_opposite,104
BTC,short,2026-04-02 06:10:00+00:00,2026-04-02 07:35:00+00:00,66552.45,66552.45,66830.96375575417,66881.086978571,66830.96375575417,0.00028680654649240663,19.087678345108568,0.01340850246001282,0.01437566843516235,-0.10766373933365969,-0.005640483739671238,-1.347825751169047,stop,17
BTC,short,2026-04-02 11:55:00+00:00,2026-04-02 14:20:00+00:00,66217.49,66217.49,66465.884733905,66515.73414745543,66465.884733905,0.0002880947612356675,19.076911971175203,0.013396799668048196,0.014361354894549106,-0.09931937611915309,-0.0052062606500057505,-1.387893805594971,stop,29
BTC,long,2026-04-02 19:40:00+00:00,2026-04-02 21:45:00+00:00,66962.79,66962.79,66765.92,66749.22852,66627.95924519374,0.00028473992845225366,19.066980033563286,0.013316481283226624,0.004752730820960527,-0.074125961818581,-0.0038876613752203185,-0.77749325151037,15m_opposite,25
BTC,short,2026-04-03 03:05:00+00:00,2026-04-03 05:45:00+00:00,66507.99,66507.99,66770.17,66786.8625425,66813.47977257211,0.0002865756044857381,19.05956743738143,0.013381656239887706,0.004783675457343704,-0.09329972368130023,-0.004895164803074805,-1.0657233105713957,15m_opposite,32
BTC,long,2026-04-03 16:05:00+00:00,2026-04-04 02:45:00+00:00,66837.56,66837.56,66823.08,66806.37423,66631.21766368832,0.00028502293418570786,19.0502374650133,0.01333072189567419,0.004761527583231711,-0.02221938156591379,-0.0011663571966869588,-0.37780162088135566,15m_opposite,128
BTC,long,2026-04-04 07:35:00+00:00,2026-04-04 18:45:00+00:00,66972.42,66972.42,67271.4,67254.58215,66888.10399509319,0.00028441581664298093,19.04801552685671,0.01337373655795869,0.004783262541926932,0.06687764176003166,0.003511003110310241,2.7887988192145916,15m_opposite,134
BTC,long,2026-04-04 22:10:00+00:00,2026-04-04 23:50:00+00:00,67370.28,67370.28,67244.46670460874,67194.03335458029,67244.46670460874,0.00028283544748563774,19.05470329103271,0.013313367904310333,0.014264339123498043,-0.06316216672943735,-0.0033147809107666325,-1.774992995792091,stop,20
BTC,short,2026-04-05 06:55:00+00:00,2026-04-05 09:00:00+00:00,66812.77,66812.77,66917.54,66934.26938499999,66963.58603048981,0.00028510099303411256,19.048387074359766,0.013351190749710102,0.004769564276349625,-0.047990786066240715,-0.0025194146821406783,-1.1161218946408185,15m_opposite,25
BTC,short,2026-04-05 13:10:00+00:00,2026-04-05 14:00:00+00:00,66803.99,66803.99,66948.94277534854,66999.15448243005,66948.94277534854,0.0002850666254478683,19.043587995753143,0.013358329037234004,0.014313681895704245,-0.06899320945084689,-0.0036229102134657013,-1.6696807431891205,stop,10
BTC,long,2026-04-05 16:05:00+00:00,2026-04-06 06:30:00+00:00,67337.3,67337.3,68831.21,68814.00219750001,67042.95881601973,0.0002827064446422422,19.036688674808058,0.013534418686390949,0.004864756664879107,0.403938809364223,0.02121896387887931,4.854324892900566,15m_opposite,173
BTC,long,2026-04-06 09:45:00+00:00,2026-04-06 12:10:00+00:00,69857.49,69857.49,69478.268001194,69426.1593001931,69478.268001194,0.0002730857142984164,19.07708255574448,0.013295062662893334,0.014230141833991284,-0.13108531491849695,-0.006871350193901878,-1.2657896402854767,stop,29
BTC,long,2026-04-06 15:10:00+00:00,2026-04-06 21:45:00+00:00,69688.0,69688.0,69445.85,69428.4885375,69241.16716682975,0.0002735617900392123,19.063974024252627,0.013309285606868242,0.0047494327591999065,-0.08430170582406181,-0.00442204262955959,-0.6896612869344217,15m_opposite,79
BTC,short,2026-04-07 00:00:00+00:00,2026-04-07 04:45:00+00:00,68853.6,68853.6,68857.56,68874.77439,69199.0038955373,0.0002767545030858258,19.05554385367022,0.013341810751460452,0.0047641599503779,-0.019201918534055964,-0.0010076814748248475,-0.20087352253822022,15m_opposite,57
BTC,short,2026-04-07 12:10:00+00:00,2026-04-07 12:30:00+00:00,68152.7,68152.7,68478.6757512206,68530.03475803402,68478.6757512206,0.00027957254315407625,19.05362366181681,0.013390282782233767,0.014358568148695842,-0.11888272070623264,-0.006239375922201713,-1.3044845017483222,stop,4
BTC,short,2026-04-07 14:35:00+00:00,2026-04-07 16:20:00+00:00,68099.26,68099.26,68540.32085386838,68591.72609450879,68540.32085386838,0.0002796173613303021,19.04173538974619,0.013398065807767926,0.014373797746420098,-0.15110013569895675,-0.00793520824684513,-1.2251865129642627,stop,21
BTC,long,2026-04-07 21:40:00+00:00,2026-04-08 10:45:00+00:00,69862.79,69862.79,71544.61,71526.7238475,69385.36389918334,0.00027234276467023855,19.026625376176295,0.013545217935451676,0.004871164221162317,0.4396151263210885,0.02310526000430646,3.381042479276126,15m_opposite,157
BTC,long,2026-04-08 22:10:00+00:00,2026-04-08 22:25:00+00:00,71511.24,71511.24,71248.21539881392,71194.77923726481,71248.21539881392,0.0002666795721736667,19.070586888808403,0.013307214011757898,0.014250332700518809,-0.09770083482773176,-0.005123116315055181,-1.3928750341289573,stop,3
BTC,short,2026-04-08 23:20:00+00:00,2026-04-09 07:15:00+00:00,71085.95,71085.95,71100.35,71118.12508750001,71387.79351640867,0.0002681376109530171,19.060816805325626,0.013346885439275168,0.0047661694967323425,-0.021974236533733302,-0.0011528486296344688,-0.271502734326781,15m_opposite,95
BTC,long,2026-04-09 10:20:00+00:00,2026-04-09 11:15:00+00:00,71417.05,71417.05,71189.89196910789,71136.49955013106,71189.89196910789,0.0002668637164608767,19.058619381672255,0.01330359919931718,0.01424849935899296,-0.08817233490611355,-0.004626375769427695,-1.4545033180047722,stop,11
BTC,long,2026-04-09 16:45:00+00:00,2026-04-09 23:00:00+00:00,71990.44,71990.44,71953.22,71935.23169500001,71418.3579384399,0.0002646157204787419,19.04980214818164,0.013327557011025157,0.004759988287764151,-0.02793654241500839,-0.0014665003971012379,-0.18454347014410336,15m_opposite,75
BTC,long,2026-04-10 02:10:00+00:00,2026-04-10 03:10:00+00:00,72259.48,72259.48,71856.09409743627,71802.20202686319,71856.09409743627,0.00026359182897441475,19.04700849394014,0.013272638577113676,0.014205509449577769,-0.13380737586595776,-0.007025112416394887,-1.2584251629122056,stop,12
BTC,long,2026-04-10 05:20:00+00:00,2026-04-10 06:50:00+00:00,72088.49,72088.49,71846.76097029165,71792.87589956394,71846.76097029165,0.0002640314390876206,19.03362775635355,0.01328451372127112,0.014227352769577097,-0.09133593007399879,-0.004798661150841844,-1.4310578948801262,stop,18
BTC,short,2026-04-10 09:25:00+00:00,2026-04-10 11:00:00+00:00,71766.35,71766.35,71917.28,71935.25932000001,72005.48385961508,0.0002650893373195954,19.024494163346148,0.013339533944195257,0.004766126024260422,-0.058115593650100356,-0.0030547773386831864,-0.9167677886054841,15m_opposite,19
BTC,long,2026-04-10 12:30:00+00:00,2026-04-10 13:35:00+00:00,72200.0,72200.0,71937.82821040979,71883.87483925198,71937.82821040979,0.0002634166565648357,19.018682603981137,0.013271441506336664,0.01421221664079234,-0.09654407440660201,-0.0050762755978898694,-1.3979654284716112,stop,13
BTC,long,2026-04-10 17:10:00+00:00,2026-04-10 22:45:00+00:00,72922.1,72922.1,72890.91,72872.6872725,72531.09839992666,0.00026067581976575656,19.009028196540477,0.013299879385954371,0.0047502244294315675,-0.02618058263388049,-0.0013772709663635088,-0.25686209753979755,15m_opposite,67
BTC,long,2026-04-11 03:00:00+00:00,2026-04-11 04:15:00+00:00,73008.01,73008.01,72828.38269290814,72773.76140588846,72828.38269290814,0.00026033321738638116,19.006410138277086,0.013273995751707316,0.014219735387617217,-0.07425668592499844,-0.003906928524890274,-1.5879382786082494,stop,15
BTC,long,2026-04-11 12:15:00+00:00,2026-04-11 12:20:00+00:00,72955.64,72955.64,72853.00166991047,72798.36191865803,72853.00166991047,0.0002604183099440234,18.99898446968459,0.013278810082712058,0.014229191676922725,-0.05423690221702568,-0.002854726383063678,-2.0291482735507906,stop,1
BTC,short,2026-04-11 14:15:00+00:00,2026-04-11 15:15:00+00:00,72736.49,72736.49,72925.82664861347,72980.52101859993,72925.82664861347,0.0002611283659613337,18.99356077946289,0.013327354256189462,0.014282251461849997,-0.07705077538706796,-0.004056678801922198,-1.558433505980239,stop,12
BTC,long,2026-04-11 17:25:00+00:00,2026-04-11 23:15:00+00:00,73136.02,73136.02,73082.42,73064.149395,72927.47776277788,0.0002595965121143341,18.98585570192418,0.013280770312156152,0.004742985332218164,-0.03193812869370414,-0.0016822064380520533,-0.5899518741925766,15m_opposite,70
BTC,short,2026-04-12 11:05:00+00:00,2026-04-12 17:30:00+00:00,71473.97,71473.97,71022.31,71040.0655775,71621.50527655857,0.0002655884637309892,18.98266188905481,0.01323024331784944,0.004715676550883469,0.1020097656600066,0.005373838835470397,2.603374627889525,15m_opposite,77
BTC,short,2026-04-13 05:00:00+00:00,2026-04-13 06:45:00+00:00,70913.71,70913.71,71113.56630873069,71166.90148346224,71113.56630873069,0.00026783061929238803,18.99286286562081,0.013328910221842193,0.014284792878417807,-0.0811413420370895,-0.004272201753426248,-1.515877472810789,stop,21
BTC,short,2026-04-13 08:10:00+00:00,2026-04-13 11:15:00+00:00,70754.73,70754.73,70886.85,70904.57171250001,70957.14130892251,0.00026831773270023226,18.984748731417103,0.013309426706272935,0.004755049717566027,-0.0535146152681963,-0.0028188213615720444,-0.9853448674283951,15m_opposite,37
BTC,long,2026-04-13 14:55:00+00:00,2026-04-14 06:00:00+00:00,72096.63,72096.63,74246.04,74227.47849,71591.40045478473,0.00026324943717744205,18.979397269890285,0.013566050421774648,0.004886307060663342,0.5473786152811247,0.02884067431105988,4.11558556788084,15m_opposite,181
BTC,long,2026-04-14 07:30:00+00:00,2026-04-14 10:35:00+00:00,74705.83,74705.83,74441.19371699837,74385.36282171062,74441.19371699837,0.00025478781416950186,19.0341351314184,0.01328306902605817,0.014225031773493692,-0.09493420089547877,-0.004987576280194476,-1.407974074733911,stop,37
BTC,long,2026-04-14 13:35:00+00:00,2026-04-14 17:30:00+00:00,74780.54,74780.54,74380.8590090449,74325.07336478811,74380.8590090449,0.0002544063162866817,19.02464171132885,0.013259312403502324,0.014192220257048289,-0.1291329012592466,-0.00678766534574736,-1.269976034340107,stop,47
BTC,short,2026-04-14 20:55:00+00:00,2026-04-15 00:00:00+00:00,74189.12,74189.12,74575.77122717437,74631.70305559474,74575.77122717437,0.00025626033064151353,19.011728421202925,0.013364918134923567,0.014333108844390062,-0.12678139829796475,-0.006668588751592474,-1.2795426377876973,stop,37
BTC,short,2026-04-15 04:10:00+00:00,2026-04-15 12:45:00+00:00,74401.98,74401.98,74373.64,74392.23341,74631.20482551002,0.000255356783265353,18.999050281373126,0.013298090768026086,0.004747953367534183,-0.010809232897821057,-0.0005689354329683809,-0.18466552482184379,15m_opposite,103
BTC,short,2026-04-15 15:30:00+00:00,2026-04-15 18:15:00+00:00,74052.6,74052.6,74308.36,74326.93709,74505.979823121,0.0002565469592976255,18.997969358083346,0.013333768723789373,0.004765895952099901,-0.08371411498584863,-0.004406476998039244,-0.719730040694637,15m_opposite,33
BTC,long,2026-04-15 20:25:00+00:00,2026-04-16 08:00:00+00:00,74660.24,74660.24,74721.55,74702.8696125,74274.63286454433,0.0002543468644968829,18.98959794658476,0.013298139916746375,0.0047512979882128195,-0.0024554316426558965,-0.00012930403527039924,-0.025035507433876624,15m_opposite,139
BTC,short,2026-04-16 14:15:00+00:00,2026-04-16 15:10:00+00:00,73833.57,73833.57,74406.90962282344,74462.71480504057,74406.90962282344,0.0002571913074692243,18.989352403420494,0.013373451969892272,0.014352607777980824,-0.17518402696574403,-0.009225381847892226,-1.1880268680695123,stop,11
BTC,short,2026-04-16 17:55:00+00:00,2026-04-16 18:50:00+00:00,74331.38,74331.38,74814.26571703448,74870.37641632225,74814.26571703448,0.00025523317340164976,18.97183400072392,0.013349068683401768,0.014321311841004703,-0.15091883447344556,-0.007954889045923914,-1.2245089462610839,stop,11
BTC,long,2026-04-16 21:00:00+00:00,2026-04-16 21:20:00+00:00,75245.99,75245.99,74876.0896114646,74819.93254425601,74876.0896114646,0.00025193026388883416,18.956742117276576,0.01321605109846491,0.014147664761084214,-0.12055281835585553,-0.006359363735079115,-1.2936364352326892,stop,4
BTC,short,2026-04-17 05:30:00+00:00,2026-04-17 06:45:00+00:00,74692.67,74692.67,74870.1,74888.817525,74898.0399841494,0.0002536351536963532,18.94468683544099,0.01328615573863396,0.00474742233019034,-0.06303606338917017,-0.0033273742625950795,-1.2101596481679564,15m_opposite,15
BTC,long,2026-04-17 12:30:00+00:00,2026-04-17 17:30:00+00:00,75807.03,75807.03,77281.83,77262.5095425,75441.04381376349,0.00024982357479381626,18.938383229102072,0.013438674811544761,0.004826705759301538,0.35017442753507466,0.018490196512496993,3.829890128210903,15m_opposite,60
BTC,long,2026-04-18 02:40:00+00:00,2026-04-18 03:30:00+00:00,77385.01,77385.01,77156.76691160229,77098.89933641859,77156.76691160229,0.0002451818597924273,18.973400671855583,0.01324630589799724,0.014188079705217667,-0.08339545050133203,-0.004395387624161527,-1.4902405923325803,stop,10
BTC,short,2026-04-18 11:40:00+00:00,2026-04-18 12:00:00+00:00,75858.76,75858.76,76161.32627272714,76218.44726743168,76161.32627272714,0.00025000489233946676,18.96506112680545,0.01332050457704888,0.014280528131432444,-0.10324408114718396,-0.005443909748398201,-1.3648852509011167,stop,4
BTC,short,2026-04-18 17:05:00+00:00,2026-04-19 13:20:00+00:00,75927.99,75927.99,76203.92084023109,76261.07378086126,76203.92084023109,0.00024964096532373276,18.95473671869073,0.013309891381377451,0.014267715270005784,-0.09646124796926006,-0.005089031274918335,-1.4003505930257238,stop,243
BTC,short,2026-04-19 19:25:00+00:00,2026-04-20 06:45:00+00:00,74894.01,74894.01,74808.01,74826.7120025,75250.56785491062,0.00025295868913807404,18.945090593893806,0.013253051609111057,0.0047308340366593255,0.003770561620103986,0.0001990257898961579,0.04180482716466001,15m_opposite,136
BTC,long,2026-04-20 10:40:00+00:00,2026-04-20 13:30:00+00:00,75225.22,75225.22,74920.2126473554,74864.02248786988,74920.2126473554,0.00025184994673403167,18.945467650055814,0.013216343567943854,0.01415148867340378,-0.10418391775837985,-0.005499147325512069,-1.356277361143057,stop,34
BTC,long,2026-04-20 14:50:00+00:00,2026-04-20 15:00:00+00:00,75445.99,75445.99,74915.00972799576,74858.82347069976,74915.00972799576,0.0002509748928774077,18.935049258279975,0.013180852452399817,0.01410133990604467,-0.16054490924472792,-0.008478716218523929,-1.204724869760273,stop,2
BTC,long,2026-04-20 18:35:00+00:00,2026-04-20 21:15:00+00:00,76173.71,76173.71,76040.5,76021.489875,75752.60553003843,0.00024836646091355534,18.9189947673555,0.013224393150285816,0.0047214774677744745,-0.05103076687635658,-0.002697329720943185,-0.4879207574221568,15m_opposite,32
BTC,long,2026-04-21 01:25:00+00:00,2026-04-21 02:10:00+00:00,76056.62,76056.62,75783.56694161816,75726.72926641194,75783.56694161816,0.0002486817280424487,18.913891690667864,0.013198705284620572,0.014134491288197656,-0.09523650297848801,-0.005035267439195384,-1.40253115819609,stop,9
BTC,long,2026-04-21 05:45:00+00:00,2026-04-21 12:45:00+00:00,75874.22,75874.22,75856.76,75837.79581,75676.03485833279,0.0002491540346690881,18.904368040370017,0.013228520011309985,0.00472500445273087,-0.02230375390936473,-0.0011798201273766661,-0.45168841191596804,15m_opposite,84
BTC,short,2026-04-21 16:15:00+00:00,2026-04-21 23:45:00+00:00,75980.29,75980.29,76103.28,76122.30582000001,76469.7629686302,0.0002487768560106717,18.90213766497908,0.013249161490087046,0.004733183682627407,-0.04857941069346827,-0.0025700485074486436,-0.398945485092854,15m_opposite,90
BTC,long,2026-04-22 01:25:00+00:00,2026-04-22 20:30:00+00:00,76195.34,76195.34,78612.0,78592.34700000001,75888.66355975921,0.0002480109639764024,18.897279723909733,0.013525337815100905,0.004874159475026042,0.5809586789130865,0.03074297927537317,7.638251430924484,15m_opposite,229
BTC,short,2026-04-23 10:05:00+00:00,2026-04-23 13:00:00+00:00,77638.08,77638.08,77910.70097654425,77969.13400227665,77910.70097654425,0.00024415049408487485,18.95537559180104,0.013309176413373038,0.01426645210344055,-0.09413617463799263,-0.00496619938666424,-1.4142939041787588,stop,35
BTC,long,2026-04-23 16:00:00+00:00,2026-04-23 17:00:00+00:00,78410.44,78410.44,77952.02040163687,77893.55638633564,77952.02040163687,0.00024162550260318962,18.945961974337244,0.013199727250566569,0.014126397081360187,-0.13809199018957186,-0.007288729407175035,-1.246701672219544,stop,12
BTC,short,2026-04-23 19:55:00+00:00,2026-04-23 21:45:00+00:00,77738.53,77738.53,78080.86,78100.38021500001,78186.26128097424,0.00024353628471387724,18.932152775318286,0.01329656877121481,0.004753880637918867,-0.1014202257552357,-0.005357036094038737,-0.9301295862137228,15m_opposite,22
BTC,long,2026-04-24 01:00:00+00:00,2026-04-24 01:05:00+00:00,78446.02,78446.02,78215.79491505082,78157.13306886452,78215.79491505082,0.00024121058981376952,18.92201075274276,0.013210566233395593,0.014149858518161161,-0.08289315328207436,-0.0043807793138506135,-1.4926900852084197,stop,1
BTC,short,2026-04-24 04:55:00+00:00,2026-04-24 05:55:00+00:00,77695.33,77695.33,77987.05644759683,78045.54673993253,77987.05644759683,0.00024343446945156877,18.913721437414555,0.013282232419329456,0.014238553282808377,-0.09853705869786203,-0.005209818650651108,-1.3875278797550363,stop,12
BTC,short,2026-04-24 07:55:00+00:00,2026-04-24 08:15:00+00:00,77677.76,77677.76,77873.48135394075,77931.8864649562,77873.48135394075,0.00024336267847508436,18.903867731544768,0.013263629860672912,0.01421362425335558,-0.07510852704382016,-0.003973183060230951,-1.576874234592258,stop,4
BTC,long,2026-04-24 13:00:00+00:00,2026-04-24 13:55:00+00:00,78290.74,78290.74,77973.02905789341,77914.54928609998,77973.02905789341,0.0002413613267525685,18.896356878840386,0.013182050870278818,0.014114755308248987,-0.10397994068918477,-0.005502644840795668,-1.3559688365990603,stop,11
BTC,short,2026-04-24 18:40:00+00:00,2026-04-25 01:15:00+00:00,77563.77,77563.77,77532.01,77551.3930025,77892.17552306241,0.0002434894395253282,18.885958884771465,0.013218664385247885,0.004719556415044524,-0.010204996200965717,-0.0005403483224351627,-0.1276210357560958,15m_opposite,79
BTC,long,2026-04-25 15:35:00+00:00,2026-04-25 15:45:00+00:00,77729.68,77729.68,77640.60051651389,77582.3700661265,77640.60051651389,0.00024295659502459512,18.88493838515137,0.013201561909632356,0.014147471952868716,-0.048991481856833774,-0.002594209250656292,-2.2636756188423184,stop,2
BTC,short,2026-04-25 16:40:00+00:00,2026-04-25 20:30:00+00:00,77299.71,77299.71,77443.27,77462.63081750002,77521.79769744108,0.0002442446321851102,18.880039236965686,0.013235923733448774,0.004728775749093418,-0.053028458879036046,-0.0028087049085793393,-0.9775961361676095,15m_opposite,46
BTC,short,2026-04-26 04:05:00+00:00,2026-04-26 04:10:00+00:00,77402.63,77402.63,77508.51374208592,77566.64512739249,77508.51374208592,0.00024385135739028228,18.874736391077786,0.013232313129478049,0.014175417213983578,-0.053227624576675764,-0.0028200459849514413,-2.0614966155905057,stop,1
BTC,long,2026-04-26 06:55:00+00:00,2026-04-26 12:45:00+00:00,77988.58,77988.58,77803.12580431828,77744.77345996503,77803.12580431828,0.00024195098344680874,18.86941362862012,0.01317909492396797,0.014118407102694885,-0.07216832705619351,-0.0038246194861472774,-1.6083574796919304,stop,70
BTC,long,2026-04-26 14:35:00+00:00,2026-04-26 17:00:00+00:00,78086.95,78086.95,77918.90079103166,77860.46161543838,77918.90079103166,0.00024155376533357368,18.8621967959145,0.013176183196092563,0.014116202907545174,-0.06788530529126867,-0.0035990137323756713,-1.6723435182743396,stop,29
BTC,long,2026-04-26 23:05:00+00:00,2026-04-27 05:20:00+00:00,78338.11,78338.11,77889.51550494725,77831.09836831853,77889.51550494725,0.0002406926624268236,18.855408265385375,0.01313776879601437,0.014060576146517933,-0.13517174830679482,-0.007168858207909619,-1.2518985610815203,stop,75
BTC,short,2026-04-27 07:05:00+00:00,2026-04-27 09:00:00+00:00,77676.96,77676.96,77814.18,77833.633545,77965.99428753142,0.00024256730812527539,18.841891090554693,0.013208325703420832,0.004718794044146632,-0.051212205768514506,-0.00271799712260235,-0.7304522780867478,15m_opposite,23
BTC,short,2026-04-28 03:05:00+00:00,2026-04-28 05:25:00+00:00,76808.15,76808.15,77090.605855038,77148.42380942928,77090.605855038,0.0002452444157290319,18.83676986997784,0.013227464034775177,0.014179530443338438,-0.09667771561615267,-0.0051323935198804025,-1.3956504859173964,stop,28
BTC,short,2026-04-28 10:00:00+00:00,2026-04-28 19:45:00+00:00,76587.24,76587.24,76305.81,76324.88645250001,76801.26706542142,0.00024582557222869273,18.827102098416226,0.013146724863421153,0.004689479851908984,0.051346486076992714,0.002727264440835644,0.9759216941207002,15m_opposite,117
BTC,long,2026-04-29 02:50:00+00:00,2026-04-29 13:30:00+00:00,76473.0,76473.0,76907.49,76888.2631275,76272.29609513286,0.0002462599446474432,18.832236747023924,0.013233697060312886,0.004734808557594207,0.08902897773196178,0.0047274776187183985,1.8012823227109847,15m_opposite,128
BTC,short,2026-04-29 16:15:00+00:00,2026-04-30 00:45:00+00:00,76000.01,76000.01,76068.53,76087.54713250001,76405.5163958785,0.0002479096995486859,18.84113964479712,0.0131996484034667,0.00471453160435551,-0.03490095262089918,-0.001852380125558747,-0.3471730889996775,15m_opposite,102
BTC,short,2026-04-30 03:20:00+00:00,2026-04-30 07:00:00+00:00,75765.69,75765.69,75726.17,75745.10154250001,76092.481848088,0.0002486303437550035,18.83764954953503,0.013183795227041717,0.004706955919589827,-0.008064879961432793,-0.0004281255971041174,-0.09925960962930835,15m_opposite,44
BTC,long,2026-04-30 13:35:00+00:00,2026-04-30 22:00:00+00:00,76241.43,76241.43,76207.91,76188.8580225,76007.26605599016,0.00024706833360207026,18.836843061538886,0.013179295707639677,0.004707140332748973,-0.026168166582727456,-0.001389201284803274,-0.4523099957130441,15m_opposite,101
BTC,long,2026-05-01 01:00:00+00:00,2026-05-01 20:45:00+00:00,76425.17,76425.17,77978.3,77958.805425,76243.26781149425,0.00024644009617355925,18.834226244880615,0.01337293300223252,0.004804244937863714,0.364576328629945,0.019357117403696982,8.132782790795181,15m_opposite,237
BTC,long,2026-05-02 09:35:00+00:00,2026-05-02 10:20:00+00:00,78318.39,78318.39,78227.46471478172,78168.79411624563,78227.46471478172,0.00024094831211090537,18.87068387774361,0.013191456276575848,0.014136581687807327,-0.049236331965931246,-0.0026091440185695325,-2.2473832039341874,stop,9
BTC,long,2026-05-02 13:35:00+00:00,2026-05-02 18:15:00+00:00,78310.45,78310.45,78318.12,78298.54046999999,78188.79132902279,0.00024090986891975484,18.865760244547015,0.013204597609527313,0.004716902005811059,-0.016073720920724274,-0.000852004939762247,-0.5484269201617663,15m_opposite,56
BTC,long,2026-05-02 20:00:00+00:00,2026-05-03 01:00:00+00:00,78487.74,78487.74,78398.05418587157,78339.25564523217,78398.05418587157,0.0002403452166217927,18.864152872454945,0.013187063258512651,0.014131947987021878,-0.048874567670134345,-0.0025908699956254068,-2.2673767592636715,stop,60
BTC,short,2026-05-03 04:00:00+00:00,2026-05-03 06:50:00+00:00,78196.0,78196.0,78326.22959547846,78384.97426767508,78326.22959547846,0.00024117941346984409,18.85926541568793,0.013224274142500934,0.014168005584857054,-0.058800977181269004,-0.0031178826897656302,-1.8721240276695112,stop,34
BTC,long,2026-05-03 09:35:00+00:00,2026-05-03 11:00:00+00:00,78506.19,78506.19,78390.4523654855,78331.65952621138,78390.4523654855,0.00024015157681158398,18.853385317969806,0.013176412838337861,0.014119193056908974,-0.05509018132034733,-0.0029220312634166017,-1.9820479528029398,stop,17
BTC,long,2026-05-03 12:05:00+00:00,2026-05-03 17:00:00+00:00,78738.04,78738.04,78568.40439983283,78509.47809653296,78568.40439983283,0.00023937446626608655,18.847876299837772,0.01316615746806085,0.014105452401440276,-0.06787804111924388,-0.003601362829393576,-1.6716081426060776,stop,59
BTC,long,2026-05-03 18:10:00+00:00,2026-05-03 23:30:00+00:00,78680.39,78680.39,78645.8,78626.13855,78549.46709855247,0.00023946358801380936,18.841088495725845,0.013182266323572117,0.004708201362554018,-0.02617351319552296,-0.0013891720322560183,-0.8348470440735111,15m_opposite,64
BTC,long,2026-05-04 03:45:00+00:00,2026-05-04 06:15:00+00:00,79983.87,79983.87,79899.05,79879.0752375,79527.86666650863,0.00023552837771423528,18.83847114440629,0.013174588730882118,0.0047046234068525705,-0.03785672913545435,-0.002009543600712797,-0.3524778489843858,15m_opposite,30
BTC,short,2026-05-04 11:25:00+00:00,2026-05-04 14:30:00+00:00,78952.53,78952.53,79237.56,79257.36939,79418.51606512662,0.00023855708577664002,18.834685471492744,0.013220640628299087,0.004725670349415168,-0.08594223713662968,-0.004562977028032013,-0.7731102014759099,15m_opposite,37
BTC,long,2026-05-04 17:50:00+00:00,2026-05-04 19:05:00+00:00,80406.1,80406.1,79941.73711284308,79881.78081000845,79941.73711284308,0.0002341375996072323,18.826091247779082,0.013116882455159042,0.014038024827024815,-0.13587971902779003,-0.007217627771979475,-1.2497581448632056,stop,15
BTC,long,2026-05-05 04:40:00+00:00,2026-05-05 08:45:00+00:00,80804.03,80804.03,80741.88,80721.69453000001,80526.71795396163,0.0002328163988340223,18.812503275876303,0.013159167769302559,0.004699508434171426,-0.032328215391007116,-0.0017184430438059945,-0.5007251767410799,15m_opposite,49
BTC,long,2026-05-05 12:00:00+00:00,2026-05-05 21:45:00+00:00,81026.16,81026.16,81361.56,81341.21961,80809.3096062587,0.00023213824343072906,18.809270454337202,0.013203058010256726,0.004721782405295403,0.05993432643111306,0.003186424831128572,1.1906077906549792,15m_opposite,117
BTC,long,2026-05-06 04:50:00+00:00,2026-05-06 05:10:00+00:00,81482.75,81482.75,81239.5813411064,81178.65165510056,81239.5813411064,0.00023091100738475707,18.815263886980315,0.013135574893303838,0.014069335175245092,-0.08335523005807026,-0.004430191920706994,-1.484501425345855,stop,4
BTC,long,2026-05-06 12:35:00+00:00,2026-05-06 13:00:00+00:00,82428.38,82428.38,82084.13998914683,82022.57688415497,82084.13998914683,0.0002281608393125584,18.806928363974503,0.013118555665028725,0.01404628970562977,-0.10570693517188262,-0.0056206379439594665,-1.3458635419481173,stop,5
BTC,short,2026-05-07 01:35:00+00:00,2026-05-07 06:45:00+00:00,81137.83,81137.83,81367.28,81387.62182,81436.78833918842,0.00023165960527237806,18.796357670457315,0.013186383706530856,0.004712377991722104,-0.07105305812799943,-0.0037801503553890775,-1.025939593264493,15m_opposite,62
BTC,long,2026-05-07 08:25:00+00:00,2026-05-07 09:00:00+00:00,81415.87,81415.87,81168.873277968,81107.99662300952,81168.873277968,0.00023078120229685583,18.789252364644515,0.013116950961202632,0.014049187623129653,-0.0841683390582586,-0.004479600221701053,-1.4765805242335952,stop,7
BTC,short,2026-05-07 15:00:00+00:00,2026-05-08 10:45:00+00:00,80153.5,80153.5,80149.15,80169.1872875,80564.61473917271,0.00023431086017127996,18.78083553073869,0.013148422722431021,0.00469495406962494,-0.01682412455030953,-0.0008958134222928155,-0.17465338578771358,15m_opposite,237
BTC,long,2026-05-08 14:40:00+00:00,2026-05-08 15:15:00+00:00,80246.58,80246.58,79777.68564511766,79717.85238088382,79777.68564511766,0.00023401811165390046,18.779153118283656,0.013083541263296146,0.014002067510091048,-0.1368153802681273,-0.007285492556899271,-1.246839197825957,stop,7
BTC,short,2026-05-08 17:10:00+00:00,2026-05-08 17:15:00+00:00,79805.96,79805.96,79845.65,79865.6114125,80128.13659260396,0.00023513872372761185,18.765471580256843,0.013142843284681691,0.004693701059052281,-0.02716920028848001,-0.0014478293376365098,-0.3586399907962419,15m_opposite,1
BTC,long,2026-05-08 20:35:00+00:00,2026-05-09 06:30:00+00:00,80257.08,80257.08,80309.6,80289.52260000001,80048.74954525633,0.00023378317103273628,18.762754660227998,0.013137720529111874,0.004693758238091413,-0.0055531866245630244,-0.0002959686210860226,-0.11401874646324231,15m_opposite,119
BTC,long,2026-05-09 09:25:00+00:00,2026-05-09 10:00:00+00:00,80300.44,80300.44,80175.02323720756,80114.89196977965,80175.02323720756,0.0002336500191227538,18.762199341565545,0.013111862888691294,0.014049671784405044,-0.056465163697865486,-0.0030095173103066473,-1.926900031737974,stop,7
BTC,long,2026-05-09 12:15:00+00:00,2026-05-09 23:15:00+00:00,80300.78,80300.78,80717.78,80697.600555,80195.44983692368,0.0002335787127496863,18.756552825195755,0.013175931394851787,0.004713488787103462,0.07951290303466395,0.004239206626915685,3.231852954370303,15m_opposite,132
BTC,long,2026-05-10 08:50:00+00:00,2026-05-10 10:00:00+00:00,80836.5,80836.5,80731.6330817945,80671.08435698315,80731.6330817945,0.00023212910152590997,18.76450411549922,0.013115953988553537,0.014055121088998139,-0.051513738580385916,-0.002745275775118207,-2.1161915406006466,stop,14
BTC,long,2026-05-10 15:15:00+00:00,2026-05-10 20:30:00+00:00,81034.01,81034.01,81131.55,81111.2671125,80839.12744072739,0.00023149974611451642,18.759352741641184,0.013140489420113477,0.004695483306718776,0.004744512509179566,0.0002529145101391428,0.10516424363604533,15m_opposite,63
BTC,long,2026-05-10 23:25:00+00:00,2026-05-11 00:15:00+00:00,82260.19,82260.19,81732.68099468858,81671.38148394256,81732.68099468858,0.0002280547515498335,18.7598271928921,0.013064738745104517,0.013979644693308934,-0.1473453185850104,-0.007854300419187122,-1.2248060948608388,stop,10
BTC,short,2026-05-11 04:40:00+00:00,2026-05-11 10:05:00+00:00,80771.93,80771.93,81046.69485115306,81107.47987229143,81046.69485115306,0.0002320743439092467,18.7450926610336,0.013160501120953953,0.014106643900195271,-0.09103301758182011,-0.00485636530200009,-1.4276134541279195,stop,65
BTC,short,2026-05-11 14:45:00+00:00,2026-05-11 15:25:00+00:00,80768.01,80768.01,81197.47828452152,81258.37639323491,81197.47828452152,0.00023197289817188042,18.73598935927542,0.013172068408195192,0.014126710771430637,-0.1269237818129905,-0.006774330374507592,-1.27401534211336,stop,8
BTC,long,2026-05-11 17:30:00+00:00,2026-05-11 21:15:00+00:00,81614.97,81614.97,81719.09,81698.6602275,81244.2330307569,0.00022941008225689624,18.72329698109412,0.013115907577753322,0.004686795789712932,0.006083474397120715,0.0003249146986913423,0.07152753997097325,15m_opposite,45
BTC,short,2026-05-12 02:20:00+00:00,2026-05-13 01:15:00+00:00,81106.45,81106.45,80942.7,80962.935675,81429.94125574673,0.00023085593474420134,18.723905328533828,0.01309016816315015,0.004671525667305683,0.02004096548390713,0.0010703411031119776,0.26835831145452327,15m_opposite,275
BTC,long,2026-05-13 04:15:00+00:00,2026-05-13 05:55:00+00:00,81153.16,81153.16,80968.93523813349,80908.20853670489,80968.93523813349,0.0002307477543090401,18.72590942508222,0.013079875597522524,0.014012549981246049,-0.06960187566758419,-0.0037168755913321192,-1.637327124255053,stop,20
BTC,long,2026-05-13 09:30:00+00:00,2026-05-13 10:25:00+00:00,81126.91,81126.91,80957.78143139565,80897.0630953221,80957.78143139565,0.00023073662287292172,18.718949237515464,0.013076747416979237,0.014009943812074196,-0.06611084598015372,-0.0035317605246590494,-1.6941006512969952,stop,11
BTC,short,2026-05-13 12:55:00+00:00,2026-05-14 00:15:00+00:00,80129.91,80129.91,79499.29,79519.1648225,80491.2212422099,0.00023352501148344543,18.71233815291745,0.013027324569747641,0.00464126815254435,0.12959695001940066,0.006925748613579599,1.5359599930919694,15m_opposite,136
BTC,short,2026-05-14 03:10:00+00:00,2026-05-14 05:20:00+00:00,79195.51,79195.51,79464.55901977602,79524.15743904085,79464.55901977602,0.00023644393284315474,18.72529784791939,0.013146561840046398,0.014091684642212127,-0.09085325484569706,-0.004851899050342314,-1.42817327519072,stop,26
BTC,long,2026-05-14 14:05:00+00:00,2026-05-15 00:00:00+00:00,79776.47,79776.47,81078.04,81057.77049,79380.11290142636,0.00023460818111449173,18.716212522434816,0.013251650554414374,0.004755392873181594,0.28735192686559125,0.015353102371601477,3.0901838649104456,15m_opposite,119
BTC,long,2026-05-15 00:50:00+00:00,2026-05-15 01:30:00+00:00,81555.0,81555.0,81232.1155062863,81171.19141965658,81232.1155062863,0.0002298442488519573,18.744947715121377,0.01307735530315898,0.01400305092839926,-0.10129355015512898,-0.005403778751189388,-1.364900404427648,stop,8
BTC,short,2026-05-15 06:35:00+00:00,2026-05-15 07:20:00+00:00,80511.48,80511.48,80827.42023386757,80888.04079904297,80827.42023386757,0.0002326974781746139,18.734818360105862,0.013158185226232463,0.014106252641835156,-0.1007829335429493,-0.0053794454584922815,-1.3708514111692136,stop,9
BTC,short,2026-05-15 12:15:00+00:00,2026-05-15 17:45:00+00:00,80398.01,80398.01,79363.91,79383.7509775,80659.99239567702,0.0002329005415277265,18.72474006675157,0.012989207308931282,0.004620974404190286,0.22323226828069834,0.01192178195718075,3.6585952370359465,15m_opposite,66
BTC,short,2026-05-16 04:55:00+00:00,2026-05-16 14:45:00+00:00,78953.26,78953.26,78186.25,78205.7965625,79100.14492546192,0.00023744508198369062,18.74706329357964,0.01303420354690725,0.004641235135313491,0.16444731365008858,0.008771897287315786,4.715050813013845,15m_opposite,118
BTC,short,2026-05-16 22:55:00+00:00,2026-05-17 05:05:00+00:00,78171.43,78171.43,78269.28089670424,78327.98285737677,78269.28089670424,0.00024003025178053735,18.76350802494465,0.01315324432834781,0.014090246400240281,-0.050730666101459015,-0.002703687713087365,-2.1599304853003285,stop,74
BTC,short,2026-05-17 09:05:00+00:00,2026-05-17 09:50:00+00:00,78033.44,78033.44,78152.60134636833,78211.21579737811,78152.60134636833,0.00024038969649850756,18.7584349583345,0.013152272205822402,0.014090310088667695,-0.05588774218232686,-0.0029793392842453283,-1.951036140177307,stop,9
BTC,long,2026-05-17 11:10:00+00:00,2026-05-17 13:10:00+00:00,78414.09,78414.09,78240.5538629731,78181.87344757587,78240.5538629731,0.00023915148647540602,18.75284618411627,0.013099224862033177,0.01403350856924268,-0.06863415855845748,-0.0036599328914984045,-1.6537783545535427,stop,24
BTC,short,2026-05-17 15:15:00+00:00,2026-05-17 16:30:00+00:00,78055.61,78055.61,78109.26,78128.787315,78238.326762115,0.00024016188930251682,18.745982768260426,0.01313097513889454,0.004689716863405223,-0.03070537736337839,-0.00163797106521227,-0.6997323572153943,15m_opposite,15
BTC,long,2026-05-17 21:45:00+00:00,2026-05-17 22:00:00+00:00,78389.92,78389.92,78226.4373771496,78167.76754911673,78226.4373771496,0.00023909849927802055,18.742912230524087,0.0130934804025583,0.014027867835558998,-0.06620979801968144,-0.003532524572774467,-1.6938455832778752,stop,3
BTC,short,2026-05-18 00:05:00+00:00,2026-05-18 11:45:00+00:00,77275.93,77275.93,77311.85,77331.1779625,77783.34904423376,0.00024245960224253684,18.736291250722118,0.013122101575011714,0.004686250099908561,-0.0265175005874753,-0.00141530147202709,-0.21553928399832675,15m_opposite,140
BTC,short,2026-05-18 18:40:00+00:00,2026-05-18 19:00:00+00:00,76235.06,76235.06,76569.55040450636,76626.97756730973,76569.55040450636,0.0002457352234085389,18.73363950066337,0.013161701625944653,0.014111876681205846,-0.1094696525865333,-0.005843480258209138,-1.331811203226667,stop,4
BTC,long,2026-05-19 00:50:00+00:00,2026-05-19 01:15:00+00:00,77168.26,77168.26,76931.7899705996,76874.09112812164,76931.7899705996,0.0002426216754842563,18.722692535404715,0.013070198902498081,0.013998989835503772,-0.08444194347293817,-0.004510138876299869,-1.4718126027425777,stop,5
BTC,short,2026-05-19 10:40:00+00:00,2026-05-19 11:15:00+00:00,76815.3,76815.3,76926.25,76945.4815625,77040.5919184005,0.00024362657362605395,18.714248341057424,0.013115831682750777,0.004685319677351443,-0.0448315197039122,-0.002395582172838637,-0.8167952254466798,15m_opposite,7
BTC,short,2026-05-19 14:45:00+00:00,2026-05-19 16:45:00+00:00,76384.63,76384.63,76731.41,76750.5928525,76844.50613048638,0.0002449414913587594,18.709765189087033,0.013141655375797551,0.004698676499865571,-0.10278114224905341,-0.005493449073802553,-0.9124523912177365,15m_opposite,24
BTC,short,2026-05-20 00:40:00+00:00,2026-05-20 01:50:00+00:00,76600.05,76600.05,76844.59592601823,76902.22937296274,76844.59592601823,0.00024411847087387183,18.699487074862127,0.013126524735632132,0.014069388939285107,-0.08689409119292134,-0.004646870304252023,-1.455556849565723,stop,14
BTC,short,2026-05-20 03:35:00+00:00,2026-05-20 05:05:00+00:00,76704.16,76704.16,76940.82999044022,76998.53561293306,76940.82999044022,0.00024367384592625528,18.690797665742835,0.013119424184895133,0.014061350964398532,-0.08485106193519201,-0.0045397239568170005,-1.4713133341993365,stop,18
BTC,long,2026-05-20 08:55:00+00:00,2026-05-20 13:25:00+00:00,77403.0,77403.0,77201.91834582589,77144.01690706651,77201.91834582589,0.00024136419207975552,18.682312559549317,0.013046364169190418,0.013975333986412694,-0.07555560915739744,-0.004044232153624781,-1.5567591318697578,stop,54
BTC,long,2026-05-21 03:10:00+00:00,2026-05-21 05:30:00+00:00,77891.37,77891.37,77800.52,77781.06987,77680.42624672984,0.00023975386488430723,18.67475699863358,0.013059107457811137,0.004663243840001598,-0.039503989922549956,-0.0021153683512690653,-0.7811036656959875,15m_opposite,28
BTC,long,2026-05-21 08:30:00+00:00,2026-05-21 09:30:00+00:00,77975.97,77975.97,77745.88342715886,77687.57401458849,77745.88342715886,0.00023944308226805418,18.670806599641324,0.013035037407918594,0.013961785471087737,-0.08208946106858314,-0.004396674596273742,-1.490025959296209,stop,12
BTC,short,2026-05-21 15:00:00+00:00,2026-05-21 15:45:00+00:00,76891.99,76891.99,77267.48858145936,77325.43919789545,77267.48858145936,0.00024271185663857139,18.662597653534466,0.013116419987263978,0.014065301708554011,-0.11831967956696737,-0.006339936259867826,-1.2982480881812983,stop,9
BTC,long,2026-05-21 19:10:00+00:00,2026-05-22 05:45:00+00:00,77476.0,77476.0,77504.98,77485.603755,77047.08015326419,0.00024072958962230583,18.650765685577767,0.01305669193390443,0.0046644355072693764,-0.010744783933920365,-0.0005761041726146972,-0.10406197618779969,15m_opposite,127
BTC,short,2026-05-22 18:30:00+00:00,2026-05-23 13:15:00+00:00,76716.02,76716.02,74849.98,74868.692495,76961.82647489606,0.00024310034862580685,18.64969120718437,0.012830240864783288,0.0045490140581586095,0.4362557196267607,0.023392114903152017,7.300661854051384,15m_opposite,225
BTC,long,2026-05-23 17:50:00+00:00,2026-05-24 05:30:00+00:00,75336.34,75336.34,76610.99,76591.8372525,75143.56568746826,0.00024813146987426055,18.69331677914705,0.013241085934745897,0.004752399389306536,0.298287292751176,0.015956894984196935,6.235966037621599,15m_opposite,140
BTC,long,2026-05-24 07:20:00+00:00,2026-05-24 08:05:00+00:00,76812.08,76812.08,76644.01373023244,76586.53071993477,76644.01373023244,0.0002437526168855494,18.72314550842217,0.013078712742269244,0.01401163418651611,-0.0680569399948203,-0.0036349095275794593,-1.6612789812693927,stop,9
BTC,long,2026-05-24 11:45:00+00:00,2026-05-24 12:20:00+00:00,77151.0,77151.0,76950.74615404435,76893.03309442881,76950.74615404435,0.00024259361271302622,18.716339814422685,0.013070147308304424,0.014000819632854402,-0.07565127089121843,-0.0040419906691864,-1.5572416131646207,stop,7
BTC,long,2026-05-25 04:40:00+00:00,2026-05-25 07:30:00+00:00,77059.33,77059.33,77122.4,77103.1194,76862.25974806497,0.00024278403001081844,18.708774687333563,0.013101457964635372,0.004681021769026157,-0.002470090960881045,-0.0001320284733854524,-0.05162639008225314,15m_opposite,34
BTC,long,2026-05-25 09:25:00+00:00,2026-05-25 11:55:00+00:00,77420.5,77420.5,77262.60876637911,77204.66180980433,77262.60876637911,0.0002416482414636624,18.708527678237473,0.01306989091521549,0.014002780154468215,-0.06522681001669973,-0.0034864747851095857,-1.7095605304388872,stop,30
BTC,short,2026-05-25 23:00:00+00:00,2026-05-25 23:30:00+00:00,77043.96,77043.96,77262.0933334998,77320.03990349993,77262.0933334998,0.00024274459668526641,18.7020049972358,0.013124911950479058,0.014066216763976366,-0.08014181677847484,-0.004285199196039141,-1.513517948654044,stop,6
BTC,short,2026-05-26 08:25:00+00:00,2026-05-26 10:20:00+00:00,76693.48,76693.48,76857.06249140612,76914.70528827468,76857.06249140612,0.00024374941410349295,18.693990815557953,0.013112755338091482,0.01405039796399822,-0.06703628973992189,-0.0035859806716140763,-1.6812394441164884,stop,23
BTC,long,2026-05-26 12:55:00+00:00,2026-05-26 13:20:00+00:00,77029.42,77029.42,76789.13553667054,76731.54368501804,76789.13553667054,0.00024259934952884188,18.687287186583962,0.01304496873048144,0.013971745749057574,-0.08530956898515261,-0.004565112535242587,-1.4634652859028767,stop,5
BTC,long,2026-05-26 14:10:00+00:00,2026-05-26 14:40:00+00:00,77161.99,77161.99,76784.22999154111,76726.64181904745,76784.22999154111,0.00024207198686406928,18.678756229685447,0.01302243656120939,0.013940483335411641,-0.11840803570205266,-0.006339182022937438,-1.294853581398379,stop,6
BTC,short,2026-05-26 16:45:00+00:00,2026-05-27 08:30:00+00:00,76434.0,76434.0,75928.87,75947.8522175,76899.44898408584,0.0002442226682643227,18.666915426115242,0.013007476643974204,0.004635887807423927,0.10572083196896034,0.005663540523736215,0.9300418975915418,15m_opposite,189
BTC,short,2026-05-27 15:55:00+00:00,2026-05-28 18:15:00+00:00,75125.99,75125.99,73522.08,73540.46052000001,75543.06806533724,0.000248615525856127,18.67748750931214,0.012877147633803203,0.004569682645310569,0.38131009779678776,0.020415492051951624,3.6773308864849388,15m_opposite,316
BTC,long,2026-05-29 07:10:00+00:00,2026-05-29 07:30:00+00:00,73661.73,73661.73,73501.85293109121,73446.7265413929,73501.85293109121,0.0002540751964295682,18.715618519091816,0.013073619440374953,0.014006248291052206,-0.06770066541900988,-0.003617335187183281,-1.6666503188760655,stop,4
BTC,short,2026-05-29 13:50:00+00:00,2026-05-29 15:05:00+00:00,73098.28,73098.28,73412.46635814935,73467.52570791797,73412.46635814935,0.00025594102149257024,18.708848452549915,0.013143446478618077,0.01409194622249743,-0.10764857014489133,-0.005753885409778891,-1.3386931541184062,stop,15
BTC,short,2026-05-29 23:10:00+00:00,2026-05-30 01:25:00+00:00,73352.53,73352.53,73547.927895457,73603.0888413786,73547.927895457,0.00025490713947474514,18.698083595535426,0.013120593135637763,0.014060918935595626,-0.07698983066156376,-0.004117525214185413,-1.545722337965255,stop,27
BTC,short,2026-05-30 04:55:00+00:00,2026-05-30 05:05:00+00:00,73232.76,73232.76,73424.36771525527,73479.43599104171,73424.36771525527,0.00025521890220263815,18.69038461246927,0.013114747416545197,0.014054464892407725,-0.07607112304995996,-0.0040700672900657806,-1.5555859044618066,stop,2
BTC,long,2026-05-30 13:20:00+00:00,2026-05-30 22:15:00+00:00,73664.01,73664.01,73787.39,73768.9431525,73557.9301251739,0.0002536215106965297,18.68277750016427,0.01309125090244459,0.004678517330539278,0.013522053756755147,0.0007237710643739269,0.5026012616545197,15m_opposite,107
BTC,long,2026-05-31 01:50:00+00:00,2026-05-31 02:30:00+00:00,73998.94,73998.94,73801.53037556332,73746.17922778164,73801.53037556332,0.0002524918560392885,18.684129705539945,0.013046980775622294,0.013975714037301119,-0.07686701728695988,-0.004114027171635851,-1.5421418823979265,stop,8
BTC,short,2026-05-31 16:15:00+00:00,2026-05-31 21:45:00+00:00,73511.57,73511.57,73682.5068238311,73737.76870394898,73682.5068238311,0.00025406127231143683,18.67644300381125,0.013102244267928114,0.01403990357306967,-0.07057057478840296,-0.0037785875380018465,-1.6249857466370774,stop,66
BTC,short,2026-06-01 10:05:00+00:00,2026-06-02 21:00:00+00:00,72693.48,72693.48,67485.08,67501.95127,72938.02265117576,0.000256823389750118,18.669385946332408,0.012401917159220826,0.004332936750790315,1.320904089264502,0.07075241216082916,21.032073683818087,15m_opposite,419
BTC,short,2026-06-03 15:35:00+00:00,2026-06-05 00:30:00+00:00,66240.84,66240.84,63830.97,63846.927742500004,66777.14011416861,0.0002838351137343497,18.80147635525886,0.01282129526974242,0.0045293676574316745,0.6666550626078218,0.03545759120247785,4.379526618728831,15m_opposite,395
BTC,short,2026-06-05 01:20:00+00:00,2026-06-05 21:00:00+00:00,63272.0,63272.0,61596.0,61611.399000000005,63748.99756611273,0.00029820681915412254,18.868141861519643,0.012960098032016672,0.004592086808155791,0.4822424440621369,0.025558555134972735,3.390249794519509,15m_opposite,236
BTC,short,2026-06-06 02:45:00+00:00,2026-06-06 08:25:00+00:00,60910.39,60910.39,61369.634798984574,61415.66202508382,61369.634798984574,0.00031056058097683916,18.916366105925853,0.013319915060978784,0.014294242078133053,-0.17023748872235314,-0.008999481600698325,-1.1936159871780512,stop,68
BTC,short,2026-06-06 11:45:00+00:00,2026-06-06 21:15:00+00:00,60798.63,60798.63,60828.61,60843.81715250001,61192.71629877049,0.00031085145104509126,18.899342357053616,0.013236562895899143,0.004727165420891004,-0.02728305481912298,-0.0014435981053563165,-0.22271463725100232,15m_opposite,114
BTC,long,2026-06-07 02:25:00+00:00,2026-06-07 12:15:00+00:00,61271.91,61271.91,62063.93,62048.4140175,60891.99343016128,0.00030840582661078626,18.896614051571703,0.013347369017792033,0.004785219408591294,0.2261309943658906,0.011966746727680689,1.9299643308595513,15m_opposite,118
BTC,long,2026-06-07 22:30:00+00:00,2026-06-08 04:45:00+00:00,62963.08,62963.08,62662.9,62647.234275,62156.943146218946,0.00030048128444492065,18.919227151008293,0.013196006141138587,0.004707257169760583,-0.10810173527557554,-0.005713855772898963,-0.44627901137392906,15m_opposite,75
BTC,long,2026-06-08 07:10:00+00:00,2026-06-08 12:15:00+00:00,62887.13,62887.13,62671.99,62656.3220025,62541.02741199229,0.00030067228346214453,18.908416977480734,0.013201193100411688,0.004710932585604364,-0.08259876075006164,-0.004368359384523511,-0.7937345573825437,15m_opposite,61
BTC,short,2026-06-09 01:30:00+00:00,2026-06-09 03:15:00+00:00,62762.0,62762.0,62886.62,62902.34165500001,63158.06057130283,0.000301140134180009,18.900157101405725,0.013251241223392881,0.004734421296234359,-0.05551374604114075,-0.0029372108254598498,-0.46544705326539837,15m_opposite,21
BTC,short,2026-06-09 10:10:00+00:00,2026-06-09 12:15:00+00:00,62604.65,62604.65,62804.71,62820.411177500006,62879.44470313402,0.00030180834373807076,18.89460572680161,0.013258783270573254,0.00473874637601441,-0.0783773068948254,-0.00414813137824034,-0.9450411893933197,15m_opposite,25
BTC,short,2026-06-09 13:35:00+00:00,2026-06-09 20:00:00+00:00,62262.25,62262.25,62044.84,62060.35121,62603.998562457,0.00030334220167295797,18.886767996112127,0.013190115385541636,0.00470520459201288,0.048054308088164334,0.002544337289368747,0.4635459568756199,15m_opposite,77
BTC,short,2026-06-10 02:35:00+00:00,2026-06-10 07:30:00+00:00,61303.99,61303.99,61593.39,61608.788347500005,61696.96845580752,0.00030816221630795886,18.891573426920946,0.013271065065990966,0.004745188893081939,-0.10719839935859664,-0.005674402916902429,-0.8851974822867672,15m_opposite,59
BTC,short,2026-06-10 11:20:00+00:00,2026-06-10 12:30:00+00:00,60995.96,60995.96,61401.98426831172,61448.03575651295,61401.98426831172,0.0003095426908107535,18.880853586985086,0.013286565883950226,0.014254901573650187,-0.15322331200527686,-0.00811527462460153,-1.2191364039628874,stop,14
BTC,long,2026-06-10 14:25:00+00:00,2026-06-10 17:45:00+00:00,62094.04,62094.04,61680.0,61664.58,61578.140823122034,0.00030382193292278223,18.865531255784557,0.01314063219539268,0.004684934205668771,-0.14361999950841045,-0.007612825610960393,-0.9162858154972715,15m_opposite,40
BTC,short,2026-06-10 22:50:00+00:00,2026-06-11 00:15:00+00:00,61373.69,61373.69,61753.41591211325,61799.730974047336,61753.41591211325,0.0003071539165370979,18.85116925583372,0.013261248555975564,0.014225852667713567,-0.14412140233989404,-0.007645223507570701,-1.2356691038625351,stop,17
BTC,long,2026-06-11 04:15:00+00:00,2026-06-11 12:30:00+00:00,62589.25,62589.25,62615.99,62600.3360025,62243.93540177129,0.00030095834533246096,18.83675711559973,0.013187398193404188,0.004711201185437814,-0.00985097322465261,-0.0005229654533526097,-0.09478897118496761,15m_opposite,99
BTC,long,2026-06-11 23:55:00+00:00,2026-06-12 01:20:00+00:00,63560.87,63560.87,63334.069137981634,63286.568586128145,63334.069137981634,0.00029634226243720804,18.835772018277265,0.01314439686200583,0.01407642100327885,-0.09443149843851696,-0.005013412688733198,-1.4050073237336895,stop,17
BTC,short,2026-06-12 07:35:00+00:00,2026-06-12 08:05:00+00:00,62914.0,62914.0,63149.47389953446,63196.836004959114,63149.47389953446,0.00029923910208273856,18.826328868433414,0.013220748003983707,0.014172593900021508,-0.0978563401646179,-0.005197845041828421,-1.3887620819467388,stop,6
BTC,long,2026-06-12 08:50:00+00:00,2026-06-12 09:00:00+00:00,63341.96,63341.96,63391.69,63375.842077500005,63079.76183710124,0.00029706285114033335,18.81654323441695,0.01317661281736422,0.004707829042500257,-0.0031115062726547495,-0.00016536014260916732,-0.039947783855330245,15m_opposite,2
BTC,long,2026-06-12 10:10:00+00:00,2026-06-12 12:20:00+00:00,63745.77,63745.77,63492.47698226494,63444.85762452824,63492.47698226494,0.0002951761675133846,18.816232083789686,0.013126951377778228,0.014056099516168302,-0.10194911312688047,-0.0054181470909210536,-1.3635747300594436,stop,26
BTC,long,2026-06-12 15:55:00+00:00,2026-06-12 21:00:00+00:00,63806.37,63806.37,63409.66,63393.807585,63303.09232608402,0.0002947360455151578,18.806037172477,0.01310342751337126,0.004672278108965524,-0.1347004422386548,-0.007162617036394647,-0.9080883505847638,15m_opposite,61
BTC,short,2026-06-13 05:50:00+00:00,2026-06-13 06:30:00+00:00,63512.89,63512.89,63639.31,63655.219827500005,63642.17353343157,0.000295885876524484,18.792567128253133,0.013175853682659902,0.004707493255192893,-0.055289239448077544,-0.0029420801889782563,-1.4453504669460766,15m_opposite,8
BTC,long,2026-06-13 18:55:00+00:00,2026-06-14 05:00:00+00:00,64092.15,64092.15,64310.39,64294.3124025,63902.47819541268,0.0002931254171424788,18.787038204308324,0.013180556212297495,0.004712752473836282,0.0460783823510402,0.0024526687948328812,0.8287832587493447,15m_opposite,121
BTC,short,2026-06-14 15:15:00+00:00,2026-06-14 21:15:00+00:00,64065.88,64065.88,64277.19014278858,64325.39803539567,64277.19014278858,0.0002933175356764541,18.791646042543427,0.013192212825083326,0.014140220259666757,-0.08931340343093747,-0.00475282491106612,-1.4409810451835139,stop,72
BTC,long,2026-06-14 22:15:00+00:00,2026-06-15 09:45:00+00:00,65088.21,65088.21,65531.07,65514.6872325,64565.914125318086,0.0002885732255073589,18.782714702200334,0.013209435246834222,0.004727628060211934,0.10986047534114299,0.005849020074200094,0.728901500735776,15m_opposite,138
BTC,long,2026-06-15 12:10:00+00:00,2026-06-15 19:30:00+00:00,66164.97,66164.97,66497.6,66480.9756,65891.63969288256,0.00028404306311533803,18.793700749734448,0.013200470124106915,0.004722045498454798,0.0765587284614945,0.004073637730055708,0.9861040330379134,15m_opposite,88
BTC,long,2026-06-16 12:30:00+00:00,2026-06-16 13:05:00+00:00,66532.82,66532.82,66291.55092338743,66241.83226019489,66291.55092338743,0.00028258770066533467,18.801356622580595,0.01311983485764975,0.014049882711735023,-0.09534939117098061,-0.005071410169224978,-1.3985017254284542,stop,7
BTC,short,2026-06-16 15:20:00+00:00,2026-06-16 18:00:00+00:00,65740.0,65740.0,66147.11901332231,66196.7293525823,66147.11901332231,0.00028585064927690143,18.7918216834635,0.013219553369414185,0.014181147688315703,-0.14377593534888466,-0.007650984442631507,-1.235451307356143,stop,32
BTC,short,2026-06-16 21:55:00+00:00,2026-06-17 01:55:00+00:00,65709.62,65709.62,65895.7521830945,65945.17399723183,65895.7521830945,0.00028576400365621675,18.77744408992861,0.013177867289613126,0.01412297547583615,-0.08049072061580813,-0.00428656425391674,-1.5132713942727183,stop,48
BTC,short,2026-06-17 06:40:00+00:00,2026-06-17 15:45:00+00:00,65610.01,65610.01,65448.18,65464.54204500001,65810.07345616097,0.00028607517386244923,18.76939501786703,0.013117769127247905,0.004680774868122778,0.028497001390787893,0.001518269574680533,0.49791043246465505,15m_opposite,109
BTC,short,2026-06-17 22:15:00+00:00,2026-06-17 23:20:00+00:00,64041.44,64041.44,64447.96435392011,64496.300327185556,64447.96435392011,0.00029312652429436487,18.77224471800611,0.013207237115977927,0.014168555841684529,-0.14653886386327686,-0.0078061449797060525,-1.2297338659503498,stop,13
BTC,short,2026-06-18 10:45:00+00:00,2026-06-18 10:50:00+00:00,63943.77,63943.77,64155.060614359645,64203.17690982042,64155.060614359645,0.00029334508790488555,18.757590831619783,0.013168361453516051,0.014114678921597507,-0.08926410421792187,-0.004758825641267792,-1.4401834799787683,stop,1
BTC,short,2026-06-18 14:00:00+00:00,2026-06-18 18:30:00+00:00,63906.48,63906.48,62764.26,62779.95106500001,64251.39654318164,0.000293376578105976,18.748664421197994,0.012958816492794761,0.0046033909565403085,0.3175383875948732,0.0169365870795496,3.1380276906507056,15m_opposite,54
BTC,short,2026-06-18 22:55:00+00:00,2026-06-19 00:40:00+00:00,62784.78,62784.78,62990.73655236342,63037.9796047777,62990.73655236342,0.00029912374081676296,18.780418259957482,0.013184161788447453,0.01413151856576078,-0.08892217474287878,-0.004734834629986568,-1.4433896235334498,stop,21
BTC,short,2026-06-19 03:35:00+00:00,2026-06-19 13:00:00+00:00,62667.79,62667.79,62765.91,62781.60147750001,62965.86509655097,0.00029954025891902673,18.771526042483195,0.013157113789457392,0.004700229233173314,-0.04724823322776639,-0.002517016097723515,-0.5291815319827736,15m_opposite,113
BTC,long,2026-06-19 15:10:00+00:00,2026-06-19 17:00:00+00:00,63103.56,63103.56,62910.0,62894.2725,62798.197197445086,0.0002973968698304885,18.76680121916042,0.01310564012971497,0.004677309270259268,-0.07534708752436291,-0.004014913710890457,-0.8296863472899233,15m_opposite,22
BTC,long,2026-06-19 21:10:00+00:00,2026-06-20 02:30:00+00:00,63144.81,63144.81,63333.95,63318.1165125,62959.2468039909,0.00029708326797416897,18.759266510407983,0.013157229789832943,0.004703864209928169,0.03832923530487303,0.002043216097154293,0.6952806106951503,15m_opposite,64
BTC,long,2026-06-20 06:05:00+00:00,2026-06-20 08:00:00+00:00,63625.01,63625.01,63443.568262534245,63395.985586337345,63443.568262534245,0.0002949013199988255,18.76309943393847,0.013100399802806393,0.014032194019542544,-0.080640001703881,-0.004297797492775651,-1.5070810733800037,stop,23
BTC,long,2026-06-20 21:25:00+00:00,2026-06-21 01:30:00+00:00,63909.0,63909.0,64153.49,64137.4516275,63783.95733926596,0.0002934646987711916,18.755035433768082,0.013162046047661698,0.00470669615449244,0.0538804420004139,0.0028728520503567374,1.4683077008154661,15m_opposite,49
BTC,long,2026-06-21 03:35:00+00:00,2026-06-21 05:20:00+00:00,64281.16,64281.16,64149.26525481861,64101.153305877495,64149.26525481861,0.0002918494855719486,18.76042347796812,0.013106029004038105,0.014041447548327963,-0.06564089008319936,-0.003498902365412313,-1.705249913225308,stop,21
BTC,long,2026-06-21 11:10:00+00:00,2026-06-21 11:15:00+00:00,64345.51,64345.51,64180.69119722537,64132.555678827455,64180.69119722537,0.0002914556025581241,18.7538593889598,0.01309666820727451,0.014029366519112749,-0.0751633982019754,-0.004007889610509893,-1.5646861685107318,stop,1
BTC,short,2026-06-22 00:15:00+00:00,2026-06-22 00:35:00+00:00,63427.97,63427.97,63748.04245840609,63795.853490249894,63748.04245840609,0.00029555325590807337,18.7463430491396,0.013176804716066812,0.014130706129761089,-0.12190596805424864,-0.006502919942022706,-1.288667613105609,stop,4
BTC,long,2026-06-22 06:00:00+00:00,2026-06-22 06:35:00+00:00,64164.81,64164.81,63946.31034227445,63898.35060951774,63946.31034227445,0.000291969265588633,18.734152452334175,0.013075007740359773,0.014002767950803682,-0.0908729602886583,-0.004850657670255908,-1.424448582788908,stop,7
BTC,long,2026-06-22 10:30:00+00:00,2026-06-22 16:15:00+00:00,64103.02,64103.02,64651.78,64635.617055,63915.223105939964,0.00029210893895958897,18.72506515630531,0.013185333789728243,0.0047213407144111414,0.14239102683932525,0.00760430074078422,2.595669352852447,15m_opposite,69
BTC,short,2026-06-22 22:40:00+00:00,2026-06-23 01:00:00+00:00,63824.49,63824.49,64121.45960177556,64169.550696476894,64121.45960177556,0.00029360679981914843,18.73930425898924,0.013168169064710442,0.014119872415057877,-0.11448033590065833,-0.00610910278836751,-1.3129639111002738,stop,28
BTC,short,2026-06-23 06:50:00+00:00,2026-06-23 14:15:00+00:00,62841.0,62841.0,62658.4,62674.064600000005,63199.16078208167,0.00029801970410081276,18.727856225399176,0.013084624338523448,0.0046683594568586945,0.036665414173425837,0.0019578009213729068,0.34350541392312517,15m_opposite,89
BTC,short,2026-06-23 19:00:00+00:00,2026-06-23 19:30:00+00:00,62150.9,62150.9,62387.85198500998,62434.64287399874,62387.85198500998,0.0003013877959420783,18.731522766816518,0.013154824256475937,0.01410220290249349,-0.09867146366522618,-0.0052676690994939174,-1.381673909260369,stop,6
BTC,long,2026-06-24 01:50:00+00:00,2026-06-24 02:20:00+00:00,62882.85,62882.85,62625.299276606085,62578.33030214863,62625.299276606085,0.0002977227593922666,18.721655620449994,0.013059827711948191,0.01398373268129901,-0.10372227244555748,-0.005540229697007129,-1.3526866801674768,stop,6
BTC,short,2026-06-24 16:30:00+00:00,2026-06-24 20:00:00+00:00,60462.61,60462.61,59860.58,59875.545145000004,60934.5517195405,0.0003094686682100796,18.71128339320544,0.013007059285828912,0.004631243492721332,0.1686711195439636,0.009014406761922729,1.1548768372462739,15m_opposite,42
BTC,short,2026-06-25 03:25:00+00:00,2026-06-25 04:45:00+00:00,60711.82,60711.82,60966.82821447524,61012.5533356361,60966.82821447524,0.00030847618314127034,18.72815050515984,0.01315608988937207,0.014105110849374224,-0.1059251614097381,-0.00565593283653687,-1.3465526081602344,stop,16
BTC,short,2026-06-25 14:15:00+00:00,2026-06-25 14:30:00+00:00,59165.09,59165.09,60175.819207862005,60220.951072267904,60175.819207862005,0.00031636152313837206,18.717557989018864,0.0132693075008358,0.014277985365524767,-0.34730312454602585,-0.01855493781559433,-1.0861510256799876,stop,3
BTC,short,2026-06-26 01:20:00+00:00,2026-06-26 03:55:00+00:00,59496.75,59496.75,59803.72775503674,59848.580550853025,59803.72775503674,0.00031401425584698763,18.682827676564262,0.013133219277900156,0.01408441730090645,-0.12361302788824846,-0.006616398225591335,-1.2823541271950898,stop,31
BTC,short,2026-06-26 11:10:00+00:00,2026-06-26 12:30:00+00:00,59336.29,59336.29,59741.10614228922,59785.91197189594,59741.10614228922,0.00031465510185715075,18.670466373775437,0.013140064385324871,0.01409838287869582,-0.15461591174945488,-0.008281309564212526,-1.2138403945631644,stop,16
BTC,long,2026-06-26 16:35:00+00:00,2026-06-26 18:30:00+00:00,60198.18,60198.18,59734.01,59719.076497500006,59630.77584995816,0.00030989316923867954,18.655004782600493,0.012984267896428809,0.004627790417557626,-0.1614551706795038,-0.008654791170576,-0.91822147707296,15m_opposite,23
BTC,long,2026-06-26 22:35:00+00:00,2026-06-27 11:30:00+00:00,59822.99,59822.99,60167.56,60152.51811,59570.16764905823,0.0003115668284974145,18.638859265532542,0.013098536499939502,0.004686553961907106,0.08957149163350742,0.004805631629997085,1.137111698685288,15m_opposite,155
BTC,long,2026-06-27 14:00:00+00:00,2026-06-27 19:20:00+00:00,60483.15,60483.15,60329.14980293909,60283.902940586886,60329.14980293909,0.00030831423982871084,18.647816414695892,0.013022756137456595,0.013950251970755091,-0.07445346179851729,-0.003992610187852468,-1.5680865706158775,stop,64
BTC,short,2026-06-27 21:40:00+00:00,2026-06-28 01:30:00+00:00,60214.68,60214.68,60113.16,60128.188290000006,60368.81473354584,0.0003095652267605847,18.640371068516043,0.013034872335051703,0.004652236001674451,0.013739953484007411,0.000737107294350726,0.2879602723794523,15m_opposite,46
BTC,short,2026-06-28 05:40:00+00:00,2026-06-28 07:00:00+00:00,59828.56,59828.56,60017.36217787119,60062.3751995046,60017.36217787119,0.00031158605628924457,18.641745063864445,0.013085648322662173,0.014025429892415842,-0.08593920423678314,-0.004610040741484526,-1.4608523175644783,stop,16
BTC,long,2026-06-28 09:35:00+00:00,2026-06-28 10:00:00+00:00,60282.0,60282.0,60110.702590247456,60065.61956330477,60110.702590247456,0.0003090997502312592,18.633151143440767,0.013009764230939823,0.013935152367653948,-0.07989290316836675,-0.004287675367056238,-1.5088940740567485,stop,5
BTC,long,2026-06-28 11:55:00+00:00,2026-06-28 13:00:00+00:00,60267.01,60267.01,60096.94061471051,60051.86790924948,60096.94061471051,0.0003090440666149512,18.62516185312393,0.013004369103873958,0.013929452189015389,-0.07949275572945862,-0.00426803033210289,-1.512449911354166,stop,13
BTC,short,2026-06-28 15:20:00+00:00,2026-06-28 20:30:00+00:00,59972.96,59972.96,59620.64,59635.54516,60217.64566157977,0.0003104267752925816,18.617212577550983,0.012979677503927159,0.004626960754020618,0.09176292321313448,0.004928929227771943,1.2080907132501684,15m_opposite,62
BTC,long,2026-06-29 10:45:00+00:00,2026-06-29 11:35:00+00:00,60043.17,60043.17,59787.30161929376,59742.46114307929,59787.30161929376,0.0003102166136443545,18.626388869872297,0.012991829767267205,0.013910260685453412,-0.1062767130540751,-0.005705706768850668,-1.3389255856727884,stop,10
BTC,long,2026-06-29 19:10:00+00:00,2026-06-29 23:30:00+00:00,60117.38,60117.38,60135.32,60120.28617,59803.128423810565,0.0003096568945381001,18.61576119856689,0.013031482796785423,0.0046553291108138205,-0.012131567219585006,-0.0006516825764029965,-0.1246690615208933,15m_opposite,52
BTC,short,2026-06-30 01:55:00+00:00,2026-06-30 19:00:00+00:00,59814.12,59814.12,58580.07,58594.715017500006,60068.426562186796,0.0003112065853655447,18.614548041844934,0.012840440198900677,0.004557625888795626,0.36664642058265506,0.01969676726818428,4.632773888571047,15m_opposite,205
BTC,short,2026-06-30 23:05:00+00:00,2026-07-01 01:35:00+00:00,58475.89,58475.89,58677.693623235675,58721.7018934531,58677.693623235675,0.0003189556017685785,18.6512126839032,0.013095050418931345,0.014036684309993285,-0.09149813081713894,-0.004905747007866452,-1.4215201778850646,stop,30
BTC,long,2026-07-01 04:10:00+00:00,2026-07-01 06:20:00+00:00,59050.94,59050.94,58709.657749814,58665.62550650164,58709.657749814,0.0003156945997950496,18.642062870821487,0.012988623157164942,0.01390074143057551,-0.13463032797736343,-0.007221857844288601,-1.2495741985385873,stop,26
BTC,short,2026-07-01 08:10:00+00:00,2026-07-01 08:15:00+00:00,58642.77,58642.77,58614.33,58628.983582500005,58887.7494270287,0.00031766234504311015,18.62859983802375,0.01303783017376023,0.004654891380233574,-0.008658404460969323,-0.0004647909416839922,-0.11126088676852179,15m_opposite,1
BTC,long,2026-07-01 14:50:00+00:00,2026-07-02 00:30:00+00:00,59552.67,59552.67,59714.32,59699.39142,59018.569984865484,0.00031279427098025416,18.627733997577653,0.0130623606081074,0.004669574297870335,0.0328312589979808,0.0017624934413520274,0.19651972910648008,15m_opposite,116
BTC,long,2026-07-02 04:30:00+00:00,2026-07-02 05:45:00+00:00,60784.92,60784.92,60479.912717928295,60434.552783389845,60479.912717928295,0.00030650722454644093,18.63101712347745,0.012988016944866594,0.013903147640988565,-0.12037810008010634,-0.0064611663057522846,-1.2876462303923608,stop,15
BTC,long,2026-07-02 13:35:00+00:00,2026-07-02 14:35:00+00:00,61896.76,61896.76,61456.54057262995,61410.44816720048,61456.54057262995,0.00030080701014834115,18.61897931346944,0.012960142515216513,0.01386491866778516,-0.1592461509394017,-0.00855289370369508,-1.2025739346530728,stop,12
BTC,long,2026-07-02 18:50:00+00:00,2026-07-02 19:15:00+00:00,61778.59,61778.59,61515.48927700748,61469.35266004972,61515.48927700748,0.00030112462421650444,18.603054698375498,0.01297557879996973,0.013892871444026149,-0.10609455658620796,-0.0057030717968846595,-1.3391363211507497,stop,5
BTC,long,2026-07-03 11:05:00+00:00,2026-07-03 14:10:00+00:00,61884.0,61884.0,61654.293216082035,61608.05249616997,61654.293216082035,0.00030044026311674873,18.592445242716877,0.012973258799573263,0.013892574057088504,-0.09587899945667742,-0.005156879485458515,-1.3892856128797844,stop,37
BTC,long,2026-07-03 15:35:00+00:00,2026-07-04 01:15:00+00:00,61959.33,61959.33,62453.35,62437.7366625,61643.022012061636,0.0002999202435334793,18.582857342771213,0.013079742061302368,0.004682755985370116,0.13040410066373598,0.007017440765882194,1.3745967371948562,15m_opposite,116
BTC,long,2026-07-04 04:10:00+00:00,2026-07-04 05:20:00+00:00,62603.95,62603.95,62447.491241282245,62400.65562285128,62447.491241282245,0.00029704032657424306,18.595897752837583,0.012986935112896825,0.013912067394041034,-0.07337356329185964,-0.003945685455313036,-1.5787898164637413,stop,14
BTC,long,2026-07-04 08:35:00+00:00,2026-07-04 09:00:00+00:00,62536.31,62536.31,62422.55871179928,62375.74179276543,62422.55871179928,0.00029724427930762776,18.588560396508395,0.012988128287036297,0.013916061357620949,-0.06071610932619276,-0.0032663158432428927,-1.7957013354479685,stop,5
BTC,long,2026-07-04 16:50:00+00:00,2026-07-04 23:15:00+00:00,62855.85,62855.85,62942.76,62927.02431,62666.12922933797,0.0002956365841139015,18.582488785575777,0.013018263014845575,0.004652045640275675,0.008023466870218963,0.00043177568746587873,0.1430503774062177,15m_opposite,77
BTC,short,2026-07-05 10:30:00+00:00,2026-07-05 15:00:00+00:00,62638.08,62638.08,62814.10260193206,62861.21317888352,62814.10260193206,0.00029667721507847615,18.583291132262797,0.013041403057635341,0.013976634770697702,-0.0792399331604043,-0.004264041960943849,-1.517369920347191,stop,54
BTC,long,2026-07-06 01:30:00+00:00,2026-07-06 02:40:00+00:00,63672.02,63672.02,63347.68688572773,63300.17612056343,63347.68688572773,0.000291735163089639,18.575367138946756,0.012948517029857075,0.013860560823719866,-0.12142845184116735,-0.006537068739092092,-1.2833360307064916,stop,14
BTC,short,2026-07-06 13:00:00+00:00,2026-07-06 14:25:00+00:00,61688.01,61688.01,62094.539514907534,62141.110419543715,62094.539514907534,0.00030092110758253733,18.56322429376264,0.01306243074568145,0.014014168204240245,-0.1494099108408878,-0.00804870471187974,-1.2213346351160237,stop,17
BTC,long,2026-07-06 21:25:00+00:00,2026-07-07 01:05:00+00:00,64216.45,64216.45,63850.07925597951,63802.19169653752,63850.07925597951,0.00028884006049351146,18.548283302678552,0.012923971115158969,0.013831845566110392,-0.13257836454720018,-0.0071477431298482795,-1.2528366328428129,stop,44
BTC,short,2026-07-07 04:35:00+00:00,2026-07-07 07:00:00+00:00,63210.24,63210.24,63283.02,63298.840755000005,63422.219872432725,0.00029322820900891746,18.535025466223836,0.01298750794670943,0.004639091653821198,-0.0389677486521993,-0.002102384413941582,-0.6269096299210253,15m_opposite,29
BTC,short,2026-07-07 08:50:00+00:00,2026-07-07 09:40:00+00:00,63021.35,63021.35,63219.10413802085,63266.51846612436,63219.10413802085,0.0002940452511943748,18.531128691358614,0.013007835395554269,0.013941958017410274,-0.08509845860203231,-0.00459218971598396,-1.4634636637889884,stop,10
BTC,long,2026-07-07 12:55:00+00:00,2026-07-07 13:15:00+00:00,63441.16,63441.16,63269.91,63254.0925225,63157.3202408504,0.0002919653241759516,18.522618845498414,0.012938524583493358,0.004618154945933518,-0.06755574129455859,-0.0036472024748798837,-0.8151879654016193,15m_opposite,4
BTC,long,2026-07-07 17:25:00+00:00,2026-07-07 18:55:00+00:00,64007.33,64007.33,63642.2025116118,63594.47085972809,63642.2025116118,0.0002892772323321244,18.515863271368957,0.012901388915237833,0.01380768015156023,-0.13233213835611637,-0.007146960226301805,-1.2528715482944137,stop,18
BTC,short,2026-07-08 00:20:00+00:00,2026-07-08 00:25:00+00:00,63419.8,63419.8,63641.4283048062,63689.159376034804,63641.4283048062,0.00029174847693517396,18.502630057533345,0.012991133634126524,0.013925467333429895,-0.09157632134048857,-0.004949367795590945,-1.4162808130364917,stop,1
BTC,short,2026-07-08 01:55:00+00:00,2026-07-08 17:30:00+00:00,63067.67,63067.67,62254.6,62270.16365,63383.120965226575,0.00029323221272324303,18.493472425399293,0.012828503421943837,0.0045637635275511835,0.2210260482493921,0.01195157097408222,2.3894608584684445,15m_opposite,187
BTC,short,2026-07-09 03:20:00+00:00,2026-07-09 04:05:00+00:00,61727.1,61727.1,62030.10264673034,62076.62522371539,62030.10264673034,0.0002999586086212415,18.515575030224234,0.013013324071048812,0.013954847461910572,-0.11785642385474562,-0.006365258635627603,-1.2967179018634845,stop,9
BTC,long,2026-07-09 06:15:00+00:00,2026-07-09 11:00:00+00:00,62478.19,62478.19,62722.52,62706.83937,62215.27860630409,0.00029616397958773705,18.503789387838758,0.012986511425161844,0.004644037783241462,0.054731195924266854,0.0029578371638967005,0.7028995956285682,15m_opposite,57
BTC,long,2026-07-09 14:50:00+00:00,2026-07-09 23:15:00+00:00,62899.96,62899.96,63123.76,63107.979060000005,62494.06447703591,0.0002942650918606496,18.509262507431185,0.012987090129101663,0.0046437797587464925,0.04822565767056608,0.0026054878011052152,0.40376172979987296,15m_opposite,101
BTC,long,2026-07-10 04:00:00+00:00,2026-07-10 18:15:00+00:00,63899.99,63899.99,63839.75,63823.790062500004,63676.80770454096,0.0002897353360023724,18.51408507319824,0.012948820643991306,0.004624157854138251,-0.03502663513891188,-0.001891891227701978,-0.5416730313782065,15m_opposite,171
BTC,long,2026-07-10 22:55:00+00:00,2026-07-11 02:00:00+00:00,64084.7,64084.7,63973.73,63957.736567500004,63940.09159374561,0.00028884558107761054,18.510582409684346,0.012939071273561009,0.004619632303887889,-0.04961189770962957,-0.0026801910718743066,-1.1877541923917765,15m_opposite,37
BTC,short,2026-07-11 23:55:00+00:00,2026-07-12 01:40:00+00:00,63852.88,63852.88,64066.473309959896,64114.523164942366,64066.473309959896,0.000289816547349366,18.505621219913383,0.012991849113289947,0.013925643071657098,-0.08882036781444785,-0.004799642592860959,-1.434834277264481,stop,21
BTC,short,2026-07-12 06:55:00+00:00,2026-07-12 08:00:00+00:00,63725.47,63725.47,63875.00271251442,63922.908964548806,63875.00271251442,0.00029025661455508984,18.49673918313194,0.012976371410907957,0.013905106531524013,-0.07028433684210636,-0.0037998231010470214,-1.6193480942020075,stop,13
BTC,long,2026-07-12 15:25:00+00:00,2026-07-12 16:10:00+00:00,64153.99,64153.99,64021.080879878864,63973.06506921895,64021.080879878864,0.00028820827433255095,18.48971074944773,0.01291672549357134,0.013838553930971727,-0.06506078757771284,-0.003518756375334652,-1.6984708130631885,stop,9
BTC,long,2026-07-12 20:10:00+00:00,2026-07-12 21:20:00+00:00,64171.04,64171.04,64073.874534279224,64025.81912837851,64073.874534279224,0.00028803031197078866,18.483204670689958,0.012917329263004066,0.01384141355346489,-0.05474534222081115,-0.0029618966621964894,-1.95612698169815,stop,14
BTC,short,2026-07-12 23:05:00+00:00,2026-07-13 00:05:00+00:00,63773.66,63773.66,63985.04957042428,64033.0383576021,63985.04957042428,0.000289739214222108,18.47773013646788,0.012971987136286443,0.0139042334883733,-0.08812406865413815,-0.0047692042260220795,-1.4388108560438615,stop,12
BTC,short,2026-07-13 02:25:00+00:00,2026-07-13 07:30:00+00:00,63328.72,63328.72,62908.99,62924.717247500004,63728.70029402264,0.0002916357338282293,18.468917729602463,0.012869331591124744,0.004586627365762534,0.10495230760283634,0.005682645249678927,0.8997309498849466,15m_opposite,61
BTC,short,2026-07-13 21:10:00+00:00,2026-07-13 23:50:00+00:00,62064.66,62064.66,62258.53446915233,62305.228370004195,62258.53446915233,0.00029774452901800715,18.479412960362747,0.012971403030265689,0.013902853517152815,-0.08459931905379348,-0.004578030656885802,-1.4655561272792146,stop,32
BTC,long,2026-07-14 09:15:00+00:00,2026-07-14 09:35:00+00:00,62625.77,62625.77,62468.004485779325,62421.153482414986,62468.004485779325,0.00029494173131056707,18.47095302845737,0.012899492144944529,0.013818316045915555,-0.07324944209620678,-0.003965655804730522,-1.5741859021157238,stop,4
BTC,long,2026-07-14 11:25:00+00:00,2026-07-15 02:30:00+00:00,62739.99,62739.99,64471.99,64455.8720025,62557.94318790697,0.00029428803039732314,18.46362808424775,0.013177021426428395,0.0047433337382233095,0.49178651348351204,0.026635421339702998,9.179540412082424,15m_opposite,181
BTC,long,2026-07-15 04:35:00+00:00,2026-07-15 05:10:00+00:00,64740.66,64740.66,64569.624891381856,64521.197672713315,64569.624891381856,0.00028595332107513423,18.5128067355961,0.012927586724248017,0.013847924008701088,-0.07568356806275461,-0.004088173616442048,-1.5474662498326548,stop,7
BTC,long,2026-07-15 14:30:00+00:00,2026-07-15 16:35:00+00:00,65276.98,65276.98,64826.68077074795,64778.06076016989,64826.68077074795,0.00028348796740887563,18.505238378789826,0.012882948064552568,0.013783187974174044,-0.15432054926517366,-0.008339289994883365,-1.2088931777973344,stop,25
BTC,short,2026-07-16 01:15:00+00:00,2026-07-16 01:45:00+00:00,64559.55,64559.55,64731.79075836286,64780.33960143164,64731.79075836286,0.00028639924416857474,18.48980632386331,0.012974481414189467,0.013904351960156332,-0.0762084563844908,-0.004121647087570336,-1.5448821972310223,stop,6
BTC,short,2026-07-16 04:10:00+00:00,2026-07-16 05:10:00+00:00,64534.22,64534.22,64695.28792148233,64743.80938742345,64695.28792148233,0.0002863935672922809,18.48218547822486,0.012967542360922804,0.013896235721126547,-0.07299259469172746,-0.003949348672954564,-1.5823643452499314,stop,12
BTC,short,2026-07-16 13:00:00+00:00,2026-07-16 13:20:00+00:00,63914.11,63914.11,64144.01852102877,64192.12653491954,64144.01852102877,0.0002890580220667343,18.474886218755685,0.012972601807971825,0.013906007340825234,-0.09333551149366054,-0.005052020910359189,-1.4044517303758217,stop,4
BTC,short,2026-07-16 17:40:00+00:00,2026-07-17 09:45:00+00:00,64188.65,64188.65,62999.99,63015.7399975,64471.01095977772,0.00028767628961827863,18.46555266760632,0.012757177668536743,0.0045309008422979675,0.3246612199068294,0.017581993117182722,3.9968854171259642,15m_opposite,193
BTC,long,2026-07-18 02:40:00+00:00,2026-07-18 09:30:00+00:00,63963.98,63963.98,63899.75,63883.775062500004,63872.759846990426,0.0002891943057576624,18.498018789597005,0.012937015747108576,0.0046198609598332675,-0.036131826965757424,-0.001953280909525154,-1.3696493253868076,15m_opposite,82
BTC,long,2026-07-18 12:15:00+00:00,2026-07-18 12:20:00+00:00,64088.04,64088.04,64035.19074649742,63987.16435343755,64035.19074649742,0.00028857811234202864,18.494405606900425,0.012931528672997161,0.01385936585181473,-0.04204203233927172,-0.0022732297124264146,-2.7566489038877515,stop,1
BTC,long,2026-07-18 17:55:00+00:00,2026-07-19 03:30:00+00:00,64421.01,64421.01,64624.12,64607.963970000004,64281.03150360106,0.00028702129016087296,18.4902014036665,0.0129699708674016,0.004637124574477275,0.0406897988026962,0.0022006141476981233,1.0127683155773037,15m_opposite,115
BTC,short,2026-07-19 14:00:00+00:00,2026-07-19 14:45:00+00:00,64432.29,64432.29,64565.376544152736,64613.800576560854,64565.376544152736,0.0002870341933143579,18.49427038354677,0.012972039139443323,0.013899353079292577,-0.06507178106061183,-0.0035184832767721536,-1.7034324265641774,stop,9
BTC,short,2026-07-20 08:55:00+00:00,2026-07-20 10:20:00+00:00,63957.82,63957.82,64232.86014004804,64281.034785153075,64232.86014004804,0.0002890618098840878,18.48776320544071,0.01298814876919732,0.01392545010458499,-0.10641719954684188,-0.005756088411794709,-1.3385205027940603,stop,17
BTC,long,2026-07-21 04:20:00+00:00,2026-07-21 18:00:00+00:00,65567.71,65567.71,66170.42,66153.877395,65360.68920313787,0.0002818021475126404,18.477121485486027,0.013016576655196664,0.004661741614451959,0.15216665405769256,0.00823540908020879,2.6083220743376834,15m_opposite,164
BTC,short,2026-07-22 07:50:00+00:00,2026-07-22 08:00:00+00:00,65731.97,65731.97,65910.64583586644,65960.07882024335,65910.64583586644,0.0002813294375764456,18.492338150891793,0.0129767235686769,0.013906953692480828,-0.07715044967396388,-0.004172022436775703,-1.534820040570354,stop,2
BTC,short,2026-07-22 10:10:00+00:00,2026-07-22 10:45:00+00:00,65874.7,65874.7,66032.95350822652,66082.4782233577,66032.95350822652,0.00028060276716135936,18.4846231059244,0.0129683877463621,0.013896772108686535,-0.07127153217640421,-0.003855720063535479,-1.604984340099514,stop,7
BTC,short,2026-07-22 12:20:00+00:00,2026-07-22 14:00:00+00:00,65813.76,65813.76,65981.24375868491,66030.72969150393,65981.24375868491,0.00028075429747072283,18.477495952706757,0.012964704753550046,0.01389338830328774,-0.07387987806417777,-0.003998370680381892,-1.5711840384758962,stop,20
BTC,short,2026-07-22 19:40:00+00:00,2026-07-22 21:40:00+00:00,65868.19,65868.19,66089.4359771785,66139.00305416138,66089.4359771785,0.00028041013370642704,18.47010796490034,0.012967044937793657,0.013899110684208007,-0.08890576966463185,-0.004813494855232242,-1.4330484003904462,stop,24
BTC,long,2026-07-23 01:05:00+00:00,2026-07-23 01:15:00+00:00,66117.82,66117.82,65926.24985205458,65876.80516466554,65926.24985205458,0.00027921697037098126,18.461217387933875,0.012889204455485435,0.01380579581370831,-0.08018463659203715,-0.004343410020427216,-1.4990686440280268,stop,2
BTC,short,2026-07-23 08:25:00+00:00,2026-07-23 09:00:00+00:00,65495.02,65495.02,65666.08890086654,65715.3384675422,65666.08890086654,0.0002817496494279209,18.45319892427467,0.012948276572488523,0.013876048145343819,-0.07502292756500062,-0.004065578432924714,-1.5565373918179517,stop,7
BTC,short,2026-07-23 15:45:00+00:00,2026-07-23 20:15:00+00:00,64852.0,64852.0,64987.58,65003.826895000006,65157.71659955471,0.0002844275678701994,18.44569663151817,0.012933579519303788,0.0046210648302936015,-0.05611733400143952,-0.0030422995196371064,-0.6453663580416636,15m_opposite,54
BTC,short,2026-07-24 22:45:00+00:00,2026-07-25 11:00:00+00:00,64120.53,64120.53,64000.08,64016.08002000001,64216.184318345506,0.000287584723615323,18.440084898118027,0.012893040319367657,0.004601361329541588,0.01714517831055557,0.0009297776233289137,0.6232633823665806,15m_opposite,147
BTC,long,2026-07-25 19:50:00+00:00,2026-07-25 20:45:00+00:00,64341.12,64341.12,64252.96145002618,64204.77172893866,64252.96145002618,0.0002866254024789914,18.441799415949085,0.012889719152129223,0.013812398202062181,-0.05197059722240218,-0.002818087110168668,-2.056736198356919,stop,11
BTC,long,2026-07-25 22:00:00+00:00,2026-07-26 06:00:00+00:00,64288.0,64288.0,64352.93,64336.8417675,64190.033999258594,0.0002867813955361318,18.436602356226842,0.01291262510448084,0.004613805768059295,0.001094285139620987,5.935394811242969e-05,0.0389497028292912,15m_opposite,96
BTC,long,2026-07-26 12:25:00+00:00,2026-07-26 12:45:00+00:00,64508.73,64508.73,64430.51950531324,64382.19661568425,64430.51950531324,0.00028580180984404444,18.436711784740805,0.012887616514196999,0.013810769312858623,-0.04905108675733025,-0.002660511664445908,-2.194414308603537,stop,4
BTC,long,2026-07-26 14:00:00+00:00,2026-07-26 20:30:00+00:00,64466.46,64466.46,64595.98,64579.83100500001,64382.07810624818,0.0002859131194122506,18.431806676065076,0.01291847180209078,0.0046172095358216715,0.019495785888363405,0.0010577251720896128,0.8080856504365344,15m_opposite,78
BTC,long,2026-07-27 04:15:00+00:00,2026-07-27 08:00:00+00:00,65262.25,65262.25,65166.93,65150.6382675,65094.65076951279,0.0002824566461415889,18.43375625465391,0.012887866640441739,0.0046017081217863956,-0.044413342272444305,-0.0024093484615340627,-0.9381874915335513,15m_opposite,45
BTC,long,2026-07-27 14:05:00+00:00,2026-07-27 14:25:00+00:00,65248.12,65248.12,64864.263064043786,64815.61486674575,64864.263064043786,0.0002824497459915576,18.42931492042667,0.012839439961784814,0.01374067096977653,-0.13500040498949242,-0.007325307835499668,-1.2451580782225056,stop,4
BTC,short,2026-07-27 16:45:00+00:00,2026-07-28 05:15:00+00:00,64855.07,64855.07,63381.14,63396.985285,65185.974064719856,0.00028395335753901303,18.41581487992772,0.01268405639074912,0.004499321876913429,0.401343994009815,0.021793442029397196,4.271374573636912,15m_opposite,150
BTC,short,2026-07-28 09:15:00+00:00,2026-07-28 09:35:00+00:00,63358.57,63358.57,63486.89291848083,63534.50808816969,63486.89291848083,0.0002912936526081428,18.4559492793287,0.012944789319698011,0.013869996698225372,-0.06419443765554121,-0.0034782517379066055,-1.7173631867381487,stop,4
BTC,short,2026-07-28 10:25:00+00:00,2026-07-28 10:40:00+00:00,63305.84,63305.84,63455.77332151877,63503.36515150991,63455.77332151877,0.00029143487923962694,18.449529835563144,0.012943453744232742,0.013869919226261537,-0.07050917242131391,-0.003821732751443946,-1.6136373131397483,stop,3
BTC,long,2026-07-29 01:20:00+00:00,2026-07-29 04:05:00+00:00,63774.89,63774.89,63507.99910621407,63460.36810688441,63507.99910621407,0.0002891808816655115,18.44247891832101,0.012864258383647574,0.013773974380760457,-0.1038179767379198,-0.005629285368724786,-1.3451453891004137,stop,33
BTC,long,2026-07-29 09:55:00+00:00,2026-07-29 10:50:00+00:00,64585.81,64585.81,64401.56824498915,64353.267068805406,64401.56824498915,0.0002853892692628183,18.43209712064722,0.012869285355850128,0.013784637375612375,-0.07923454256170852,-0.004298726403353841,-1.5069153391023804,stop,11
BTC,short,2026-07-29 17:05:00+00:00,2026-07-29 17:50:00+00:00,63701.23,63701.23,64029.572744134304,64077.594923692406,64029.572744134304,0.00028922791077018526,18.42417366639105,0.012951349186757104,0.013889354664220518,-0.12180658975349101,-0.006611237603328055,-1.2826352178563445,stop,9
BTC,short,2026-07-30 01:10:00+00:00,2026-07-30 01:35:00+00:00,63712.46,63712.46,63959.27615623746,64007.24561335464,63959.27615623746,0.0002889857495286746,18.4119930074157,0.012930989525903769,0.013862489519491454,-0.09811983095146375,-0.005329126016501557,-1.3756462840084718,stop,5
BTC,long,2026-07-30 03:15:00+00:00,2026-07-30 04:15:00+00:00,64109.75,64109.75,64042.76,64026.74931000001,63877.43510358204,0.00028704184658839805,18.40218102432055,0.012869614381361532,0.004595738022753113,-0.036694285707070846,-0.001994018299166562,-0.5502704158281804,15m_opposite,12
BTC,long,2026-07-30 13:45:00+00:00,2026-07-30 14:05:00+00:00,64937.24,64937.24,64703.49599826717,64654.96837626847,64703.49599826717,0.0002833275882336522,18.39851159574985,0.01283897044783557,0.013749214103605722,-0.09281430882648559,-0.0050446639850979125,-1.4014757747413646,stop,4
BTC,long,2026-07-30 16:50:00+00:00,2026-07-31 01:45:00+00:00,64740.29,64740.29,64531.63232255107,64483.233598309154,64531.63232255107,0.0002840461506253246,18.389230164867197,0.012835953174710098,0.013747471316093128,-0.08585183456859224,-0.004668593181927376,-1.448526026865118,stop,107
BTC,short,2026-07-31 17:40:00+00:00,2026-07-31 17:45:00+00:00,62989.84,62989.84,62995.93,63011.67898250001,63218.47831489714,0.0002918033286226849,18.380644981410338,0.012869637830880857,0.004595605515922871,-0.019242325618116982,-0.0010468797823785902,-0.28841530791078296,15m_opposite,1
BTC,short,2026-07-31 22:50:00+00:00,2026-08-01 02:20:00+00:00,62869.26,62869.26,63000.66080702692,63047.911302632194,63000.66080702692,0.0002923323854750083,18.378720748848522,0.012891217304927309,0.013812850095165733,-0.06511677877161356,-0.003543052841460324,-1.6951882969628544,stop,42
BTC,short,2026-08-01 19:10:00+00:00,2026-08-01 21:30:00+00:00,62530.5,62530.5,62756.17241940672,62803.23954872128,62756.17241940672,0.0002938119648966722,18.372209070971362,0.01290061342103737,0.013828885745955739,-0.0930347561358677,-0.005063885119991661,-1.4031279025061407,stop,28
BTC,long,2026-08-02 02:10:00+00:00,2026-08-02 08:30:00+00:00,63328.64,63328.64,63324.01,63308.17899750001,63143.41031239696,0.00028996210238144664,18.362905595357777,0.012851067459099579,0.004590390767704638,-0.018783982760829557,-0.001022930857172093,-0.34973238273539314,15m_opposite,76
BTC,long,2026-08-02 19:50:00+00:00,2026-08-02 23:10:00+00:00,63395.16,63395.16,63285.05271195192,63237.58892241795,63285.05271195192,0.000289628217628628,18.361027197081693,0.012829900522782229,0.013746852764623842,-0.05846693087269517,-0.0031842952055529837,-1.833383671706673,stop,40
BTC,short,2026-08-03 04:45:00+00:00,2026-08-03 10:00:00+00:00,62893.52,62893.52,62749.36,62765.047340000005,63051.10887535641,0.00029184533643520716,18.35518050399443,0.01282987927945589,0.004578277020074662,0.024664267400967804,0.0013437224109891157,0.5362779075544207,15m_opposite,63
BTC,short,2026-08-03 12:25:00+00:00,2026-08-03 13:15:00+00:00,62547.2,62547.2,62735.26422515716,62782.315673326026,62735.26422515716,0.00029350069916374397,18.357646930734525,0.01288485615876694,0.013809632934228846,-0.08189147066431077,-0.004460891473362383,-1.4836222621794322,stop,10
BTC,long,2026-08-03 19:05:00+00:00,2026-08-03 21:15:00+00:00,63827.23,63827.23,63660.01,63644.094997500004,63598.84155846192,0.00028748635627252027,18.349457783668093,0.012818296041280325,0.0045753460787924995,-0.065467110615964,-0.0035677953750891155,-0.9970841539315755,15m_opposite,26
BTC,short,2026-08-04 10:25:00+00:00,2026-08-04 10:40:00+00:00,63426.09,63426.09,63548.562955842775,63596.22437805966,63548.562955842775,0.00028920135345890776,18.342911072606494,0.012864639297026918,0.013783747812900008,-0.062067731701771635,-0.0033837448950218307,-1.7523681597446248,stop,3
BTC,long,2026-08-04 12:30:00+00:00,2026-08-04 13:55:00+00:00,63773.68,63773.68,63611.01212457872,63563.303865485286,63611.01212457872,0.00028752777477223073,18.336704299436317,0.012805448518694322,0.013717449575392964,-0.07329443034089354,-0.003997143060388811,-1.5670735342628928,stop,17
BTC,long,2026-08-04 15:40:00+00:00,2026-08-05 00:00:00+00:00,63857.93,63857.93,64050.51,64034.4973725,63544.39091692196,0.0002870336519896938,18.32937485640223,0.01285590278835701,0.0045961629492756685,0.03782487496254306,0.00206362056856136,0.4202938163882831,15m_opposite,100
BTC,long,2026-08-05 06:25:00+00:00,2026-08-05 07:05:00+00:00,64275.96,64275.96,64137.88717966894,64089.78376428419,64137.88717966894,0.00028522572582188557,18.333157343898485,0.012806659014747524,0.013720331567627092,-0.06590891097757523,-0.0035950660184297487,-1.673582961830561,stop,8
BTC,short,2026-08-05 11:40:00+00:00,2026-08-05 12:15:00+00:00,64051.5,64051.5,64183.13672270196,64231.274075243986,64183.13672270196,0.0002861223617370511,18.32656645280073,0.012854315208454464,0.013773172997093994,-0.06429169819635804,-0.003508114755807559,-1.7069705753033404,stop,7
BTC,long,2026-08-05 13:00:00+00:00,2026-08-05 13:10:00+00:00,64277.04,64277.04,64075.293317746575,64027.236847758264,64075.293317746575,0.00028501837176978114,18.320137282981094,0.012788496854229317,0.013696976829071672,-0.08398698456912791,-0.004584408035367154,-1.4606048306433144,stop,2
BTC,long,2026-08-05 17:00:00+00:00,2026-08-05 21:15:00+00:00,64606.02,64606.02,64726.0,64709.8185,64335.86238963092,0.00028343703240849976,18.311738584524182,0.012832927178571155,0.004586436339917792,0.01658741162988376,0.0009058348858203063,0.21662312851395985,15m_opposite,51
BTC,long,2026-08-06 06:00:00+00:00,2026-08-06 06:15:00+00:00,64846.8,64846.8,64694.523584333365,64646.00269164511,64694.523584333365,0.00028241019334318996,18.31339732568717,0.012791024524643372,0.0137027946852743,-0.06949823119994089,-0.0037949392984806614,-1.6160721187413072,stop,3
BTC,short,2026-08-06 12:35:00+00:00,2026-08-06 14:35:00+00:00,64436.04,64436.04,64554.6921098315,64603.108128913875,64554.6921098315,0.00028410261559473827,18.306447502567178,0.012838245498000502,0.013755117657987493,-0.06030273790495097,-0.003294071004027106,-1.7889011099740468,stop,24
BTC,short,2026-08-06 20:00:00+00:00,2026-08-07 01:30:00+00:00,64390.05,64390.05,64364.22,64380.311055000006,64528.17110477851,0.0002842118810092038,18.30041722877668,0.012808908098204931,0.004573269008973809,-0.01004098422071051,-0.0005486751528769224,-0.2557843754881485,15m_opposite,66
BTC,short,2026-08-07 05:05:00+00:00,2026-08-07 05:50:00+00:00,64186.5,64186.5,64322.33235685332,64370.57410612096,64322.33235685332,0.0002850975381171214,18.299413130354612,0.012835828728491327,0.013753603950667475,-0.06531490321468757,-0.0035692348573924935,-1.686613546884195,stop,9
BTC,long,2026-08-07 11:40:00+00:00,2026-08-07 14:00:00+00:00,65024.71,65024.71,64847.3035567632,64798.66807909563,64847.3035567632,0.00028132200266688063,18.29288164003314,0.012773221865085456,0.01368222997810186,-0.07636378774057102,-0.004174508382181424,-1.5300808245256314,stop,28
BTC,long,2026-08-08 04:00:00+00:00,2026-08-08 06:40:00+00:00,64989.86,64989.86,64924.21720408148,64875.52404117841,64924.21720408148,0.00028135535699352313,18.28524526125909,0.01278358716562564,0.013700082231735902,-0.04495262167707082,-0.0024584095556165085,-2.4339562416032416,stop,32
BTC,long,2026-08-08 09:40:00+00:00,2026-08-08 11:25:00+00:00,64974.99,64974.99,64934.80270385131,64886.10160182342,64934.80270385131,0.0002813505627179224,18.28074999909138,0.01278402059894093,0.013702082460529194,-0.037792821445015265,-0.0020673561777768256,-3.342510192288047,stop,21
BTC,long,2026-08-08 15:25:00+00:00,2026-08-08 18:25:00+00:00,65058.34,65058.34,64984.062422705254,64935.32437588822,64984.062422705254,0.00028093201758524545,18.276970716946877,0.0127765999881247,0.013692077825472503,-0.047335627464353235,-0.002589905526327863,-2.268449785742317,stop,36
BTC,short,2026-08-09 03:05:00+00:00,2026-08-09 06:30:00+00:00,64762.43,64762.43,64787.4,64803.59685000001,64821.992940016054,0.0002821425501513832,18.272237154200443,0.012796373467960663,0.004569820563421559,-0.024411293508662592,-0.001335977269923453,-1.452600130243544,15m_opposite,41
BTC,long,2026-08-09 16:55:00+00:00,2026-08-09 20:00:00+00:00,65192.42,65192.42,65130.74,65114.457315,65129.113193742036,0.00028024417600772567,18.269796024849576,0.012777932923186117,0.004563127641017881,-0.034626521340360594,-0.0018952877904746992,-1.9517395515740181,15m_opposite,37
BTC,long,2026-08-10 06:35:00+00:00,2026-08-10 09:40:00+00:00,65138.35,65138.35,64996.586253859336,64947.838814168936,64996.586253859336,0.00028042364248888005,18.26633337271554,0.012759721440568066,0.013669934599988947,-0.06618356210619064,-0.0036232538165020664,-1.664831677091597,stop,37
BTC,short,2026-08-10 15:10:00+00:00,2026-08-10 19:45:00+00:00,64606.34,64606.34,63959.52,63975.509880000005,64855.56978331411,0.0002826303891615733,18.25971501650492,0.012692654630398224,0.004519226007049196,0.16559910768004135,0.009069095959622407,2.3509272819193323,15m_opposite,55
BTC,short,2026-08-10 22:25:00+00:00,2026-08-11 03:15:00+00:00,63949.23,63949.23,64036.44,64052.44911000001,64073.98998732116,0.000285793510371789,18.276274927272922,0.012808142124983221,0.0045752997448299205,-0.04230749390933661,-0.0023148860518727972,-1.1865597595319708,15m_opposite,58
BTC,short,2026-08-11 05:55:00+00:00,2026-08-11 07:35:00+00:00,63944.98,63944.98,64015.045437118104,64063.05672119594,64015.045437118104,0.0002857463428385151,18.27204417788199,0.012807300920145447,0.01371904884022334,-0.04654729217624804,-0.0025474594808933735,-2.3249301261328177,stop,20
BTC,short,2026-08-11 15:50:00+00:00,2026-08-11 20:15:00+00:00,63474.9,63474.9,63614.39,63630.29359750001,63766.20878079684,0.0002877891804266626,18.267389448664364,0.012809532912099094,0.004576883290362791,-0.05753012898017647,-0.003149335001689737,-0.6862262227453051,15m_opposite,53
BTC,short,2026-08-11 23:50:00+00:00,2026-08-12 00:35:00+00:00,63562.23,63562.23,63664.81829892521,63712.5669126494,63664.81829892521,0.00028730326855691416,18.261636435766345,0.012804741648230906,0.013718332792022466,-0.05599702803715879,-0.0030663751430011913,-1.8998818008262772,stop,9
BTC,long,2026-08-12 12:30:00+00:00,2026-08-12 12:30:00+00:00,64355.9,64355.9,64197.38834869197,64149.24030743045,64197.38834869197,0.00028367308565279374,18.25603673296263,0.01274991381673821,0.013658303432793444,-0.07137370648799976,-0.00390959481140445,-1.5872996757464242,stop,0
BTC,short,2026-08-12 15:50:00+00:00,2026-08-12 21:00:00+00:00,63419.29,63419.29,63535.48,63551.36387000001,63695.37584716365,0.0002877499789466869,18.248899362313832,0.01279323168027564,0.004570583258093385,-0.05079748499218524,-0.0027835917105821814,-0.6394149202091115,15m_opposite,62
BTC,short,2026-08-12 23:45:00+00:00,2026-08-13 00:05:00+00:00,63352.79,63352.79,63491.11991646059,63538.73825639794,63491.11991646059,0.00028797184171075354,18.243819613814612,0.012797447660599136,0.013712741050966724,-0.06634530951841733,-0.003636590961915631,-1.6654978866539858,stop,4
BTC,long,2026-08-13 07:10:00+00:00,2026-08-13 08:45:00+00:00,63824.3,63824.3,63699.58115736729,63651.806471499265,63699.58115736729,0.0002857404637867203,18.237185082862773,0.012741385367586937,0.013651160897194535,-0.06202976620159559,-0.003401279633877494,-1.7405893700904915,stop,19
BTC,long,2026-08-13 15:05:00+00:00,2026-08-13 15:25:00+00:00,63839.03,63839.03,63628.092538348006,63580.37146894424,63628.092538348006,0.00028557736710978557,18.230982106242614,0.012724753963230136,0.01362805735599026,-0.08659177624261782,-0.004749704417348271,-1.4374711841867107,stop,4
BTC,short,2026-08-13 16:30:00+00:00,2026-08-13 19:15:00+00:00,63297.99,63297.99,63339.0,63354.83475,63570.327518507365,0.0002878815413983659,18.22232292861835,0.012763808327158049,0.004558532237658294,-0.029128362577563915,-0.001598498868210568,-0.3715307605414149,15m_opposite,33
BTC,short,2026-08-14 04:25:00+00:00,2026-08-14 15:30:00+00:00,63314.18,63314.18,62783.79,62799.485947500005,63445.416232933756,0.00028776192145836207,18.219410092360597,0.012679532389897124,0.004516696011710716,0.13542981712069263,0.007433271243917957,3.5861397649520064,15m_opposite,133
BTC,short,2026-08-14 21:10:00+00:00,2026-08-14 23:40:00+00:00,62832.73,62832.73,62946.42022948807,62993.63004466018,62946.42022948807,0.00029018241088796655,18.232953074072665,0.0127864123332866,0.013699457984219562,-0.05947677520475869,-0.0032620483891517777,-1.8028233965701292,stop,30
BTC,long,2026-08-15 03:55:00+00:00,2026-08-15 06:15:00+00:00,63011.54,63011.54,62971.91,62956.167022500005,62951.50843937961,0.0002892645600560182,18.22700539655219,0.01275089505759877,0.004553885460508782,-0.028768335033126795,-0.0015783357939076815,-1.6566847168965615,15m_opposite,28
BTC,long,2026-08-15 07:15:00+00:00,2026-08-15 07:55:00+00:00,63061.77,63061.77,62994.00098977122,62946.755489028896,62994.00098977122,0.0002889885355747052,18.224128563048875,0.012740271056586525,0.013653408072018682,-0.0459781461519659,-0.00252292700816383,-2.3476843202892557,stop,8
BTC,long,2026-08-15 16:25:00+00:00,2026-08-15 18:15:00+00:00,63033.5,63033.5,62983.31831330991,62936.08082457492,62983.31831330991,0.00028904520212956095,18.21953074843368,0.012739592251277557,0.01365376947949717,-0.0408981375033146,-0.0022447415396156995,-2.8196325227406884,stop,22
BTC,long,2026-08-15 20:30:00+00:00,2026-08-16 00:15:00+00:00,63006.0,63006.0,62999.03,62983.2802425,62969.596449668854,0.0002891064491426745,18.21544093468335,0.01274752444007024,0.004553356465683663,-0.01931595285627868,-0.0010604164305185655,-1.835331911681408,15m_opposite,45
BTC,short,2026-08-16 08:35:00+00:00,2026-08-16 13:15:00+00:00,63006.88,63006.88,62999.13,63014.8797825,63032.66270044046,0.0002890717543766288,18.213509339397724,0.012750612793159363,0.004552817258326126,-0.015063123955066614,-0.0008270302924260457,-2.021068293896741,15m_opposite,56
BTC,long,2026-08-16 17:00:00+00:00,2026-08-16 17:30:00+00:00,63186.93,63186.93,63102.3582527637,63055.03148407412,63102.3582527637,0.000288224210718929,18.21200302700222,0.012729393946077685,0.013640720551430906,-0.0507457395938128,-0.002786389806688155,-2.081823107851571,stop,6
BTC,long,2026-08-17 03:10:00+00:00,2026-08-17 08:15:00+00:00,63321.01,63321.01,63366.23,63350.38844250001,63119.75382313154,0.0002875337656970859,18.206928453042835,0.012749073564231156,0.004554982682480841,-0.004301779361889439,-0.0002362715585434458,-0.07433786109841217,15m_opposite,61
BTC,long,2026-08-17 20:55:00+00:00,2026-08-18 01:40:00+00:00,64340.59,64340.59,64185.85548849828,64137.71609688191,64185.85548849828,0.00028297064535943246,18.206498275106647,0.012715845112928696,0.013622034712895364,-0.07012320440484117,-0.0038515481310713723,-1.6015230006641483,stop,57
BTC,long,2026-08-18 07:00:00+00:00,2026-08-18 07:50:00+00:00,64266.41,64266.41,64125.41833630353,64077.324272551305,64125.41833630353,0.0002831881531062052,18.19948595466616,0.012712866749298841,0.013619669089365813,-0.06625970468423917,-0.0036407459446540506,-1.6595142255267448,stop,10
BTC,long,2026-08-18 12:35:00+00:00,2026-08-18 12:55:00+00:00,64243.48,64243.48,64155.90866858082,64107.79173707939,64155.90866858082,0.0002831860911675042,18.192859984197735,0.012715789474541515,0.013626045750865647,-0.051140818268339265,-0.002811037863907051,-2.062214332733083,stop,4
BTC,long,2026-08-18 15:15:00+00:00,2026-08-18 20:00:00+00:00,64685.0,64685.0,64610.5,64594.347375000005,64382.95745204255,0.000281174088310596,18.187745902370903,0.012718677547065965,0.004541699608196582,-0.03820784673440195,-0.002100746675233751,-0.44989290285896777,15m_opposite,57
BTC,long,2026-08-19 12:10:00+00:00,2026-08-20 03:15:00+00:00,64441.88,64441.88,68937.08,68919.84573,64345.97087680847,0.0002821755839168172,18.183925117697463,0.013360533879699349,0.00486309020063032,1.2502120607425482,0.0687536960612416,46.19599558101566,15m_opposite,181
BTC,long,2026-08-20 05:20:00+00:00,2026-08-21 18:45:00+00:00,69531.02,69531.02,76909.46,76890.23263500001,69262.44856053138,0.0002633205484943514,18.308946323771718,0.013785178380407584,0.005062960297900786,1.9240467291543544,0.10508779124313872,27.206397408225484,15m_opposite,449
BTC,long,2026-08-22 02:40:00+00:00,2026-08-22 05:05:00+00:00,78397.99,78397.99,77941.93900137414,77883.4825471231,77941.93900137414,0.00023599267017798735,18.50135099668715,0.01289023570386556,0.013795294727838945,-0.1343102233347611,-0.0072594819350657504,-1.2479498868883339,stop,29
BTC,short,2026-08-22 10:05:00+00:00,2026-08-22 12:40:00+00:00,76926.35,76926.35,77341.40380164883,77399.40985450007,77341.40380164883,0.00024033273350878697,18.487919974353677,0.012998389866020208,0.013940753241793767,-0.1266901578112907,-0.006852591204799375,-1.2700638503567527,stop,31
BTC,short,2026-08-22 14:40:00+00:00,2026-08-22 16:35:00+00:00,76980.63,76980.63,77270.13474930273,77328.0873503647,77270.13474930273,0.0002399986978357094,18.47525095857255,0.01297437032682127,0.013908548791066072,-0.0963636819677944,-0.00521582533216316,-1.3869116862743727,stop,23
BTC,short,2026-08-22 21:25:00+00:00,2026-08-23 00:35:00+00:00,77129.63,77129.63,77355.04092654471,77413.05720723962,77355.04092654471,0.00023941012799329864,18.46561459037577,0.012959857885244048,0.013889685186863149,-0.08081520184726285,-0.004376523806003377,-1.4975301642100587,stop,38
BTC,short,2026-08-23 07:55:00+00:00,2026-08-23 08:35:00+00:00,76018.01,76018.01,76324.38598584072,76381.62927533011,76324.38598584072,0.00024280473890583358,18.457533070191044,0.01296441739073756,0.013898941958581506,-0.10125290059839448,-0.005485722290912112,-1.361117421861409,stop,8
BTC,long,2026-08-23 12:20:00+00:00,2026-08-24 00:45:00+00:00,77076.38,77076.38,77225.74,77206.43356500001,76765.46812071577,0.00023933931225274466,18.447407780131204,0.012928748911493405,0.004620788874950242,0.018198181891626433,0.000986489923599282,0.24455505654062906,15m_opposite,149
BTC,short,2026-08-24 04:25:00+00:00,2026-08-24 06:15:00+00:00,77160.19,77160.19,77389.39,77408.7373475,77493.16733927278,0.0002391029311659337,18.449227598320366,0.01294417351848464,0.004626007497537438,-0.07237257283925339,-0.003922796900496921,-0.9090220819074726,15m_opposite,22
BTC,long,2026-08-24 12:00:00+00:00,2026-08-24 13:45:00+00:00,78430.25,78430.25,77920.23499584463,77861.79481959774,77920.23499584463,0.00023513874227146337,18.44199034103644,0.012842560320646765,0.013741549540816715,-0.1465083964781327,-0.00794428333215898,-1.2216741129879554,stop,21
BTC,long,2026-08-24 14:30:00+00:00,2026-08-24 17:20:00+00:00,79365.18,79365.18,78504.10169190197,78445.22361563305,78504.10169190197,0.0002321841833079523,18.42733950138863,0.012792337990080452,0.01367055805324427,-0.22639165977325643,-0.012285640027210451,-1.132361624958935,stop,34
BTC,long,2026-08-25 01:20:00+00:00,2026-08-25 08:00:00+00:00,79728.38,79728.38,79663.37,79643.4541575,79209.13618395582,0.00023084252226636618,18.404700335411306,0.012873487986943766,0.00459742331575771,-0.03247798367524009,-0.0017646570214865862,-0.27095796084893453,15m_opposite,80
BTC,short,2026-08-25 11:40:00+00:00,2026-08-25 16:00:00+00:00,79317.4,79317.4,79507.16,79527.03679000001,79695.27528248311,0.0002319976768911208,18.401452537043784,0.012905334400066106,0.0046113691040548304,-0.06154058267098218,-0.003344332875195338,-0.7019876681319325,15m_opposite,52
BTC,short,2026-08-25 20:05:00+00:00,2026-08-26 02:25:00+00:00,78790.06,78790.06,79154.7631561296,79214.1292284967,79154.7631561296,0.00023347232479295846,18.395298478776684,0.012926213149468822,0.013860334929375134,-0.11193464179975157,-0.006084959258959271,-1.3145877600811948,stop,76
BTC,short,2026-08-26 09:10:00+00:00,2026-08-26 21:15:00+00:00,78799.13,78799.13,78781.4,78801.09535,79097.83114788374,0.0002333034008699932,18.38410501459671,0.012869102771637145,0.004594992136326934,-0.013327625610536655,-0.0007249537358470655,-0.19124708451818012,15m_opposite,145
BTC,long,2026-08-27 01:50:00+00:00,2026-08-27 05:30:00+00:00,78958.87,78958.87,78609.46598650549,78550.5088870156,78609.46598650549,0.00023281453055287716,18.382772252035654,0.012820404376017204,0.013726069440496206,-0.10789280519152887,-0.005869234722177507,-1.326338918643193,stop,44
BTC,long,2026-08-27 09:10:00+00:00,2026-08-27 10:25:00+00:00,79794.48,79794.48,79408.58243605075,79349.02599922371,79408.58243605075,0.0002302412769845295,18.3719829715165,0.01280910713107325,0.013712350067706724,-0.11537100510767256,-0.006279725236330838,-1.2984985047529494,stop,15
BTC,long,2026-08-27 15:40:00+00:00,2026-08-27 18:15:00+00:00,80463.31,80463.31,80094.28,80074.25643,79884.04919146118,0.0002281840738468966,18.360445871005734,0.012807924195430373,0.004569059775559607,-0.10158375274270996,-0.005532749773965347,-0.768536993445102,15m_opposite,31
BTC,long,2026-08-27 22:35:00+00:00,2026-08-28 02:20:00+00:00,80294.17,80294.17,80023.22437789993,79963.2069596165,80023.22437789993,0.00022853823005744328,18.35028749573146,0.012807382393280185,0.013716274547112498,-0.08844508985695622,-0.004819820391235277,-1.4283437202774714,stop,45
BTC,short,2026-08-28 07:35:00+00:00,2026-08-29 00:00:00+00:00,79733.59,79733.59,77839.19,77858.64979750001,79952.71996943273,0.00023003407957356201,18.34144298674577,0.012623360018853261,0.004476416606602007,0.4186767837186993,0.022826818152816616,8.305865985893629,15m_opposite,197
BTC,short,2026-08-29 03:00:00+00:00,2026-08-29 14:40:00+00:00,77668.09,77668.09,77837.12512863023,77895.50297247671,77837.12512863023,0.00023669064946901152,18.383310665117637,0.01289523072765894,0.013817489774623808,-0.06672175488085028,-0.003629474369241603,-1.6676672135979493,stop,140
BTC,long,2026-08-29 16:10:00+00:00,2026-08-30 01:15:00+00:00,77959.01,77959.01,78062.51,78042.99437249999,77761.8426985833,0.00023572180418439837,18.376638489629553,0.012873545416645185,0.004600258924091717,0.006923402392348328,0.0003767502090360757,0.1489652346139965,15m_opposite,109
BTC,long,2026-08-30 12:25:00+00:00,2026-08-30 20:45:00+00:00,78524.99,78524.99,78467.85,78448.2330375,78322.56109268781,0.00023403162267029623,18.377330829868786,0.012855149802665592,0.004590989565738256,-0.030818706287784436,-0.0016769957820911951,-0.6505299997280712,15m_opposite,100
BTC,short,2026-08-31 01:30:00+00:00,2026-08-31 05:30:00+00:00,77763.8,77763.8,77983.0,78002.49575,78204.43729865001,0.0002362828071575721,18.374248959240006,0.012890174122401295,0.004606510537642676,-0.06928987598898309,-0.003771031738096633,-0.6655127897103512,15m_opposite,48
BTC,long,2026-08-31 12:05:00+00:00,2026-08-31 12:20:00+00:00,78495.89,78495.89,78224.94345824188,78166.2747506482,78224.94345824188,0.00023399084935072536,18.36731997164111,0.012818560504071388,0.013727940720154264,-0.08994551265885067,-0.004897040656869119,-1.4187210592644577,stop,3
BTC,short,2026-08-31 13:35:00+00:00,2026-08-31 14:40:00+00:00,77992.73,77992.73,78407.06356439617,78465.86886206947,78407.06356439617,0.00023538508551213975,18.358325420375227,0.012906512710016329,0.013841890021396915,-0.12427634421735688,-0.006769481495269016,-1.2742639937219262,stop,13
BTC,long,2026-08-31 15:30:00+00:00,2026-08-31 22:45:00+00:00,78441.23,78441.23,78644.27,78624.6089325,77876.53004976259,0.00023388080204700377,18.345897785953493,0.012863572856073258,0.004598346235999681,0.030025238955552612,0.0016366186766036267,0.22733910633388282,15m_opposite,87
BTC,short,2026-09-01 13:35:00+00:00,2026-09-01 14:00:00+00:00,77789.82,77789.82,78183.98972653634,78242.62771883124,78183.98972653634,0.00023587791191506864,18.348900309849046,0.0128976338865028,0.013831407181412457,-0.11970497310343906,-0.006523822740438871,-1.2874834431098015,stop,5
BTC,short,2026-09-01 21:35:00+00:00,2026-09-01 23:30:00+00:00,77008.72,77008.72,77365.59061280024,77423.61480575985,77365.59061280024,0.00023811497986901616,18.336929812538703,0.012885247202937725,0.013816429538493118,-0.1116779155242029,-0.006090327915627298,-1.3142252131173908,stop,23
BTC,short,2026-09-02 02:05:00+00:00,2026-09-02 02:25:00+00:00,76943.3,76943.3,77262.23963664098,77320.18631636846,77262.23963664098,0.0002381722907775763,18.325762020986286,0.012872915353356499,0.013801293453648436,-0.10263679268555455,-0.0056006834841583674,-1.3511493085813426,stop,4
BTC,long,2026-09-02 07:40:00+00:00,2026-09-02 08:00:00+00:00,77560.53,77560.53,77357.52208172425,77299.50394016296,77357.52208172425,0.00023614457433075467,18.315498341717728,0.012790028895307684,0.013700669342452215,-0.07442991668475886,-0.004063766941859711,-1.5525892806752306,stop,4
BTC,long,2026-09-02 20:35:00+00:00,2026-09-02 22:05:00+00:00,77436.0,77436.0,77146.36427492854,77088.50450172233,77146.36427492854,0.00023642821620498543,18.30805535004925,0.012774559874635952,0.013679682969167918,-0.09493230067168781,-0.0051852749435473185,-1.3863170726934932,stop,18
BTC,short,2026-09-02 23:20:00+00:00,2026-09-02 23:30:00+00:00,77122.25,77122.25,77165.52,77184.81138000001,77320.3849127009,0.0002372669640730409,18.29856211998208,0.012816415358337867,0.0045772071653816734,-0.02766016405916099,-0.0015116031455256265,-0.5883780606903776,15m_opposite,2
BTC,short,2026-09-03 00:50:00+00:00,2026-09-03 01:05:00+00:00,77050.01,77050.01,77262.71296728452,77320.66000200999,77262.71296728452,0.00023745352016925323,18.295796103576162,0.012839190670358859,0.013759727378932394,-0.07710598638144692,-0.004214410017740387,-1.5266375366387452,stop,3
BTC,long,2026-09-03 03:50:00+00:00,2026-09-03 05:20:00+00:00,77655.07,77655.07,77382.09585276885,77324.05928087927,77382.09585276885,0.00023550407597260577,18.28808550493802,0.012762682666684837,0.013667849235472613,-0.09071705621024136,-0.004960445760478677,-1.4111364269048507,stop,18
BTC,long,2026-09-03 07:15:00+00:00,2026-09-03 07:45:00+00:00,78025.38,78025.38,77717.67509397936,77659.38683765887,77717.67509397936,0.00023427010287315478,18.279013799316996,0.012752439031625632,0.013655195804498288,-0.09849369482415558,-0.005388348403557518,-1.3663348342315882,stop,6
BTC,long,2026-09-03 13:15:00+00:00,2026-09-03 22:30:00+00:00,78525.67,78525.67,81143.97,81123.68400750001,78155.659349722,0.0002326521305686991,18.26916442983458,0.013090631847930306,0.004719579375824227,0.591342862244271,0.032368358417015214,6.869388839447173,15m_opposite,111
BTC,long,2026-09-04 04:50:00+00:00,2026-09-04 06:25:00+00:00,81043.87,81043.87,80785.01028235345,80724.42152464169,80785.01028235345,0.00022615280731360691,18.328298716059006,0.012793687016494137,0.013702317648160343,-0.08503785651082735,-0.004639702671166,-1.4525993597584945,stop,19
BTC,long,2026-09-04 09:30:00+00:00,2026-09-04 12:30:00+00:00,81026.74,81026.74,80707.4177458627,80646.8871825533,80707.4177458627,0.00022609566829922967,18.319794930407927,0.01278091491297757,0.013685698163966675,-0.09866399152893596,-0.005385649342895729,-1.3665868989210384,stop,36
BTC,short,2026-09-05 03:00:00+00:00,2026-09-05 06:30:00+00:00,79584.5,79584.5,79655.99,79675.9039975,79709.5308953769,0.00023006902765306103,18.309928531255036,0.012827464586292739,0.0045815940415104475,-0.03385669341472172,-0.0018490893264235505,-1.1769798900915933,15m_opposite,42
BTC,short,2026-09-05 10:30:00+00:00,2026-09-05 12:35:00+00:00,79615.45,79615.45,79693.75243597147,79753.52275029845,79693.75243597147,0.00022993706450084202,18.306542861913563,0.012830454024785087,0.013743410620637367,-0.04457849691596887,-0.0024351128037786774,-2.4759459813513858,stop,25
BTC,long,2026-09-06 00:40:00+00:00,2026-09-06 05:00:00+00:00,79909.86,79909.86,79867.76,79847.79306,79776.26839062969,0.00022903412685520869,18.302085012221966,0.01280435178485064,0.004573110668869981,-0.02701979919432624,-0.0014763235541897365,-0.8830854653677128,15m_opposite,52
BTC,short,2026-09-06 15:10:00+00:00,2026-09-06 16:30:00+00:00,79520.44,79520.44,79776.55796764493,79836.39038612066,79776.55796764493,0.00023012175275064544,18.299383032302536,0.01284592165092994,0.013768741010946614,-0.08555297828725972,-0.004675183755443527,-1.4515680907992277,stop,16
BTC,long,2026-09-06 21:00:00+00:00,2026-09-06 22:05:00+00:00,79909.85,79909.85,79799.50037559145,79739.65075030975,79799.50037559145,0.00022889328079672044,18.29082773447381,0.012784100681806299,0.013699177085182321,-0.05174156533254853,-0.0028288257963869027,-2.0484985452101276,stop,13
BTC,long,2026-09-07 00:10:00+00:00,2026-09-07 00:20:00+00:00,80383.2,80383.2,80063.75160585924,80003.70379215485,80063.75160585924,0.00022748103556390588,18.285653577940558,0.012756793409381795,0.013659738844824822,-0.09908498376257176,-0.0054187280394563464,-1.3635213315528778,stop,2
BTC,short,2026-09-07 10:25:00+00:00,2026-09-07 12:50:00+00:00,79387.42,79387.42,79568.07151121135,79627.74756484476,79568.07151121135,0.00023020958584577127,18.2757450795643,0.012820684410280126,0.013737999591855987,-0.06814639358051501,-0.003728788800885356,-1.638618579176184,stop,29
BTC,short,2026-09-07 15:25:00+00:00,2026-09-07 19:30:00+00:00,79094.63,79094.63,79367.43252512498,79426.95809951883,79367.43252512498,0.00023097561035693886,18.268930440206248,0.012826631150956936,0.01374895587746616,-0.0895863167760791,-0.004903752689260758,-1.421762882843167,stop,49
BTC,short,2026-09-07 22:55:00+00:00,2026-09-07 23:05:00+00:00,78914.06,78914.06,79130.91817873446,79190.26636736852,79130.91817873446,0.00023139060147873066,18.25997180852864,0.012813936044708877,0.013732613064708223,-0.0767254935223657,-0.004201840743616576,-1.529037615677041,stop,2
BTC,short,2026-09-08 08:05:00+00:00,2026-09-08 09:35:00+00:00,78321.21,78321.21,78622.8764204974,78681.84357781278,78622.8764204974,0.00023304414294897133,18.252299259176404,0.012818631252953482,0.013741950638698852,-0.0968621743129513,-0.005306847807914037,-1.3778091075445593,stop,18
BTC,short,2026-09-08 19:10:00+00:00,2026-09-09 00:15:00+00:00,78433.63,78433.63,78719.3,78738.97982500002,78738.74741563447,0.00023258662185780647,18.242613041745106,0.012805339271362388,0.004577264015506018,-0.08382562355298757,-0.004595044764758588,-1.181204423100793,15m_opposite,61
BTC,long,2026-09-09 04:15:00+00:00,2026-09-09 11:15:00+00:00,78823.49,78823.49,78855.0,78835.28625,78597.8415287462,0.00023132990532885315,18.234230479389804,0.012765325748270731,0.004560379921175602,-0.010036500352535383,-0.000550420834258932,-0.1922729229403919,15m_opposite,84
BTC,long,2026-09-09 13:35:00+00:00,2026-09-09 13:35:00+00:00,79643.83,79643.83,79377.29462001304,79317.76164904803,79377.29462001304,0.0002289345807371965,18.233226829354553,0.012725934619939757,0.013629155747914363,-0.08737425583679878,-0.004792034709738309,-1.4319149592641904,stop,0
BTC,short,2026-09-10 01:50:00+00:00,2026-09-10 03:00:00+00:00,78063.46,78063.46,78380.20333512517,78438.98848762651,78380.20333512517,0.00023345736153343536,18.22448940377087,0.012800977527590572,0.013723826600303307,-0.10047086742951619,-0.0055129592496965946,-1.3587047496997986,stop,14
BTC,short,2026-09-10 08:35:00+00:00,2026-09-11 04:30:00+00:00,78084.88,78084.88,77147.85,77167.13696250001,78308.42846148173,0.00023326465145400644,18.21444231702792,0.012643071117036154,0.004498966585169487,0.20143393864974177,0.01105902311713544,3.8628872115469273,15m_opposite,239
BTC,long,2026-09-11 14:15:00+00:00,2026-09-11 15:50:00+00:00,79025.32,79025.32,78033.40263162111,77974.8775796474,78033.40263162111,0.00023074358586454185,18.234585710892897,0.012643018572216832,0.01350428035532402,-0.2550258693886074,-0.013985832934842119,-1.1142409220525458,stop,19
BTC,short,2026-09-11 19:50:00+00:00,2026-09-12 06:45:00+00:00,77286.27,77286.27,77308.83,77328.15720750001,77620.29776760246,0.00023560566610284127,18.209083123954038,0.012751292618479942,0.004553599596948434,-0.022620156042707923,-0.0012422457456384018,-0.28742682320358953,15m_opposite,131
BTC,long,2026-09-12 15:40:00+00:00,2026-09-12 17:15:00+00:00,77406.54,77406.54,77305.26892393417,77247.28997224121,77305.26892393417,0.00023521037251309474,18.206821108349768,0.012726046146668906,0.013637250825619736,-0.05018330449853279,-0.0027562914030894933,-2.1067711436800503,stop,19
BTC,short,2026-09-13 04:15:00+00:00,2026-09-13 05:30:00+00:00,77184.74,77184.74,77270.01142764596,77327.9639362167,77270.01142764596,0.00023582126179216137,18.20180277789991,0.012758149569208668,0.013666433695173612,-0.04653339892667137,-0.002556526927276173,-2.3140795414390025,stop,15
BTC,short,2026-09-13 07:15:00+00:00,2026-09-13 14:15:00+00:00,77143.95,77143.95,76978.82,76998.06470500001,77224.92332298434,0.00023588563248326338,18.197149438007244,0.012720798484064532,0.0045395494108799095,0.021691446597014507,0.0011920244250843456,1.13565146221391,15m_opposite,84
BTC,long,2026-09-13 18:10:00+00:00,2026-09-13 22:00:00+00:00,77291.62,77291.62,77162.18579740066,77104.3141580526,77162.18579740066,0.00023546302409843326,18.199318582666944,0.012717471207878743,0.013626631210427434,-0.056821071184115876,-0.003122153773286454,-1.8643937860336053,stop,46
BTC,short,2026-09-14 00:50:00+00:00,2026-09-14 01:55:00+00:00,76722.31,76722.31,77058.93180049177,77116.72599934215,77058.93180049177,0.0002371361925305499,18.193636475548534,0.012782310687062539,0.013705096265731057,-0.10631261904419162,-0.005843395804190725,-1.3318175581226908,stop,13
BTC,long,2026-09-14 04:45:00+00:00,2026-09-14 06:30:00+00:00,77597.89,77597.89,77347.41038236163,77289.39982457485,77347.41038236163,0.00023432344891908941,18.18300521364412,0.012691960408619245,0.013593233974318388,-0.0849784422718948,-0.004673509206725018,-1.447840174608621,stop,21
BTC,long,2026-09-14 09:10:00+00:00,2026-09-14 13:05:00+00:00,77776.35,77776.35,77524.02845861322,77465.88543726926,77524.02845861322,0.00023367652724018192,18.174507369416926,0.012685881018166817,0.013586659310908312,-0.08523416186822946,-0.0046897646321713725,-1.4455871402998723,stop,47
BTC,long,2026-09-14 19:35:00+00:00,2026-09-14 21:00:00+00:00,79145.28,79145.28,78803.95015612913,78744.84719351203,78803.95015612913,0.00022952706659487595,18.165983953230104,0.012670233683540304,0.013565729636567969,-0.10458040112507686,-0.005756935676830286,-1.3348797190353237,stop,17
BTC,short,2026-09-15 03:40:00+00:00,2026-09-15 17:45:00+00:00,77795.12,77795.12,76715.47,76734.64886750001,77998.67309685153,0.00023337615409703844,18.155525913117597,0.01258512380196543,0.0044758903370898185,0.23490355063181093,0.012938405186163742,4.9448758070252214,15m_opposite,169
BTC,short,2026-09-15 20:30:00+00:00,2026-09-16 02:45:00+00:00,75673.68,75673.68,75907.03,75926.0067575,76279.36847766934,0.00024022905015562578,18.179016268180774,0.012755619496368081,0.004558768429258776,-0.07337183677944353,-0.004036073002908758,-0.5042600414886728,15m_opposite,75
BTC,short,2026-09-16 08:20:00+00:00,2026-09-16 09:00:00+00:00,75444.49,75444.49,75710.83946069506,75767.62259029059,75710.83946069506,0.00024086158027581377,18.17167908450283,0.012759090472319982,0.013676874327384644,-0.0905893168083264,-0.004985192418766781,-1.4120745677661835,stop,8
BTC,short,2026-09-16 13:25:00+00:00,2026-09-16 18:05:00+00:00,75688.79,75688.79,75969.97116810916,76026.94864648524,75969.97116810916,0.00023996446703431246,18.162620152821997,0.012754407136663837,0.013672570231475197,-0.09390046651353998,-0.00516998460153065,-1.391664603429513,stop,56
BTC,long,2026-09-16 21:50:00+00:00,2026-09-17 02:30:00+00:00,75901.82,75901.82,76112.62,76093.591845,75564.02344688794,0.00023916725720372244,18.153230106170646,0.012730193847408224,0.0045509116409955495,0.03313535233013814,0.0018253144005966613,0.4101423883728332,15m_opposite,56
BTC,long,2026-09-17 07:05:00+00:00,2026-09-17 10:00:00+00:00,76494.8,76494.8,76300.64842449312,76243.42293817474,76300.64842449312,0.00023735657379852823,18.15654364140366,0.01267974754991937,0.013582845366484537,-0.07234574567630393,-0.003984554940915559,-1.5698957502590127,stop,35
BTC,long,2026-09-17 13:05:00+00:00,2026-09-17 13:25:00+00:00,76779.16,76779.16,76462.13947710687,76404.79287249903,76462.13947710687,0.00023638327206023128,18.14930906683603,0.012660269283509985,0.01355577803874538,-0.10115439583397888,-0.005573457119578004,-1.3498348688342667,stop,4
BTC,long,2026-09-17 18:30:00+00:00,2026-09-17 18:35:00+00:00,76682.13,76682.13,76426.57471037447,76369.25477934169,76426.57471037447,0.00023655046654615135,18.13919362725263,0.012660430149368115,0.01355905642819647,-0.08667120956682277,-0.004778118109760209,-1.433726042551733,stop,1
BTC,short,2026-09-18 00:00:00+00:00,2026-09-18 00:55:00+00:00,76348.74,76348.74,76512.60281399422,76569.98726610471,76512.60281399422,0.00023746988498167678,18.130526506295947,0.012717638335824361,0.013627079242414863,-0.06525720117021952,-0.003599299840937246,-1.6770248297301888,stop,11
BTC,long,2026-09-18 02:15:00+00:00,2026-09-18 23:45:00+00:00,76689.54,76689.54,80884.31,80864.0889225,76483.43727771002,0.00023632950186138718,18.124000786178925,0.013180085084000457,0.00477883717267515,0.9733889822664165,0.05370718053646894,19.984107557026462,15m_opposite,258
BTC,long,2026-09-19 01:25:00+00:00,2026-09-19 04:35:00+00:00,81287.22,81287.22,80946.99348735217,80886.28324223665,80946.99348735217,0.00022415995631792508,18.221339684405567,0.012710000796030655,0.01360880589314603,-0.10258396690251435,-0.005629880605887016,-1.3450960650388024,stop,38
BTC,long,2026-09-19 12:05:00+00:00,2026-09-19 18:00:00+00:00,81292.33,81292.33,81437.1,81416.74072500001,81142.26080712293,0.00022401967427573195,18.211081287715313,0.012761692126446175,0.004560878153988988,0.015108757964463464,0.0008296463963760027,0.44941861380407744,15m_opposite,71
BTC,short,2026-09-19 22:50:00+00:00,2026-09-20 09:45:00+00:00,81183.86,81183.86,80511.68,80531.80792,81373.71105969665,0.00022433759818160607,18.21259216351176,0.012675674615699975,0.004515449229194552,0.13360412290081913,0.007335810394332002,3.1369295751710653,15m_opposite,131
BTC,long,2026-09-20 18:00:00+00:00,2026-09-20 21:00:00+00:00,81129.33,81129.33,80774.93585315978,80714.35465126991,80774.93585315978,0.000224653064136014,18.225952575801845,0.012711554061244728,0.013609752633602298,-0.10593703769437071,-0.005812428033803882,-1.3306043462064612,stop,36
BTC,long,2026-09-21 06:05:00+00:00,2026-09-22 01:00:00+00:00,81639.0,81639.0,85876.06,85854.590985,81376.7592019207,0.00022312079854031047,18.215358872032407,0.01322104422386895,0.0047901837706728154,0.9273649826686656,0.050911156304064266,15.849310709657557,15m_opposite,227
BTC,long,2026-09-22 09:10:00+00:00,2026-09-22 09:15:00+00:00,85823.4,85823.4,85912.38,85890.901905,85329.96500627362,0.00021332288595300673,18.308095370299277,0.012822866609800459,0.00458176921017254,0.001576834572127775,8.612772329588312e-05,0.014980238818673747,15m_opposite,1
BTC,long,2026-09-22 14:25:00+00:00,2026-09-22 14:35:00+00:00,86147.3,86147.3,85612.53488382649,85548.32548266363,85612.53488382649,0.00021252265658652664,18.308253053756488,0.012752129309803562,0.013645952512962104,-0.140047784961763,-0.007649434632051254,-1.2322758537299474,stop,2
BTC,long,2026-09-22 16:00:00+00:00,2026-09-22 20:00:00+00:00,86416.54,86416.54,86213.28,86191.72668,85929.75227841121,0.00021169845813382847,18.294248275260312,0.012782177476076247,0.004562804611663272,-0.06037481068802038,-0.003300207244353761,-0.5858662383865614,15m_opposite,48
BTC,long,2026-09-23 04:10:00+00:00,2026-09-23 05:50:00+00:00,86830.34,86830.34,86548.23506962966,86483.32389332744,86548.23506962966,0.00021062005278559904,18.28821079419151,0.012765203280581644,0.013671595379149509,-0.08585375398540844,-0.004694486243163619,-1.4449369462777972,stop,20
BTC,short,2026-09-23 09:15:00+00:00,2026-09-23 19:30:00+00:00,85946.29,85946.29,84411.82,84432.92295500002,86267.28950877453,0.0002126866141492899,18.27962541879297,0.012634801336772,0.004488316047496825,0.3092381114293892,0.01691709235526603,4.529481465791657,15m_opposite,123
BTC,short,2026-09-24 10:55:00+00:00,2026-09-24 13:15:00+00:00,83466.38,83466.38,83744.3,83765.23607500001,83889.91082303293,0.00021937634326462836,18.310549229935912,0.012850165437403097,0.004592879575815118,-0.07841211833332334,-0.0042823466051541146,-0.8439337814374778,15m_opposite,28
BTC,long,2026-09-25 00:25:00+00:00,2026-09-25 01:30:00+00:00,84597.12,84597.12,84354.47494873896,84291.20909252741,84354.47494873896,0.000216351431562949,18.30270801810258,0.012778803481290601,0.013687658560425378,-0.07896306624370533,-0.004314283228777166,-1.5041556962405012,stop,13
BTC,short,2026-09-25 14:25:00+00:00,2026-09-25 20:45:00+00:00,83597.81,83597.81,84118.02,84139.04950500002,84296.35539387805,0.00021884319351760784,18.29481171147821,0.012865591488900794,0.0046021640322973815,-0.13131217322099437,-0.007177563524122458,-0.8589686468640091,15m_opposite,76
BTC,short,2026-09-25 22:30:00+00:00,2026-09-25 22:40:00+00:00,83903.24,83903.24,84086.77323260439,84149.83831252885,84086.77323260439,0.00021789004207890074,18.28168049415611,0.012824042004256025,0.013741252918450114,-0.06655535869775255,-0.0036405492765846947,-1.6642973882748033,stop,2
BTC,short,2026-09-26 00:55:00+00:00,2026-09-26 01:40:00+00:00,83889.04,83889.04,84057.40560914611,84120.44866335297,84057.40560914611,0.0002178475872210045,18.275024958286334,0.012817723380287175,0.013733777250008392,-0.06322954235377166,-0.0034598881532636088,-1.7239072584756086,stop,9
BTC,short,2026-09-26 06:10:00+00:00,2026-09-26 07:40:00+00:00,83918.15,83918.15,84045.09918733969,84108.1330117302,84045.09918733969,0.0002176966723414536,18.268702004050954,0.012808770737563204,0.013722253814770338,-0.05416744019263606,-0.0029650404380467104,-1.9600023714234138,stop,18
BTC,short,2026-09-26 14:05:00+00:00,2026-09-26 15:20:00+00:00,83916.23,83916.23,84058.97690365036,84122.0211363281,84058.97690365036,0.00021763710381211943,18.26328526003169,0.01280669357547251,0.01372076421204095,-0.057594480476125635,-0.0031535662755138773,-1.8538783408181976,stop,15
BTC,long,2026-09-26 15:55:00+00:00,2026-09-26 18:40:00+00:00,84143.72,84143.72,84014.73960475008,83951.72855004652,84014.73960475008,0.000216980254878012,18.257525811984078,0.012759438891516203,0.013672154709710444,-0.05441779263682114,-0.0029805677503740285,-1.9444509977081703,stop,33
BTC,long,2026-09-26 22:25:00+00:00,2026-09-27 13:15:00+00:00,84295.95,84295.95,84636.7,84615.540825,84123.67983486065,0.00021652385473703542,18.2520840327204,0.012811058341588076,0.004581466134054085,0.05638797902600266,0.0030893994858294687,1.5117177392664505,15m_opposite,178
BTC,short,2026-09-27 17:40:00+00:00,2026-09-27 18:20:00+00:00,84468.05,84468.05,84669.1207941333,84732.6226347289,84669.1207941333,0.0002161494533213801,18.257722830623,0.012808999596616326,0.013725888129641888,-0.06999622995706566,-0.0038337875213914183,-1.6105399963337774,stop,8
BTC,short,2026-09-27 23:40:00+00:00,2026-09-28 00:15:00+00:00,84399.7,84399.7,84668.4340887835,84731.93541435008,84668.4340887835,0.00021624156493005653,18.250723207627292,0.01281142779830123,0.013731626015651035,-0.0846545337225494,-0.004638420777055608,-1.4567609335659926,stop,7
BTC,short,2026-09-28 00:55:00+00:00,2026-09-28 12:15:00+00:00,84338.39,84338.39,83355.26,83376.098815,84786.24190707486,0.00021629838741592098,18.242257754255036,0.0126655094122085,0.004507402080160884,0.19547652212784603,0.010715588210689042,2.017933703788905,15m_opposite,136
BTC,short,2026-09-28 15:05:00+00:00,2026-09-28 16:00:00+00:00,82973.78,82973.78,83343.56,83364.39589,83603.58759401916,0.0002200912795158642,18.261805406467822,0.01282624936004214,0.0045857976899522646,-0.0987974003893704,-0.005410056573835746,-0.7127460008545763,15m_opposite,11
