costs,version,stop,exit,train_ending_balance,train_total_return,train_trades,train_max_drawdown,train_sharpe,train_win_rate,train_profit_factor,train_avg_trade_pct,train_avg_r,train_fees,train_slippage,train_net_pnl,train_long_trades,train_long_win_rate,train_long_pf,train_long_pnl,train_short_trades,train_short_win_rate,train_short_pf,train_short_pnl,oos_ending_balance,oos_total_return,oos_trades,oos_max_drawdown,oos_sharpe,oos_win_rate,oos_profit_factor,oos_avg_trade_pct,oos_avg_r,oos_fees,oos_slippage,oos_net_pnl,oos_long_trades,oos_long_win_rate,oos_long_pf,oos_long_pnl,oos_short_trades,oos_short_win_rate,oos_short_pf,oos_short_pnl,full_ending_balance,full_total_return,full_trades,full_max_drawdown,full_sharpe,full_win_rate,full_profit_factor,full_avg_trade_pct,full_avg_r,full_fees,full_slippage,full_net_pnl,full_long_trades,full_long_win_rate,full_long_pf,full_long_pnl,full_short_trades,full_short_win_rate,full_short_pf,full_short_pnl
coinbase_taker,standard,struct,A,50.692201050790246,-0.7465389947460488,724,0.7468340939018603,-30.63609384947823,0.03591160220994475,0.021446948354857016,-0.018949975796283148,-13.106121094631641,141.6123181442211,7.065996409579973,-149.35501519392366,359,0.033426183844011144,0.017979313794449538,-74.72309578007899,365,0.038356164383561646,0.02489437151574669,-74.63191941384466,112.20929648305818,-0.43895351758470913,309,0.43895351758470913,-32.04077600127761,0.025889967637540454,0.02100430090838377,-0.018683736353964368,-15.979398030209774,84.12228236214801,4.183394133990879,-87.79070351694186,162,0.037037037037037035,0.03807088879253033,-45.45600124041307,147,0.013605442176870748,0.00199210286685006,-42.33470227652879,28.457734902770852,-0.8577113254861457,1032,0.8577458245048698,-31.15718515653552,0.03294573643410853,0.02139901512074783,-0.018873796823213274,-13.974606918906321,162.85539650055063,8.121891672937345,-171.54226509722932,520,0.03461538461538462,0.02073145176120032,-86.17371536545846,512,0.03125,0.02207195226671536,-85.36854973177083
coinbase_taker,standard,struct,B,48.76256011249994,-0.7561871994375002,745,0.7564120055546432,-31.837122580626673,0.02953020134228188,0.022845678231714333,-0.01893617834002882,-13.073408713187375,143.6171828126318,7.9761668490587105,-151.28285880645436,367,0.027247956403269755,0.01853072395527573,-75.45190636349051,378,0.031746031746031744,0.02710157120090919,-75.83095244296386,110.80519460654209,-0.4459740269672896,314,0.4459740269672896,-33.28290689646918,0.022292993630573247,0.019609041511440054,-0.018786878685190682,-16.146433145265714,85.03791484741643,4.724838996588241,-89.19480539345781,163,0.03680981595092025,0.03731126458941509,-45.56936783319548,151,0.006622516556291391,0.00040921200527410504,-43.625437560262334,27.034383300843274,-0.8648280834957837,1058,0.8648280834957837,-32.36918217605636,0.027410207939508508,0.02244985003628419,-0.01889444803337543,-13.993075084191862,164.27692195077918,9.126507569529402,-172.96561669915656,529,0.030245746691871456,0.021002378953505707,-86.49087806133949,529,0.024574669187145556,0.023893316154741228,-86.47473863781708
coinbase_taker,standard,struct,R3,39.57796222649961,-0.802110188867502,858,0.8021304145239709,-40.621038978667464,0.009324009324009324,0.0039607177655135795,-0.018862134804501614,-12.44056934028148,153.2039106070623,7.417912212434539,-160.42203777350022,416,0.007211538461538462,0.002818393944370648,-80.83327992496599,442,0.011312217194570135,0.005118228221578023,-79.58875784853421,95.11583813624378,-0.5244208093187811,389,0.5244208093187811,-45.48992510117145,0.0,0.0,-0.019086979787405905,-16.039269495806938,98.81183909192654,4.811033763497976,-104.88416186375605,208,0.0,0.0,-56.35178157525043,181,0.0,0.0,-48.53238028850562,18.822455244490754,-0.9058877237775462,1247,0.9058877237775462,-42.15133016694299,0.006415396952686447,0.0035085741125649777,-0.01893227489940921,-13.563179092085335,172.75776678261855,8.36996677524523,-181.17754475550933,624,0.004807692307692308,0.002477562426473857,-91.98472333787214,623,0.008025682182985553,0.004569628404542131,-89.1928214176372
coinbase_taker,standard,struct,R5,47.06608499328884,-0.7646695750335558,760,0.7648865600276177,-34.84392230719082,0.03289473684210526,0.009628838340980892,-0.019028161514936148,-12.795968540653137,144.86871992504513,7.37903482473127,-152.9777537775812,367,0.021798365122615803,0.007012844559916446,-76.70735455111952,393,0.043256997455470736,0.012245953779583355,-76.27039922646168,102.21057052869624,-0.4889471473565188,353,0.4889471473565188,-42.54612902609972,0.0113314447592068,0.0015512214107141385,-0.01899721035016188,-15.932292210023267,92.5623238876217,4.70121283720416,-97.7894294713036,187,0.0106951871657754,0.0022682230737877764,-51.55864596561737,166,0.012048192771084338,0.0007503724740349786,-46.23078350568625,24.05878869935711,-0.8797060565032144,1112,0.8797060565032144,-37.00836559029348,0.026079136690647483,0.008582463964314533,-0.01902500623111858,-13.80007433516922,166.5714488984528,8.483266906307927,-175.94121130064255,553,0.018083182640144666,0.006371282285344064,-88.78880010598847,559,0.03398926654740608,0.010825065809299005,-87.1524111946541
coinbase_taker,standard,atr1.5,A,53.80886410077443,-0.7309556794961278,694,0.7312682736718537,-29.533810927004104,0.037463976945244955,0.031065644749159432,-0.01890946140416784,-9.04423458860101,138.94505999298212,6.728601627410184,-146.24125509788945,348,0.034482758620689655,0.030349998558145484,-72.95090861109162,346,0.04046242774566474,0.03177692822494095,-73.29034648679782,115.32343179395858,-0.42338284103020707,292,0.42338284103020707,-32.72366372563395,0.030821917808219176,0.022563309340531537,-0.01883472456498678,-11.416629045981173,80.60643454493368,3.966445880094566,-84.67656820604134,155,0.03870967741935484,0.03998153226782123,-44.16224392415283,137,0.021897810218978103,0.002842230619743203,-40.514324281888506,31.04359569567677,-0.8447820215216162,985,0.8448192809901898,-30.482608471220924,0.03553299492385787,0.02994129331225771,-0.018891664551799223,-9.749818366507018,160.54621046274528,7.790936408735691,-168.9564043043235,502,0.035856573705179286,0.031739739382228314,-84.76011890012032,483,0.035196687370600416,0.02812404290300811,-84.19628540420318
coinbase_taker,standard,atr1.5,B,51.808840619454045,-0.7409557969027298,715,0.7411946470423956,-30.256854422862883,0.032167832167832165,0.032466394277478355,-0.018883181083410906,-9.059832716823854,141.09534152052595,7.836236406496325,-148.2394156970272,356,0.03089887640449438,0.031241261044172405,-73.39290561661274,359,0.033426183844011144,0.03366472873082002,-74.84651008041448,114.83167519034765,-0.42584162404826176,295,0.42584162404826176,-33.838674609058316,0.030508474576271188,0.022298042509060097,-0.018787965788385232,-11.368232343189698,81.2408366676539,4.513858670100031,-85.16832480965233,156,0.038461538461538464,0.03927704922508599,-44.31419573640298,139,0.02158273381294964,0.0031892276768660903,-40.854129073249354,29.76498837300369,-0.8511750581349815,1009,0.8511750581349815,-31.25729610881071,0.031714568880079286,0.03117460612418798,-0.01885867206683231,-9.736720669322889,162.05997334140218,9.003667547309021,-170.23501162699642,511,0.033268101761252444,0.032366277626626985,-84.79889136421065,498,0.030120481927710843,0.029988916795905624,-85.43612026278575
coinbase_taker,standard,atr1.5,R3,39.08818834948829,-0.8045590582525586,869,0.8047392633900394,-41.57365579304935,0.010356731875719217,0.0037876350591138563,-0.018777081309164667,-8.592083699302156,154.01230954146558,7.491116320702909,-160.94821956786924,425,0.002352941176470588,0.0003471548171394235,-80.71866634266142,444,0.018018018018018018,0.00722527335156916,-80.22955322520782,99.64707258597424,-0.5017646370701287,366,0.5017646370701287,-52.0508340240379,0.0,0.0,-0.019015937321592086,-11.483158124215675,95.12592756279592,4.652925857041261,-100.35292741402552,197,0.0,0.0,-54.299907886317804,169,0.0,0.0,-46.05301952770772,19.477272278399454,-0.9026136386080027,1234,0.9026136386080027,-44.27800950918121,0.007293354943273906,0.003378320276861455,-0.01885469715033221,-9.45205917517423,172.53523156956584,8.398625471343546,-180.52272772160055,621,0.001610305958132045,0.0003069616594323095,-91.29153323081817,613,0.013050570962479609,0.006501126484685046,-89.23119449078239
coinbase_taker,standard,atr1.5,R5,46.87754856406286,-0.7656122571796857,758,0.7658283729793801,-36.831479367159,0.027704485488126648,0.01166698181828554,-0.019130762217165854,-8.538752426846468,143.22165709744274,7.3332166436103225,-153.16611459829164,369,0.018970189701897018,0.00509844191061263,-75.50270756589016,389,0.03598971722365039,0.017970158836114893,-77.6634070324015,109.41405825848673,-0.4529297087075663,321,0.4529297087075663,-45.61924761843929,0.024922118380062305,0.006316801977442932,-0.018771148181691566,-11.362346500426089,86.9706855921294,4.400806660763947,-90.58594174151335,169,0.03550295857988166,0.009722488684895277,-47.85585634392636,152,0.013157894736842105,0.002474663227349877,-42.73008539758698,25.648151338567004,-0.871759243307165,1078,0.871759243307165,-39.00737189320601,0.026901669758812616,0.0110216930925865,-0.019031758713430293,-9.38234877569099,163.52406331777644,8.362470920671043,-174.35184866143342,537,0.024208566108007448,0.005702225569409826,-86.67192533824561,541,0.029574861367837338,0.016224360237300898,-87.67992332318781
coinbase_taker,standard,atr2,A,60.223392321791735,-0.6988830383910414,642,0.6992436182652373,-26.605040665927277,0.04984423676012461,0.03861931920749621,-0.018687892412508587,-6.747742776913492,133.9217838236201,6.104404713879076,-139.83270156189138,323,0.04024767801857585,0.03424304548997823,-71.07274023085172,319,0.05956112852664577,0.043101300442896576,-68.75996133103968,118.06937461230011,-0.4096531269384994,278,0.4096531269384994,-31.464172299962875,0.03597122302158273,0.024590015461502322,-0.018937159314854218,-8.652686585335372,77.58959036001218,3.6341022500722717,-81.93062538770005,150,0.04,0.040857348479355474,-43.97801155124655,128,0.03125,0.005036070538155502,-37.952613836453494,35.57442721757627,-0.8221278639121187,919,0.8221769005414916,-27.964776095905535,0.04570184983677911,0.03655992335248881,-0.01876685683286888,-7.325530601887435,157.19099965851782,7.193343345552294,-164.425572782424,472,0.04025423728813559,0.03532600638272741,-84.23044883554847,447,0.05145413870246085,0.0378525352773113,-80.19512394687555
coinbase_taker,standard,atr2,B,56.204623790330864,-0.7189768810483457,674,0.7192359967143531,-28.74825659965973,0.037091988130563795,0.03750759306452588,-0.018824229244098198,-6.7778285465847725,137.04100165894812,7.6105533801053,-143.84772689115337,334,0.03293413173652695,0.03454812406374436,-71.56343117030926,340,0.041176470588235294,0.04041972921614944,-72.28429572084411,116.83037057453035,-0.4158481471273483,283,0.4158481471273483,-33.49822719757735,0.03180212014134275,0.02316156855016357,-0.01897509757832857,-8.625667492094605,78.64298206250538,4.36936377217797,-83.16962942546971,152,0.039473684210526314,0.03985815514172677,-44.31976081070542,131,0.022900763358778626,0.0033907307931936937,-38.849868614764276,32.85509625159045,-0.8357245187420477,956,0.8357245187420477,-30.049865210085418,0.03556485355648536,0.03554544168840587,-0.018871505516112375,-7.3261291241171485,159.0556962359643,8.836506358808267,-167.1449037484094,485,0.03505154639175258,0.03537675605541473,-83.93522821046159,471,0.036093418259023353,0.03571553842760559,-83.20967553794783
coinbase_taker,standard,atr2,R3,48.5528693712004,-0.757235653143998,745,0.7574594925407462,-35.25284934137521,0.03087248322147651,0.009545330054663069,-0.018993486283804,-6.330555319495186,142.93129081048852,6.97562471000774,-151.49235423547412,363,0.02203856749311295,0.003751099135239965,-75.28014360662718,382,0.03926701570680628,0.015202908458066258,-76.21221062884693,110.00640414492132,-0.44996797927539345,314,0.44996797927539345,-43.57662138532788,0.01592356687898089,0.0011350392919891828,-0.019017545730552216,-8.42757724805518,85.1336283545114,4.172476866016857,-89.9935958550787,172,0.023255813953488372,0.0019087786637031656,-49.52071468797082,142,0.007042253521126761,0.00018669473787188843,-40.47288116710786,26.707803265249794,-0.866460983673751,1058,0.866460983673751,-37.37152894667741,0.026465028355387523,0.008495443586025659,-0.019009006643546596,-6.954996483383371,163.5126306828667,7.986195576694718,-173.29219673474987,534,0.02247191011235955,0.003499753973738853,-87.25381501894562,524,0.030534351145038167,0.013510808758622433,-86.03838171580425
coinbase_taker,standard,atr2,R5,59.0709334926616,-0.7046453325366919,636,0.7049176625202664,-27.359487610517082,0.06446540880503145,0.03527651308740699,-0.019166755113609622,-6.313048230300086,131.39531897119238,6.727955400615714,-140.98408695611454,315,0.050793650793650794,0.019285607944126246,-71.26741357441207,321,0.0778816199376947,0.051092944985796994,-69.71667338170246,120.43755439509582,-0.3978122280245209,267,0.3978122280245209,-32.42229439575146,0.056179775280898875,0.01847269064181372,-0.018974465090485455,-8.317862212499314,75.54870121687745,3.8586632274551604,-79.56244560490413,146,0.06164383561643835,0.02916819306613962,-42.60111036380647,121,0.049586776859504134,0.005849103881546349,-36.96133524109765,35.57468480974538,-0.8221265759512731,902,0.8221265759512731,-28.67387333099101,0.06208425720620843,0.03292253915898793,-0.019119856784324013,-6.9089037646502645,153.60403520696013,7.864753544702038,-164.42531519025448,460,0.05434782608695652,0.020796022508614478,-83.79105171006914,442,0.07013574660633484,0.04520962658074905,-80.63426348018533
coinbase_taker,standard,atr2.5,A,64.96228900998749,-0.6751885549500626,607,0.6755775083632735,-25.19330316440443,0.057660626029654036,0.04742982360855116,-0.01851833189022957,-5.366119934211621,130.53163493000955,5.617699476494476,-135.0982188249749,301,0.046511627906976744,0.03752852012052738,-68.49707198226866,306,0.06862745098039216,0.05740271267958504,-66.60114684270626,120.94337173636063,-0.39528314131819686,268,0.39528314131819686,-28.42010590467974,0.03731343283582089,0.04080741294930969,-0.018745126569271412,-6.918658043629962,75.4089939067103,3.3905843111714487,-79.05662826363933,142,0.04225352112676056,0.07221113143961766,-40.732173182862894,126,0.031746031746031744,0.005013369897704399,-38.324455080776445,39.31095853891446,-0.8034452073054277,874,0.8034993944576868,-26.180623839252235,0.05148741418764302,0.046406672496357,-0.018590510302029177,-5.843213977248936,154.92515998781036,6.713271166374639,-160.68904146108534,442,0.04524886877828054,0.04337475747328693,-81.6310642598622,432,0.05787037037037037,0.04951716548674709,-79.05797720122314
coinbase_taker,standard,atr2.5,B,60.80203678017009,-0.6959898160991496,640,0.6962701268492699,-27.613847442598818,0.04375,0.04516024622554659,-0.018596565462679703,-5.372189004546442,134.17429212736852,7.450827323014941,-139.25459607041077,315,0.0380952380952381,0.03746970344030841,-69.42164715275553,325,0.04923076923076923,0.05268464309543497,-69.83294891765524,118.57978506013737,-0.4071010746993131,276,0.4071010746993131,-31.80055762361656,0.036231884057971016,0.029571954162929622,-0.018917688036161374,-6.927847859078648,77.05043904722342,4.2812160013027025,-81.42021493986262,147,0.047619047619047616,0.052500060144210006,-42.390359013758165,129,0.023255813953488372,0.0033787096807357288,-39.029855926104446,36.07767443074317,-0.8196116278462842,915,0.8196116278462842,-28.834855992069844,0.041530054644808745,0.042864290819617144,-0.01869503864186088,-5.842247215586337,157.5071643267601,8.750351461309616,-163.922325569257,461,0.04121475054229935,0.039904493938759396,-82.21461710074999,454,0.04185022026431718,0.04582408783457653,-81.70770846850701
coinbase_taker,standard,atr2.5,R3,62.08510268792632,-0.6895744865603683,617,0.6898607125262628,-27.45228892464086,0.06645056726094004,0.02652683220794821,-0.018951376633961205,-4.844028154193887,130.26632135546254,6.374971060957863,-137.97272524893248,301,0.05647840531561462,0.013910066517655903,-69.49814152400238,316,0.0759493670886076,0.03900629372581179,-68.47458372493008,122.22907007260561,-0.3888546496369719,262,0.3888546496369719,-33.59250141387496,0.03816793893129771,0.00938750829332934,-0.018773881430013583,-6.603711528507263,74.9345196323298,3.6158883842827065,-77.77092992739435,140,0.05714285714285714,0.015242298397829902,-40.565194661148425,122,0.01639344262295082,0.0029242161668349546,-37.20573526624591,38.03001279530929,-0.8098499360234536,878,0.8098499360234536,-28.94707552801806,0.05808656036446469,0.02403616946824957,-0.018883336918256884,-5.366259812906301,153.47003055224437,7.493820578070426,-161.96998720469102,440,0.056818181818181816,0.01414906004681652,-81.91931452323263,438,0.0593607305936073,0.033950847904033916,-80.05067268145838
coinbase_taker,standard,atr2.5,R5,75.38739146275236,-0.6230630426862382,504,0.623410595126413,-20.45318263032247,0.09722222222222222,0.06068033585868258,-0.019350979886793473,-4.912521309782126,115.99021663664706,5.922239722990549,-124.68282662701057,249,0.09236947791164658,0.04720363491791858,-62.19118267541828,255,0.10196078431372549,0.07371900067404401,-62.49164395159228,138.56330583691945,-0.30718347081540276,198,0.30718347081540276,-21.785523440627813,0.09595959595959595,0.04574537326544309,-0.018512126557353945,-6.21458315354261,59.90950234533669,3.0251070417987393,-61.4366941630805,104,0.11538461538461539,0.06721389697474306,-30.32500431557328,94,0.07446808510638298,0.023846823407228372,-31.11168984750723,52.766714645603855,-0.7361664267719807,698,0.7361664267719807,-20.597627222295667,0.0988538681948424,0.059067713418539926,-0.019064150751159654,-5.270880658777766,138.26009977769093,7.043966618160886,-147.2332853543965,350,0.10285714285714286,0.051654336801150634,-73.06668576576617,348,0.09482758620689655,0.06625867588217513,-74.16659958863032
coinbase_taker,unicorn,struct,A,180.37016673014975,-0.0981491663492513,52,0.0981491663492513,-8.536895657425006,0.0,0.0,-0.019845683172267092,-13.142745911375727,17.795985151296104,0.8463033859737192,-19.629833269850234,27,0.0,0.0,-9.935348322496035,25,0.0,0.0,-9.6944849473542,191.8847372807125,-0.04057631359643754,22,0.040577151972051806,-8.232034276706397,0.0,0.0,-0.01881012577560932,-13.517561410314409,7.7620614780290635,0.3333652203371095,-8.115262719287497,10,0.0,0.0,-3.767223166569833,12,0.0,0.0,-4.348039552717662,173.05141028146548,-0.13474294859267255,74,0.13474370468241925,-8.457400936737065,0.0,0.0,-0.019537814757044514,-13.254177546195335,24.796206766104977,1.1469490878449071,-26.9485897185345,37,0.0,0.0,-13.332821675815454,37,0.0,0.0,-13.615768042719049
coinbase_taker,unicorn,struct,B,180.25883590373195,-0.09870582048134025,52,0.09870582048134025,-8.62540108349246,0.0,0.0,-0.019964539218943738,-13.303947620664955,17.78314432225772,0.9879557508998448,-19.741164096268044,27,0.0,0.0,-10.254878976818533,25,0.0,0.0,-9.486285119449505,191.65783964155392,-0.04171080179223041,22,0.04175960308543869,-8.269778939376112,0.0,0.0,-0.019346952716189993,-13.908066449319598,7.754307892217686,0.4307268016972876,-8.342160358446085,10,0.0,0.0,-3.909551709090363,12,0.0,0.0,-4.432608649355722,172.74009532805323,-0.13629952335973383,74,0.13634350768125547,-8.530340075967155,0.0,0.0,-0.019780932420827763,-13.48355051567039,24.772056891709124,1.376167310232298,-27.259904671946796,37,0.0,0.0,-13.778535176748907,37,0.0,0.0,-13.481369495197887
coinbase_taker,unicorn,struct,R3,180.80356664845738,-0.0959821667577131,52,0.0959821667577131,-8.68069126647371,0.019230769230769232,0.00187942923274584,-0.019384627789393743,-13.116156657314361,17.80652328656565,0.8762865263522621,-19.196433351542588,27,0.0,0.0,-10.155314996630297,25,0.04,0.0039820666082226175,-9.041118354912292,191.95913342619065,-0.04020433286904679,22,0.04025312236212386,-8.586351922972412,0.0,0.0,-0.018633790478233953,-13.37694437174053,7.762015525194089,0.37243863941155886,-8.04086657380937,10,0.0,0.0,-3.8138729065996864,12,0.0,0.0,-4.2269936672096815,173.53447987101188,-0.13232760064494054,74,0.13237170721675695,-8.662973139442887,0.013513513513513514,0.0013639245102126526,-0.019161405886075965,-13.1936881399816,24.823523743244603,1.2129776981688045,-26.46552012898806,37,0.0,0.0,-13.603124117916007,37,0.02702702702702703,0.002802353287060814,-12.862396011072057
coinbase_taker,unicorn,struct,R5,179.90642782229946,-0.10046786088850268,52,0.10046786088850268,-8.781521601294159,0.0,0.0,-0.020339666280047443,-13.38010096793732,17.773773208057072,0.9314358020840123,-20.09357217770055,27,0.0,0.0,-10.447933796139008,25,0.0,0.0,-9.645638381561549,191.53038588578397,-0.04234807057108014,22,0.04317973007788989,-8.41728212009109,0.045454545454545456,0.004368088668459514,-0.01964797542806867,-14.018959578119906,7.750398802577892,0.4110743630019717,-8.46961411421604,10,0.0,0.0,-4.022235604864813,12,0.08333333333333333,0.008285880487773017,-4.447378509351225,172.2877377206898,-0.13856131139655103,74,0.13930941585172407,-8.68421218317609,0.013513513513513514,0.0012046959695461226,-0.020134028459188894,-13.57003190609971,24.745506021907147,1.3012104031690717,-27.71226227931023,37,0.0,0.0,-14.06606399379348,37,0.02702702702702703,0.002443423827845029,-13.646198285516753
coinbase_taker,unicorn,atr1.5,A,181.44393805939262,-0.09278030970303686,50,0.09278030970303686,-8.464572022683727,0.0,0.0,-0.01945441955579296,-9.537283428652907,17.156214942099105,0.7538216695615317,-18.556061940607353,25,0.0,0.0,-9.192202542975389,25,0.0,0.0,-9.36385939763197,191.85807781679674,-0.040709610916016326,22,0.0407104491751511,-8.23980367969159,0.0,0.0,-0.018873153255430365,-14.176406330671556,7.762183924839496,0.34296162283785997,-8.141922183203272,10,0.0,0.0,-3.795766112943517,12,0.0,0.0,-4.346156070259755,174.057425937925,-0.12971287031037504,72,0.12971363079556764,-8.407311475033021,0.0,0.0,-0.019276810408459945,-10.954793204269716,24.19822103842006,1.0649632068162387,-25.942574062075003,35,0.0,0.0,-12.63579630039971,37,0.0,0.0,-13.306777761675292
coinbase_taker,unicorn,atr1.5,B,180.912652376342,-0.0954367381182899,51,0.0954367381182899,-8.453670830046153,0.0,0.0,-0.01964728617840151,-9.93941028505169,17.471791311873492,0.9706474871707891,-19.087347623657994,27,0.0,0.0,-10.148267099195037,24,0.0,0.0,-8.939080524462963,191.63232586590792,-0.04183837067046037,22,0.0418871654671682,-8.284644630798375,0.0,0.0,-0.019407341804137442,-14.406192663276396,7.754253834638732,0.4307197354628191,-8.367674134092082,10,0.0,0.0,-3.9303111068019527,12,0.0,0.0,-4.4373630272901305,173.34356176724444,-0.13328219116377782,73,0.13332632914425058,-8.413950061212713,0.0,0.0,-0.019574974175198642,-11.285563878489272,24.486004453993054,1.3602607360378638,-26.656438232755544,37,0.0,0.0,-13.70348213417372,36,0.0,0.0,-12.95295609858182
coinbase_taker,unicorn,atr1.5,R3,183.04213343699914,-0.08478933281500434,48,0.08478933281500434,-8.04114316136329,0.0,0.0,-0.018440135813086567,-8.954009489896011,16.525019746020426,0.7949217542418237,-16.957866563000874,25,0.0,0.0,-9.22576516091374,23,0.0,0.0,-7.7321014020871335,192.1607623177492,-0.03919618841125394,21,0.03919618841125394,-8.575069554757723,0.0,0.0,-0.01902160486560986,-13.54622590271063,7.414947520845549,0.36289834727712555,-7.839237682250799,9,0.0,0.0,-3.541950962872016,12,0.0,0.0,-4.297286719378783,175.86757948760464,-0.12066210256197674,69,0.12066210256197674,-8.210577873146082,0.0,0.0,-0.018617104655158874,-10.351640572056985,23.311258813715217,1.127050192773654,-24.13242051239539,34,0.0,0.0,-12.467396464780377,35,0.0,0.0,-11.665024047615015
coinbase_taker,unicorn,atr1.5,R5,181.81982554105798,-0.09090087229471011,48,0.09090087229471011,-8.282016086040123,0.0,0.0,-0.01983350792346807,-9.312773104146189,16.474205449729048,0.8591474728673132,-18.180174458942034,25,0.0,0.0,-9.704298932033096,23,0.0,0.0,-8.475875526908942,192.5376886797864,-0.037311556601067886,21,0.0377278197322799,-8.153192921978514,0.0,0.0,-0.018089266980123447,-13.067391497948725,7.419485883877733,0.3631614332815212,-7.462311320213585,9,0.0,0.0,-3.4448740799595328,12,0.0,0.0,-4.0174372402540515,175.0358448291865,-0.12482077585406759,69,0.12519920030354825,-8.252627475771805,0.0,0.0,-0.019302651984189265,-10.455483050086091,23.21925359478401,1.1892972150797472,-24.964155170813527,34,0.0,0.0,-12.836030953178872,35,0.0,0.0,-12.128124217634648
coinbase_taker,unicorn,atr2,A,181.7585389662708,-0.09120730516864595,50,0.09150836489024206,-8.287795962298368,0.0,0.0,-0.019108221449332954,-7.097435811427008,17.16630440393707,0.7069985271775466,-18.24146103372922,25,0.0,0.0,-8.728230018478534,25,0.0,0.0,-9.513231015250684,191.72938569447746,-0.041353071527612695,22,0.041353909224470686,-8.228594314241311,0.0,0.0,-0.019177498490546663,-10.763389153031614,7.759557751171256,0.3332541387092849,-8.270614305522567,10,0.0,0.0,-3.8576984029434622,12,0.0,0.0,-4.412915902579106,174.24226510364417,-0.1287886744817791,72,0.1290780454997622,-8.279793566382947,0.0,0.0,-0.019129389434148256,-8.217588221361748,24.21813380332352,1.00985745395886,-25.757734896355828,35,0.0,0.0,-12.234078145936138,37,0.0,0.0,-13.523656750419692
coinbase_taker,unicorn,atr2,B,181.08230111227186,-0.0945884944386407,51,0.0945884944386407,-8.315204333489515,0.0,0.0,-0.01946346376850566,-7.424574706482886,17.469290661039967,0.9706256309381139,-18.91769888772816,27,0.0,0.0,-9.830804498830615,24,0.0,0.0,-9.08689438889755,191.47870261240763,-0.042606486937961874,22,0.042655242618015454,-8.277148955215567,0.0,0.0,-0.01977110123441335,-10.959152234241039,7.75123832381505,0.4305556410872361,-8.521297387592366,10,0.0,0.0,-3.9994865876972723,12,0.0,0.0,-4.521810799895095,173.36702041523577,-0.13316489792382113,73,0.13320904187750315,-8.314444504056052,0.0,0.0,-0.019556176429464143,-8.48978985183466,24.48735102177025,1.3604556621628445,-26.63297958476424,37,0.0,0.0,-13.451985671670068,36,0.0,0.0,-13.180993913094182
coinbase_taker,unicorn,atr2,R3,182.27370082507818,-0.08863149587460906,48,0.08893340889578971,-8.02264183398332,0.020833333333333332,0.0010269089624047923,-0.01931433588508036,-6.9553977318419085,16.497351025719706,0.8222181175194956,-17.72629917492182,25,0.0,0.0,-9.26046065542123,23,0.043478260869565216,0.002147793238560967,-8.46583851950059,192.14166670402386,-0.039291666479880694,21,0.03939803150358723,-8.42912474578956,0.0,0.0,-0.01906826810998583,-10.170584001437435,7.413513903737186,0.36284184657039914,-7.858333295976151,9,0.0,0.0,-3.6076784008681257,12,0.0,0.0,-4.250654895108025,175.11186336420562,-0.12444068317897194,69,0.12482763915397954,-8.150662854515442,0.014492753623188406,0.000731620711677815,-0.019239445692660284,-7.93393268345794,23.25379410248145,1.1529007484624547,-24.888136635794353,34,0.0,0.0,-12.548385122985897,35,0.02857142857142857,0.0014745142321040804,-12.339751512808457
coinbase_taker,unicorn,atr2,R5,182.21968204957545,-0.0889015897521227,47,0.08920341329812598,-7.961019771455122,0.06382978723404255,0.006648609102568901,-0.019787344174913332,-7.0978220452029115,16.13621864180645,0.8403544068804667,-17.780317950424525,25,0.04,0.0023221442523343517,-9.401022344916077,22,0.09090909090909091,0.011458170475785375,-8.379295605508451,192.0370833351921,-0.03981458332403942,21,0.040744112251750786,-7.97302843135235,0.047619047619047616,0.007033439796589469,-0.019326160103856897,-10.288281531562477,7.414305369503983,0.382513295133133,-7.962916664807909,9,0.0,0.0,-3.472335761004596,12,0.08333333333333333,0.012404574348718089,-4.490580903803312,174.96468133533264,-0.12517659332333675,68,0.1263130116652187,-7.975456044035847,0.058823529411764705,0.006760160123114875,-0.0196449196823812,-8.083111004225719,22.89138047705383,1.1888616619749413,-25.035318664667344,34,0.029411764705882353,0.0017384710918873546,-12.564661936614216,34,0.08823529411764706,0.01176886561631224,-12.470656728053124
coinbase_taker,unicorn,atr2.5,A,181.53035699489135,-0.09234821502554325,50,0.09264889679295263,-8.270893808700064,0.0,0.0,-0.019358873128266577,-5.746302992987015,17.154744089848798,0.6780389533314799,-18.469643005108612,25,0.0,0.0,-8.831748799048508,25,0.0,0.0,-9.637894206060103,191.96645776140926,-0.0401677111929537,22,0.040168549925618025,-8.143411330860916,0.0,0.0,-0.01861663173913965,-8.41119459236297,7.758141996271565,0.30390434550633466,-8.033542238590751,10,0.0,0.0,-3.7804559027160645,12,0.0,0.0,-4.253086335874688,174.23869804236676,-0.1288065097881662,72,0.12909587488218954,-8.243947573599185,0.0,0.0,-0.01913207714825557,-6.560575426129668,24.196435520849978,0.9538782749917987,-25.7613019576332,35,0.0,0.0,-12.263086347165965,37,0.0,0.0,-13.498215610467234
coinbase_taker,unicorn,atr2.5,B,181.1822291293963,-0.0940888543530185,51,0.0940888543530185,-8.213680972176803,0.0,0.0,-0.019355232375474953,-5.867754321205985,17.476512474177408,0.9710700177166375,-18.817770870603677,27,0.0,0.0,-9.694052337303765,24,0.0,0.0,-9.123718533299918,191.73542039252192,-0.04132289803739042,22,0.04137171908476578,-8.20013773195336,0.0,0.0,-0.019163027014359037,-8.555966968578149,7.750142247491082,0.4304777061097819,-8.264579607478089,10,0.0,0.0,-3.9065932170072206,12,0.0,0.0,-4.357986390470868,173.6952543488951,-0.1315237282555245,73,0.13156795578648384,-8.220961084694135,0.0,0.0,-0.019297307472124953,-6.677900598496226,24.497452716529114,1.361044569634034,-26.304745651104827,37,0.0,0.0,-13.233078674099499,36,0.0,0.0,-13.07166697700533
coinbase_taker,unicorn,atr2.5,R3,181.92113537697705,-0.09039432311511475,48,0.09069565215682318,-8.193466663058343,0.0,0.0,-0.01971639060969842,-5.508955665577781,16.473440706485803,0.8117364187897951,-18.078864623022938,25,0.0,0.0,-9.184465056424054,23,0.0,0.0,-8.894399566598883,192.66346296227698,-0.03668268518861506,21,0.03709922024163648,-7.90234214288598,0.0,0.0,-0.017778038874012143,-7.748670388656602,7.416121952761492,0.3436196765348558,-7.336537037723021,9,0.0,0.0,-3.323947363401131,12,0.0,0.0,-4.012589674321892,175.247779638788,-0.12376110180606004,69,0.12443013442413464,-8.117172665383894,0.0,0.0,-0.019126457472750432,-6.19060797260177,23.21918733518828,1.1242948272552478,-24.752220361212014,34,0.0,0.0,-12.207946447840271,35,0.0,0.0,-12.544273913371748
coinbase_taker,unicorn,atr2.5,R5,182.34340406962573,-0.08828297965187137,46,0.08858500812754189,-7.912424943533804,0.06521739130434782,0.02265989042837885,-0.02006859766596801,-5.693206759418959,15.796197709285652,0.8212344932582161,-17.656595930374277,25,0.04,0.011583226198918571,-9.5745608832347,21,0.09523809523809523,0.03546504982363625,-8.082035047139573,192.77014616288594,-0.036149269185570265,19,0.036149269185570265,-7.704165558681948,0.05263157894736842,0.009396853511085325,-0.019356962303548785,-8.492870313588245,6.709459331740595,0.3437360729500216,-7.22985383711406,8,0.125,0.021872482759080727,-3.066970968098091,11,0.0,0.0,-4.16288286901597,175.7518232716996,-0.12124088364150198,65,0.12153199400850379,-7.860193788947311,0.06153846153846154,0.01908976864382134,-0.019860581175414702,-6.511569952176135,21.913325979367126,1.1346245214743766,-24.248176728300383,33,0.06060606060606061,0.013927833950390763,-12.370770515763304,32,0.0625,0.024408973829002003,-11.877406212537082
coinbase_maker_like,standard,struct,A,68.99192488139659,-0.6550403755930171,724,0.6558813046980625,-27.86971886520587,0.04281767955801105,0.03783865640898198,-0.014699992483987886,-10.145955251426631,124.55977341816924,5.769311857670827,-131.07232502032159,359,0.036211699164345405,0.031883898256691315,-65.58260900340963,365,0.049315068493150684,0.043728900570683626,-65.48971601691196,127.98427753077705,-0.3600786123461147,309,0.3600786123461147,-28.778212359986043,0.03559870550161812,0.035783802170671834,-0.014433778112266083,-12.278576768383296,69.47494008610289,3.202973666856841,-72.01572246922291,162,0.037037037037037035,0.05936935924768332,-37.11191098137989,147,0.034013605442176874,0.009373246867056864,-34.90381148784301,44.15710016326119,-0.779214499183694,1032,0.7795494920104302,-28.23995921017773,0.040697674418604654,0.03752945678051788,-0.014623819507846397,-10.791130579021193,148.43320789494624,6.869229969000946,-155.84289983673904,520,0.03653846153846154,0.036517063205386995,-78.31068039922033,512,0.044921875,0.03854985784192534,-77.53221943751873
coinbase_maker_like,standard,struct,B,66.96170748115553,-0.6651914625942223,745,0.6655001166986518,-29.095658356853882,0.03758389261744966,0.03818700516002011,-0.01468617963145361,-10.119874852772135,126.67758632829319,6.782720316628756,-133.10065174612987,367,0.0326975476839237,0.03179970344022837,-66.34473180537199,378,0.042328042328042326,0.04445200957569721,-66.75591994075788,126.65248347712978,-0.3667375826143511,314,0.3667375826143511,-30.142658586714948,0.03503184713375796,0.03306491927423496,-0.014536860993427908,-12.429149235834707,70.29196870740519,3.7662573473979353,-73.34751652287027,163,0.03680981595092025,0.0584417307602683,-37.19433297958021,151,0.033112582781456956,0.0054890213974664506,-36.153183543290055,42.41557812156205,-0.7879221093921898,1058,0.7879221093921898,-29.505646191601542,0.036862003780718335,0.03741086329202,-0.014644441989150632,-10.811370343220846,150.12428347346915,8.042366439396407,-157.5844218784377,529,0.034026465028355386,0.03614638187346837,-78.72089742157485,529,0.03969754253308128,0.03866975342920641,-78.86352445686285
coinbase_maker_like,standard,struct,R3,62.48067794500264,-0.6875966102749869,858,0.687800065464843,-36.53943833674397,0.06293706293706294,0.021970935264104558,-0.013548244548479542,-8.918983265058369,132.05365200393203,5.6843268000272404,-137.51932205499736,416,0.05048076923076923,0.018159729985760195,-68.9541973544794,442,0.0746606334841629,0.02577404305342411,-68.56512470051797,116.87760332925525,-0.41561198335372374,389,0.41561198335372374,-41.73246412181138,0.015424164524421594,0.0030397109492314887,-0.013798479426684732,-11.475403952371064,78.3695412356808,3.4034636969795047,-83.12239667074488,208,0.014423076923076924,0.003928161102331594,-44.58820144802373,181,0.016574585635359115,0.002009698706544131,-38.53419522272115,36.5129594629949,-0.8174352026850256,1247,0.8174572504942663,-38.12654731977835,0.048115477145148355,0.019012139851964545,-0.013626304987630962,-9.716455315872032,156.53656233715301,6.747580395769667,-163.48704053700536,624,0.038461538461538464,0.01579645864149071,-82.88370262858382,623,0.05778491171749599,0.022296956617195645,-80.60333790842152
coinbase_maker_like,standard,struct,R5,68.52917974115503,-0.6573541012942248,760,0.6577919309846361,-30.84433968231051,0.09078947368421053,0.045934095877246936,-0.014091828451841037,-9.458525034006538,124.7367280490081,5.855293209583866,-131.53463922129242,367,0.07084468664850137,0.03348937997449034,-65.6088496875837,393,0.10941475826972011,0.058004841854265576,-65.92578953370872,121.85922443599746,-0.3907038778200127,353,0.3907038778200127,-37.77698870152801,0.06515580736543909,0.018932140607976104,-0.014023568468244317,-11.710730875009268,74.13750069637665,3.4612309230450133,-78.1407755640025,187,0.08021390374331551,0.023754056065280513,-40.77944733963652,166,0.04819277108433735,0.013614412904737637,-37.36132822436596,41.74641276908676,-0.7912679361545663,1112,0.7913422941419912,-32.795910329917646,0.08273381294964029,0.041485614314429355,-0.014076211838098644,-10.180198473039724,150.0383446609277,7.039314455175088,-158.2535872309133,553,0.07414104882459313,0.031813933651793566,-79.5285907690915,559,0.09123434704830054,0.051061780979972854,-78.7249964618218
coinbase_maker_like,standard,atr1.5,A,72.30422493813099,-0.6384788753093451,694,0.6393593079610115,-26.449299122276177,0.0446685878962536,0.05025277563683916,-0.014659484569640762,-7.000898333449031,121.76408150993137,5.405826043739506,-127.76310959926661,348,0.040229885057471264,0.04763995597159346,-63.75401290676309,346,0.049132947976878616,0.05284097067969554,-64.00909669250353,130.58794676420456,-0.34706026617897723,292,0.34706026617897723,-29.06882669633675,0.03424657534246575,0.03844194904162236,-0.014584775078726235,-8.807697182650696,66.36896870082815,3.015120215924151,-69.41205323579543,155,0.03870967741935484,0.062084040997567376,-35.98733937983999,137,0.029197080291970802,0.011617610798596233,-33.42471385595544,47.215297588856686,-0.7639235120557166,985,0.764281137279202,-27.240198765964987,0.0416243654822335,0.04835619105675991,-0.014641694422661299,-7.538520411910115,145.65892992442755,6.4905484435496765,-152.7847024111431,502,0.0398406374501992,0.05016596833813809,-76.69058676676862,483,0.043478260869565216,0.04652523637374115,-76.09411564437447
coinbase_maker_like,standard,atr1.5,B,70.24196568756533,-0.6487901715621733,715,0.6491139457284574,-27.199108857946467,0.04055944055944056,0.05096117569125517,-0.014633181740159215,-7.014176223261277,124.00623938612931,6.6398220419131455,-129.8234483358824,356,0.03932584269662921,0.04867442339754664,-64.2561513297444,359,0.04178272980501393,0.053191558971061884,-65.56729700613802,130.19723811604803,-0.3490138094197599,295,0.3490138094197599,-30.104713133333714,0.03728813559322034,0.03801543799043622,-0.01453800496762383,-8.766285397125328,66.92813304935224,3.586018803618111,-69.80276188395203,156,0.038461538461538464,0.06125987715356019,-36.08982964309515,139,0.03597122302158273,0.011821710557783556,-33.71293224085689,45.73554832784703,-0.7713222583607648,1009,0.7713222583607648,-28.026188352663475,0.03964321110009911,0.048951746300388274,-0.014608682370483189,-7.528134185580362,147.4181515373368,7.897766788594707,-154.26445167215275,511,0.03913894324853229,0.05082118539472814,-76.85451142652582,498,0.040160642570281124,0.04708842168204426,-77.40994024562694
coinbase_maker_like,standard,atr1.5,R3,61.993937603397576,-0.6900303119830121,869,0.6903534671991369,-36.03031774782973,0.07710011507479862,0.026584161313338742,-0.013477054883153504,-6.205019051019159,133.02667358931905,5.764641703754775,-138.06379530382293,425,0.06588235294117648,0.015681906138817706,-69.17088338784052,444,0.08783783783783784,0.03729010831192832,-68.8929119159824,120.78722721265613,-0.39606386393671933,366,0.39606386393671933,-45.78245777783803,0.03278688524590164,0.007938274663596331,-0.013766948415256499,-8.297537787218436,75.24682820109408,3.2958967803378245,-79.21277278734372,197,0.04568527918781726,0.012070993954864474,-43.03135352457349,169,0.01775147928994083,0.0029779013388989512,-36.18141926277022,37.4286049339436,-0.812856975330282,1234,0.8128795760384654,-38.50940314966749,0.0640194489465154,0.023820085440330294,-0.013568957070080191,-6.827633532703491,156.25636954709557,6.784384048385775,-162.57139506605654,621,0.05958132045088567,0.015107006634442054,-82.46686683280097,613,0.06851549755301795,0.032630521479851696,-80.10452823325556
coinbase_maker_like,standard,atr1.5,R5,68.1371349049974,-0.659314325475013,758,0.6597496504094956,-31.79479555646087,0.10949868073878628,0.05135528736167636,-0.014204041434593997,-6.317724722887004,123.30110608315375,5.8270713850591065,-131.92631895903867,369,0.08943089430894309,0.03780161947346429,-65.11098310629342,389,0.12853470437017994,0.0642008450484115,-66.81533585274524,128.51369319834782,-0.3574315340082609,321,0.3574315340082609,-37.710837419762065,0.08722741433021806,0.035682451167061265,-0.013765962802053746,-8.32943768379593,69.09208867939529,3.2051560507023513,-71.4863068016522,169,0.07692307692307693,0.04010137337490044,-37.78267601141387,152,0.09868421052631579,0.030680100415051134,-33.70363079023834,43.769005503231284,-0.7811549724838436,1078,0.7812329330784177,-33.314882230507486,0.10296846011131726,0.048959632965657834,-0.014081045155766404,-6.919131939095874,146.7365421325414,6.916959240051168,-156.23099449676914,537,0.0856610800744879,0.03820168267238209,-77.93692540693588,541,0.12014787430683918,0.05943212565065329,-78.29406908983326
coinbase_maker_like,standard,atr2,A,79.15102426987147,-0.6042448786506427,642,0.6052227469601998,-23.411061945462475,0.06386292834890965,0.06358589600251821,-0.014437984357472332,-5.20793974248771,116.56644046461295,4.747698822717343,-120.92268646568162,323,0.05263157894736842,0.054520689108849996,-61.68704838120621,319,0.07523510971786834,0.07284331126890481,-59.23563808447542,132.90267295941496,-0.3354866352029252,278,0.3354866352029252,-27.72145154750291,0.04316546762589928,0.04322006160467895,-0.014687314627789484,-6.684243774691696,63.72056657896792,2.699806788056779,-67.09732704058513,150,0.04,0.06299147008407759,-35.929404392840425,128,0.046875,0.019367078868878715,-31.16792264774471,52.60669435530937,-0.7369665282234532,919,0.7373743456482298,-24.61860883508044,0.05767138193688792,0.060016424006855223,-0.014516966301547325,-5.655819595856121,141.67783500615832,5.810428098923754,-147.3933056446905,472,0.048728813559322036,0.05618114347063874,-75.8205087664221,447,0.06711409395973154,0.06404546739296318,-71.5727968782684
coinbase_maker_like,standard,atr2,B,74.88303962917911,-0.6255848018541045,674,0.6259299686427531,-25.48856666145774,0.05192878338278932,0.05909351539488234,-0.014574242120183751,-5.243217871735646,119.79505595851201,6.413732016226193,-125.18669647319487,334,0.04790419161676647,0.053981901476291574,-62.300895721978534,340,0.05588235294117647,0.06410340506199802,-62.88580075121634,131.7884303352829,-0.34105784832358554,283,0.34105784832358554,-29.565683800907646,0.04240282685512368,0.0401437286448428,-0.01472521346212081,-6.669618945803871,64.64335660680757,3.463437061927512,-68.21156966471708,152,0.039473684210526314,0.061752318842195356,-36.18986441871881,131,0.04580152671755725,0.01449230619126544,-32.02170524599826,49.35725602943032,-0.7532137198528484,956,0.7532137198528484,-26.615823144645315,0.049163179916317995,0.05596642280305952,-0.014621546983300579,-5.666533832766654,143.90021782937066,7.7089950351517444,-150.64274397056982,485,0.04536082474226804,0.055442222322261404,-75.76420986404514,471,0.05307855626326964,0.056496231752767447,-74.87853410652468
coinbase_maker_like,standard,atr2,R3,71.99695713590903,-0.6400152143204549,745,0.6404751994767406,-29.00807579220554,0.12751677852348994,0.051676680002895284,-0.01371251142262218,-4.564565452949387,121.09395548150098,5.277581317379928,-128.0700912531297,363,0.1184573002754821,0.038236443584415726,-63.29300158214859,382,0.13612565445026178,0.06445104641281563,-64.77708967098113,129.76095350580172,-0.3511952324709914,314,0.3511952324709914,-36.220288973043836,0.08917197452229299,0.026199477831114662,-0.013765285899919634,-6.098921233893301,66.57989322857131,2.9232072539143967,-70.23904649419822,172,0.08139534883720931,0.030300546198971233,-38.699004241208954,142,0.09859154929577464,0.02111990871786056,-31.540042252989274,46.6959084693695,-0.7665204576531525,1058,0.7666036315965993,-30.811133054061894,0.11625708884688091,0.04758189331512594,-0.013735579289763917,-5.021589863245437,144.952171390358,6.327711301484311,-153.30409153063079,534,0.10674157303370786,0.03683427499256443,-77.17697023322691,524,0.12595419847328243,0.058235625884377494,-76.12712129740387
coinbase_maker_like,standard,atr2,R5,80.8183390192849,-0.5959083049035755,636,0.5964246494517813,-22.758199920840838,0.13679245283018868,0.0956937561262779,-0.01424483844475469,-4.663422041323596,111.02018467349286,5.247740653421351,-119.25692443144399,315,0.11428571428571428,0.06733556429141856,-60.80004376316903,321,0.1588785046728972,0.12341516678016574,-58.45688066827496,137.43143681824262,-0.31284281590878693,267,0.31284281590878693,-27.235021465193707,0.13108614232209737,0.07223973747685859,-0.014037786865927377,-6.152897178001846,59.574038136072886,2.8061311606803905,-62.5685631817574,146,0.136986301369863,0.08773277249590886,-33.298138656859,121,0.12396694214876033,0.05396236429380039,-29.270424524898395,55.5158081834233,-0.7224209590828835,902,0.7225198428789505,-23.892117034250273,0.1352549889135255,0.0917055688080151,-0.014192825332825416,-5.106363093383795,134.97157897932493,6.379243942277358,-144.48419181657658,460,0.12173913043478261,0.07114023755921264,-74.20344238150184,442,0.1493212669683258,0.11245301194403903,-70.28074943507474
coinbase_maker_like,standard,atr2.5,A,84.11642610746499,-0.579417869462675,607,0.5804570826397939,-21.95024272939947,0.07248764415156507,0.07656728799289737,-0.01426839479718429,-4.133193311637941,113.07732064355285,4.232778252362426,-115.96190874287508,301,0.059800664451827246,0.06035661387488254,-58.96532572056618,306,0.08496732026143791,0.09275957851611022,-56.9965830223089,135.55980434807807,-0.3222009782596096,268,0.3222009782596096,-24.713882561383112,0.04477611940298507,0.06449873818018591,-0.014495098093989581,-5.327504703747949,61.825414912322614,2.4705198411282163,-64.44019565192201,142,0.04225352112676056,0.10433580833961051,-32.833900403729395,126,0.047619047619047616,0.019179719216860156,-31.60629524819261,57.0292029311245,-0.7148539853443775,874,0.7152960869240614,-22.801067435349264,0.06407322654462243,0.07435292686090703,-0.014340543195967956,-4.500236211737963,138.9689553430873,5.265811942175271,-142.97079706887513,442,0.05429864253393665,0.06912173983961994,-72.67763373444087,432,0.07407407407407407,0.07970010218267233,-70.29316333443427
coinbase_maker_like,standard,atr2.5,B,79.8437299629378,-0.600781350185311,640,0.6011493828399883,-24.18071727596182,0.0609375,0.07087904456859496,-0.014346578918606767,-4.144996767807423,116.77908338527621,6.251657407088885,-120.23062586655593,315,0.05396825396825397,0.0591444589740095,-59.99531504303671,325,0.06769230769230769,0.08227947989619783,-60.2353108235192,133.3641359275604,-0.333179320362198,276,0.333179320362198,-27.81094926198697,0.04710144927536232,0.04965089454798802,-0.014667693484396744,-5.352287135771904,63.257799452223644,3.389583890565444,-66.63586407243952,147,0.047619047619047616,0.08055970991123612,-34.35165090650155,129,0.046511627906976744,0.014396061088314125,-32.28421316593798,53.26046183694365,-0.7336976908152817,915,0.7336976908152817,-25.244897218527925,0.05683060109289618,0.06714646244013153,-0.014445047477540758,-4.509782949781287,141.92989184971432,7.603347311333659,-146.73953816305624,461,0.052060737527114966,0.0632879549629513,-73.61116511331636,454,0.06167400881057269,0.07099847282842674,-73.12837304973988
coinbase_maker_like,standard,atr2.5,R3,85.99621656720443,-0.5700189171639778,617,0.5705683429271108,-22.53135929909219,0.17828200972447325,0.09947016550068156,-0.013677838568441453,-3.4997519034381512,108.04287237008768,4.726648984959124,-114.08386886992544,301,0.15282392026578073,0.07326405457241984,-57.75189666896276,316,0.20253164556962025,0.12484157188643188,-56.33197220096268,140.66621651064997,-0.29666891744675017,262,0.29666891744675017,-27.38722151552367,0.13740458015267176,0.059056940923276,-0.01341869598204298,-4.721099968501711,57.58580950011038,2.461241524296731,-59.33378348935004,140,0.1357142857142857,0.0718687675889826,-30.52766320723019,122,0.13934426229508196,0.04508766282357545,-28.806120282119846,60.62285052237925,-0.6968857473881037,878,0.6969937277595369,-23.67746904151479,0.1674259681093394,0.09282761550969901,-0.013579344404696195,-3.860118187069304,132.7060783867181,5.778765568641614,-139.3771494776206,440,0.15,0.07394732273618695,-70.63061770925526,438,0.18493150684931506,0.1114399994797613,-68.74653176836534
coinbase_maker_like,standard,atr2.5,R5,96.68995687996761,-0.516550215600162,504,0.5171679631647255,-17.054563184407982,0.1488095238095238,0.13850901865636217,-0.0144196225056229,-3.628370440711895,95.77237700411538,4.5091284573865735,-103.40008728443797,249,0.14056224899598393,0.12042574039228653,-51.53262869393551,255,0.1568627450980392,0.15575393245548014,-51.867458590502466,153.0210494891341,-0.23489475255432946,198,0.23489475255432946,-18.124834301633637,0.16161616161616163,0.12692017719457332,-0.013505927609502377,-4.575093224005571,46.35469469605944,2.14353773626834,-46.97895051086593,104,0.18269230769230768,0.1709317832090437,-22.43930461396299,94,0.13829787234042554,0.08237687582441157,-24.539645896902936,74.64406964947483,-0.6267796517526258,698,0.626912606476737,-17.125542491137423,0.15472779369627507,0.13833150201252534,-0.014101387966154406,-3.883752658910979,117.80238604176225,5.523189168627763,-125.35593035052543,350,0.15714285714285714,0.13319853127164522,-61.698137995924824,348,0.15229885057471265,0.1432487755544201,-63.657792354600616
coinbase_maker_like,unicorn,struct,A,184.4079961306369,-0.07796001934681551,52,0.07796001934681551,-8.308020648625458,0.019230769230769232,0.0029706485371737246,-0.015595642272424546,-10.209198640444564,13.99105638151519,0.6056005086790645,-15.592003869363115,27,0.037037037037037035,0.005900106759076141,-7.827362008809628,25,0.0,0.0,-7.764641860553487,193.6903534889554,-0.03154823255522299,22,0.03154907824868791,-7.928110783943205,0.0,0.0,-0.014560001025767755,-10.477683744960087,6.0636549022767685,0.22651572660347885,-6.309646511044603,10,0.0,0.0,-2.949256727192022,12,0.0,0.0,-3.3603897838525807,178.5902497836649,-0.10704875108167555,74,0.10704953084486135,-8.205986839719182,0.013513513513513514,0.0021651715948018363,-0.01528774892882388,-10.28901853638161,19.581988630298046,0.814457064854178,-21.40975021633511,37,0.02702702702702703,0.004385509944986564,-10.54669462449103,37,0.0,0.0,-10.863055591844077
coinbase_maker_like,unicorn,struct,B,184.2940922644308,-0.07852953867784607,52,0.07852953867784607,-8.50703837437712,0.0,0.0,-0.015714632516606604,-10.370400349733792,13.97988614050639,0.7489307379504856,-15.705907735569168,27,0.0,0.0,-8.151355612500005,25,0.0,0.0,-7.554552123069163,193.46140436946837,-0.03269297815265815,22,0.03274220543606676,-7.995097802240421,0.0,0.0,-0.015096860400890132,-10.868188783965275,6.057478605185876,0.3244305266866778,-6.5385956305316535,10,0.0,0.0,-3.0925260129816077,12,0.0,0.0,-3.446069617550046,178.26896953236576,-0.10865515233817125,74,0.10870051382572332,-8.363588549313699,0.0,0.0,-0.015530970536258465,-10.518391505856666,19.561673745276096,1.0478838850434478,-21.731030467634202,37,0.0,0.0,-11.00102698433293,37,0.0,0.0,-10.730003483301266
coinbase_maker_like,unicorn,struct,R3,185.79447404089495,-0.07102762979552524,52,0.07135789314758012,-8.240112683077477,0.038461538461538464,0.0146506509511806,-0.014155987787151521,-9.55463289889632,13.10917181370305,0.5794189405455197,-14.205525959105032,27,0.037037037037037035,0.0017191307287253677,-7.575200103471156,25,0.04,0.029020954076078298,-6.630325855633875,194.25941055652854,-0.028702947217357333,22,0.029160178034177586,-8.054581877513938,0.045454545454545456,0.007429109149660926,-0.013226976784179107,-9.308796926748478,5.598525167541872,0.23660071714040876,-5.74058944347147,10,0.0,0.0,-2.830617752503196,12,0.08333333333333333,0.014550479688530009,-2.9099716909682734,180.46162505922248,-0.09769187470388763,74,0.09811662949951971,-8.19397597263918,0.04054054054054054,0.012690033961431271,-0.01387979532680837,-9.481546528798315,18.310047008243828,0.799214469539524,-19.53837494077751,37,0.02702702702702703,0.0012767104118122468,-10.204765786156917,37,0.05405405405405406,0.024873790490268975,-9.333609154620596
coinbase_maker_like,unicorn,struct,R5,184.40266218642472,-0.07798668906787642,52,0.07798668906787642,-8.443904066097751,0.038461538461538464,0.0077865829040505135,-0.0156005114829896,-10.101421014924272,13.530074693222016,0.6639360011871381,-15.59733781357526,27,0.0,0.0,-8.11457805829999,25,0.08,0.016094733073962114,-7.4827597552752705,193.49591492591344,-0.03252042537043276,22,0.03376235129390892,-7.753276647691348,0.045454545454545456,0.029852165670358144,-0.01501454292581313,-10.735800222144034,5.900531248417374,0.29509908214091735,-6.50408507408656,10,0.0,0.0,-3.1229679738252836,12,0.08333333333333333,0.055884218601602434,-3.381117100261275,178.40580917268196,-0.10797095413659019,74,0.10911602636922679,-8.24189647283078,0.04054054054054054,0.014014381126923766,-0.015426304614639839,-10.290020238692309,18.970443045833775,0.9360212829649158,-21.594190827318016,37,0.0,0.0,-10.993996099781626,37,0.08108108108108109,0.028140380959501384,-10.600194727536389
coinbase_maker_like,unicorn,atr1.5,A,185.34777651941,-0.07326111740295005,50,0.07326111740295005,-8.238758161537291,0.02,0.003176433320423432,-0.015204356407931835,-7.4343718747757785,13.481999623872142,0.5206955198783207,-14.65222348059002,25,0.04,0.006417516902587029,-7.228728028034879,25,0.0,0.0,-7.4234954525551435,193.66344701786772,-0.031682764910661354,22,0.03168361048664681,-7.942149277055316,0.0,0.0,-0.014623046288511889,-11.015998104015797,6.063687961857931,0.23619100593905282,-6.336552982132278,10,0.0,0.0,-2.9780193237845074,12,0.0,0.0,-3.3585336583477705,179.47544648923176,-0.10262276755384125,72,0.10262355118198496,-8.159143192100064,0.013888888888888888,0.0022696789640922004,-0.015026733871442408,-8.528757667043562,19.10145503006155,0.739582908801752,-20.5245535107683,35,0.02857142857142857,0.004652604739623239,-9.988574328511357,37,0.0,0.0,-10.535979182256941
coinbase_maker_like,unicorn,atr1.5,B,184.88362086223563,-0.0755818956888219,51,0.0755818956888219,-8.316228703713467,0.0,0.0,-0.015397448616367077,-7.774367515480688,13.732199437778613,0.7356516436195539,-15.11637913776437,27,0.0,0.0,-8.036355768826683,24,0.0,0.0,-7.080023368937689,193.43565741139392,-0.03282171294303038,22,0.0328709336749885,-8.01729843812167,0.0,0.0,-0.015157258982633955,-11.245784436620637,6.057402641425467,0.32442206318355427,-6.564342588606088,10,0.0,0.0,-3.113474781122848,12,0.0,0.0,-3.450867807483242,178.81542373042726,-0.10592288134786376,73,0.10596838188359325,-8.23566248393426,0.0,0.0,-0.015325062699351615,-8.82054795746807,19.33177210461466,1.0355532722644163,-21.184576269572737,37,0.0,0.0,-10.914508223812922,36,0.0,0.0,-10.270068045759816
coinbase_maker_like,unicorn,atr1.5,R3,187.85407431426856,-0.060729628428657256,48,0.060881937779919015,-7.298203361532861,0.0625,0.0101906923734061,-0.013041474169559348,-6.444466410395962,12.007962266257337,0.5094301249552086,-12.14592568573141,25,0.04,0.0009101709274571599,-6.77034845028477,23,0.08695652173913043,0.02163669682699205,-5.37557723544664,194.29813305104327,-0.028509334744783676,21,0.02871357645300765,-8.004877977327174,0.0,0.0,-0.013762087605718957,-9.30687380067559,5.403284936496104,0.23666593357493443,-5.701866948956727,9,0.0,0.0,-2.722355898668865,12,0.0,0.0,-2.979511050287863,182.4984796264716,-0.08750760186764195,69,0.08769944005281582,-7.51684814328663,0.043478260869565216,0.00709438846391233,-0.013260791302303577,-7.3156338770028055,17.08310771626587,0.7317234243224161,-17.501520373528354,34,0.029411764705882353,0.0006608194867676919,-9.327376686776912,35,0.05714285714285714,0.014335171843581277,-8.174143686751442
coinbase_maker_like,unicorn,atr1.5,R5,186.0461941933892,-0.06976902903305404,48,0.06976902903305404,-7.78380130399777,0.041666666666666664,0.015527104740256184,-0.015053870331377756,-7.012280528816606,12.494237055538429,0.6083382861843406,-13.953805806610779,25,0.0,0.0,-7.499649051897479,23,0.08695652173913043,0.032974470047904283,-6.454156754713301,194.678107678052,-0.026609461609740093,21,0.027436963963531902,-7.293872128371138,0.14285714285714285,0.03515370591208272,-0.012831757024993676,-8.829254753056542,5.406919423586305,0.2368726042948071,-5.321892321948019,9,0.1111111111111111,0.01951104348938779,-2.624159800562973,12,0.16666666666666666,0.04989818738550592,-2.6977325213850465,181.09560513136196,-0.09452197434319021,69,0.0952917426612353,-7.648045396071345,0.07246376811594203,0.02074358403329934,-0.014377574977260861,-7.565272684020065,17.523920960881153,0.828684518872968,-18.90439486863802,34,0.029411764705882353,0.004862771149174558,-9.940723771147598,35,0.11428571428571428,0.03777298587199902,-8.963671097490419
coinbase_maker_like,unicorn,atr2,A,185.6691616134579,-0.0716541919327105,50,0.07235613261550411,-7.9557741830593445,0.04,0.005729642231884803,-0.014857994647762022,-5.52025214601917,13.491210480550285,0.47322893115608283,-14.330838386542109,25,0.08,0.012074530976288285,-6.7569160473654435,25,0.0,0.0,-7.573922339176667,193.53360040092903,-0.0323319979953548,22,0.03233284300440209,-7.931814881367605,0.0,0.0,-0.014927388706190292,-8.393082983039825,6.0616409143955785,0.22643553638615305,-6.466399599070965,10,0.0,0.0,-3.040512438977551,12,0.0,0.0,-3.4258871600934135,179.66610665237235,-0.10166946673813826,72,0.10234949614364353,-7.958415778533491,0.027777777777777776,0.004044956031753588,-0.014879198387837324,-6.398061568442149,19.118509413438588,0.6834394121576362,-20.333893347627644,35,0.05714285714285714,0.008547143207509074,-9.579563024466703,37,0.0,0.0,-10.754330323160938
coinbase_maker_like,unicorn,atr2,B,185.05703713240183,-0.07471481433799088,51,0.07471481433799088,-8.12038186189786,0.0196078431372549,0.002496037716952667,-0.015213501904385751,-5.8007926293046355,13.73122202802816,0.7357270100533572,-14.942962867598172,27,0.037037037037037035,0.004824696090872498,-7.712636427495387,24,0.0,0.0,-7.230326440102784,193.28065821544624,-0.03359670892276878,22,0.033645890214357044,-8.012049617745326,0.0,0.0,-0.015521009690647862,-8.588846064249251,6.055071253124694,0.3243008457481876,-6.719341784553758,10,0.0,0.0,-3.1833262960279494,12,0.0,0.0,-3.536015488525809,178.83972972175454,-0.10580135139122726,73,0.10584685811174577,-8.0968258902883,0.0136986301369863,0.0017639459449663014,-0.015306175483807208,-6.641027911068766,19.333889756672335,1.0357977783218155,-21.160270278245495,37,0.02702702702702703,0.0034960016333421104,-10.658121090338364,36,0.0,0.0,-10.502149187907127
coinbase_maker_like,unicorn,atr2,R3,186.829338506739,-0.06585330746630502,48,0.06655963431292655,-7.3197169214248365,0.10416666666666667,0.02867157833006105,-0.014178837054904666,-5.145632924238914,12.212493233749884,0.5517191963633332,-13.17066149326102,25,0.08,0.015804078196804277,-6.804410491782345,23,0.13043478260869565,0.04205782010661856,-6.366251001478674,194.27833787429105,-0.028608310628544742,21,0.02912342210952712,-7.702196017823134,0.09523809523809523,0.00975763133154324,-0.013809767601276078,-6.991525683839869,5.402344067283382,0.23664055178158044,-5.721662125708941,9,0.1111111111111111,0.0006590421283133441,-2.7886318744080043,12,0.08333333333333333,0.01825595544133749,-2.9330302513009383,181.4844667562127,-0.09257766621893648,69,0.09374461209690255,-7.437551495872092,0.10144927536231885,0.023286289357109854,-0.014066511569017703,-5.707426372813118,17.259075076131687,0.7727761851294453,-18.515533243787342,34,0.08823529411764706,0.011657322690316252,-9.409401733954622,35,0.11428571428571428,0.03501852149668922,-9.10613150983272
coinbase_maker_like,unicorn,atr2,R5,186.37810152132042,-0.06810949239339792,47,0.06881411329383602,-7.14249927658464,0.1276595744680851,0.05013311265055356,-0.014993703970477017,-5.374642071057588,12.225078255008816,0.5938815460236839,-13.62189847867956,25,0.16,0.040262629581288005,-7.104736478237902,22,0.09090909090909091,0.060664754409230644,-6.517162000441657,194.00850848841213,-0.029957457557939327,21,0.03129877281243265,-7.106743400657977,0.09523809523809523,0.05609556684413757,-0.014469837251972463,-7.275033751657526,5.558429117133525,0.26613406296838416,-5.991491511587874,9,0.1111111111111111,0.04885119880648578,-2.6514635519945227,12,0.08333333333333333,0.06176836942980734,-3.340027959593351,180.79468745526614,-0.09602656272366927,68,0.09795908880799586,-7.1414926877290155,0.11764705882352941,0.05187428360253351,-0.014831921601527076,-5.961527737125216,17.40492558646969,0.8418893530546988,-19.20531254473383,34,0.14705882352941177,0.04249362214215904,-9.575610193606483,34,0.08823529411764706,0.06102175192254672,-9.629702351127348
coinbase_maker_like,unicorn,atr2.5,A,185.43617464587726,-0.07281912677061375,50,0.07352018662306548,-7.940467763953744,0.04,0.005631813825286632,-0.0151086406823602,-4.4845560606607355,13.48213793615199,0.4441247047692482,-14.563825354122736,25,0.08,0.011876412673763718,-6.862818566546278,25,0.0,0.0,-7.701006787576459,193.77278079649747,-0.03113609601751266,22,0.031136942070872586,-7.750218354704872,0.0,0.0,-0.0143665704741934,-6.514949656369589,6.060372615738493,0.19694517718701132,-6.227219203502543,10,0.0,0.0,-2.962528871586597,12,0.0,0.0,-3.2646903319159444,179.66241610698296,-0.10168791946508515,72,0.1023679349020159,-7.894221678149911,0.027777777777777776,0.0040394228855630595,-0.014881897007642567,-5.104954103793996,19.101199510107868,0.6267285061318175,-20.337583893017026,35,0.05714285714285714,0.008510566444487017,-9.609618672671207,37,0.0,0.0,-10.727965220345823
coinbase_maker_like,unicorn,atr2.5,B,185.15915494885766,-0.07420422525571169,51,0.07420422525571169,-7.981354020736129,0.0196078431372549,0.0025136105103432736,-0.015105228443119642,-4.56872865946337,13.737251323352837,0.7360962502432543,-14.84084505114231,27,0.037037037037037035,0.0049127792452707065,-7.575015662748958,24,0.0,0.0,-7.265829388393353,193.53966367795172,-0.032301681610241384,22,0.032350928807147294,-7.8400471571413135,0.0,0.0,-0.01491297749534865,-6.659722032584764,6.054076713520288,0.32422913369415685,-6.4603363220482715,10,0.0,0.0,-3.0896182549844964,12,0.0,0.0,-3.3707180670637746,179.17820287847834,-0.10410898560760828,73,0.10415457845442189,-7.949532944919406,0.0136986301369863,0.0017928835685668677,-0.01504728980132564,-5.198891045883517,19.342089964707704,1.0362662122663058,-20.821797121521655,37,0.02702702702702703,0.0035709856027608244,-10.435371188786426,36,0.0,0.0,-10.38642593273523
coinbase_maker_like,unicorn,atr2.5,R3,186.5490610536769,-0.0672546947316155,48,0.06795996196152387,-7.288541251748502,0.10416666666666667,0.028384320440187717,-0.01449044222653271,-4.006444861797916,12.120337187469666,0.5367775599780693,-13.450938946323081,25,0.12,0.02534276745213408,-6.647009726475614,23,0.08695652173913043,0.031337450088153126,-6.803929219847468,194.97146643255587,-0.025142667837220634,21,0.025971417147143128,-6.660719444912247,0.19047619047619047,0.04883032068624492,-0.01211441581768492,-5.073751005106813,5.248509356854189,0.2074448700776481,-5.0285335674441205,9,0.2222222222222222,0.04589860076531544,-2.4182767459532,12,0.16666666666666666,0.05153038511900365,-2.6102568214909208,181.8587199762589,-0.09070640011870557,69,0.09216636258726019,-7.112891520887635,0.13043478260869565,0.03375432218209962,-0.013767303754274693,-4.331277166283232,17.015859649732594,0.7302707886450056,-18.141280023741068,34,0.14705882352941177,0.030634259984787506,-8.902646008103169,35,0.11428571428571428,0.03674197112054389,-9.2386340156379
coinbase_maker_like,unicorn,atr2.5,R5,186.42506126352328,-0.06787469368238364,46,0.06857949211878522,-6.968990853074449,0.13043478260869565,0.074976473145646,-0.015263307668709456,-4.3073334836126,11.955092943014176,0.5792371409712456,-13.574938736476746,25,0.16,0.06159378867190707,-7.27972003157602,21,0.09523809523809523,0.0899838680466794,-6.2952187049007255,194.50196186718307,-0.027490190664084646,19,0.027516615352468965,-6.964702782013683,0.10526315789473684,0.04688932829556161,-0.01465685845868904,-6.490307786538097,5.082232767758662,0.2416323708808868,-5.498038132816955,8,0.125,0.09229503435059323,-2.3244697835244574,11,0.09090909090909091,0.010640333116992058,-3.173568349292498,181.30020078482534,-0.09349899607587331,65,0.09420903196555408,-6.972392796002893,0.12307692307692308,0.06744493202821038,-0.015086037899626566,-4.945433664467744,16.692370718438642,0.8044687886948438,-18.699799215174682,33,0.15151515151515152,0.06881777717837269,-9.446417140569798,32,0.09375,0.06603926609352859,-9.253382074604886
low_fee_venue_reference,standard,struct,A,180.68164704366131,-0.0965917647816934,724,0.10883077107094608,-5.200755298919326,0.13397790055248618,0.5332139238281323,-0.0014012862522665745,-0.8832851873803846,9.609536187634154,8.912484560088332,-19.331987739974988,359,0.13649025069637882,0.47255131220994945,-10.608626492558706,365,0.13150684931506848,0.5904908610637698,-8.723361247416282,193.11183249945415,-0.034440837502729194,309,0.03920625021754576,-4.27834900553518,0.14563106796116504,0.573748897601971,-0.0011314347191033127,-0.6944400606559489,4.229291126650239,3.9049827626922404,-6.888167500545809,162,0.14814814814814814,0.6769774239134859,-2.7212539132430833,147,0.14285714285714285,0.46132840021024407,-4.166913587302726,174.40602467401254,-0.1279698766299373,1032,0.1363615548340471,-4.965965430070753,0.13662790697674418,0.5424479753764516,-0.0013240500119308836,-0.8285454872519702,13.416485623609368,12.425674830807823,-25.593975325987383,520,0.13846153846153847,0.5259303121287323,-13.1073292269106,512,0.134765625,0.5585921152661941,-12.486646099076784
low_fee_venue_reference,standard,struct,B,180.3352701060222,-0.09832364946988903,745,0.10915922205405237,-5.336101880880351,0.1261744966442953,0.5288995702256354,-0.0013874581566189507,-0.8776559612116411,9.886119605030274,10.582646947842965,-19.678338538962542,367,0.1226158038147139,0.4672806221440131,-10.768013045597193,378,0.12962962962962962,0.5866757328750914,-8.910325493365347,192.38668821222004,-0.038066558938899764,314,0.04303421133784302,-4.953332532114848,0.1464968152866242,0.5372990741120747,-0.0012333162762855803,-0.7930441493454302,4.29176349004992,4.598992876115226,-7.61331178777992,163,0.15337423312883436,0.6883830948509703,-2.623392932434012,151,0.1390728476821192,0.37900948502490267,-4.989918855345907,173.43391819033832,-0.13283040904830845,1058,0.140763255467799,-5.258006266609651,0.1323251417769376,0.5299863448277995,-0.0013443068000724562,-0.853989150077632,13.742445229387545,14.724097327786616,-26.566081809661608,529,0.1323251417769376,0.5253527693150805,-13.157414011137131,529,0.1323251417769376,0.5344459896831024,-13.408667798524476
low_fee_venue_reference,standard,struct,R3,180.77821981263526,-0.09610890093682367,858,0.09848401544555663,-6.936639619611976,0.2505827505827506,0.6044971755036386,-0.0011758292252581014,-0.7760068931495767,10.214019484468352,9.187233422774563,-19.22178018736477,416,0.2403846153846154,0.5362454972883791,-10.848672348345021,442,0.26018099547511314,0.667835714134138,-8.373107839019749,189.3717214985777,-0.05314139250711147,389,0.05314139250711147,-12.178906590540626,0.2442159383033419,0.4526956154295232,-0.001402820392817837,-1.0178230112821711,4.74129814611923,4.287262375820367,-10.628278501422368,208,0.2403846153846154,0.47828112775441406,-5.517015797917041,181,0.24861878453038674,0.42210542258537015,-5.111262703505329,171.17141347683517,-0.14414293261582412,1247,0.14552566222866326,-8.107027400050374,0.24859663191659984,0.5642188472038945,-0.0012466388196291818,-0.8514411112358473,14.499636676750262,13.062451723627039,-28.828586523164965,624,0.2403846153846154,0.5194315513390467,-15.835453821473163,623,0.2568218298555377,0.6086678256017699,-12.993132701691803
low_fee_venue_reference,standard,struct,R5,179.9132259008416,-0.100433870495792,760,0.10554552330743439,-6.09368976949681,0.1631578947368421,0.582780245496804,-0.0013911116903073813,-0.887221250404946,9.399037596859877,9.06084950052319,-20.100350895410894,367,0.16348773841961853,0.5029526436622692,-11.39955733905105,393,0.1628498727735369,0.6553095742005636,-8.700793556359846,190.66974351241703,-0.04665128243791483,353,0.04798022643260236,-8.270886001907478,0.16997167138810199,0.5162845537870813,-0.001351987282552713,-1.0460326912841202,4.469834527669172,4.286863793384372,-9.330256487583004,187,0.18181818181818182,0.5976033860884616,-4.095507518656282,166,0.1566265060240964,0.4254436832570522,-5.23474896892672,171.40434497535782,-0.14297827512321093,1112,0.1464995416149436,-6.649045038635051,0.164568345323741,0.5634984897710749,-0.001385334176615586,-0.9405092024251128,13.404591406367174,12.910042223721545,-28.595655024642255,553,0.16817359855334538,0.5265012891149006,-15.189035039817721,559,0.16100178890876565,0.5989968830872796,-13.406619984824532
low_fee_venue_reference,standard,atr1.5,A,181.95212039850844,-0.09023939800745784,694,0.10099811455088603,-4.394300504690197,0.14985590778097982,0.5840439528265098,-0.0013601171701224694,-0.6076994120960849,9.250735436064868,8.209010792142385,-18.061610258890408,348,0.14942528735632185,0.5530569731592985,-9.443161118184376,346,0.15028901734104047,0.6134112871735564,-8.61844914070603,192.63635844680576,-0.03681820776597122,292,0.04044551473970648,-4.571105727880084,0.15753424657534246,0.5548429421260737,-0.0012817111852014616,-0.6412905555985087,3.997872296097296,3.637268798537524,-7.363641553194258,155,0.16774193548387098,0.6755226301312484,-2.784768889277806,137,0.145985401459854,0.42471776992623167,-4.578872663916453,175.1878666098819,-0.12406066695059048,985,0.13150428192248187,-4.467920078477525,0.15126903553299492,0.5751668388843958,-0.001341263482111753,-0.6187486270904287,12.873725803684351,11.503186032212685,-24.81213339011817,502,0.15338645418326693,0.5833548123668048,-12.029553760559805,483,0.14906832298136646,0.5671617398205703,-12.782579629558363
low_fee_venue_reference,standard,atr1.5,B,181.77519449126694,-0.09112402754366533,715,0.10064986374135543,-4.378644788556184,0.14545454545454545,0.5836270332929374,-0.0013336034390281715,-0.6134738538121537,9.532053982014446,10.20362298917388,-18.238522814767762,356,0.1404494382022472,0.5603988947189682,-9.340493196331513,359,0.15041782729805014,0.6055081570072602,-8.898029618436253,192.82870310324216,-0.0358564844837892,295,0.040148266504786534,-4.585972236875382,0.16610169491525423,0.5636259491594487,-0.0012348678322332634,-0.6217042651213532,4.0391915847058995,4.328344582057233,-7.1712968967578155,156,0.17307692307692307,0.691401888695586,-2.6468445968699204,139,0.15827338129496402,0.4241380080447432,-4.524452299887896,175.2083204578763,-0.12395839771061845,1009,0.1312614581257563,-4.451185680701607,0.15163528245787908,0.5774035844899222,-0.0013080871523521614,-0.616676898100317,13.189404956997048,14.131928457289364,-24.7916795421238,511,0.1506849315068493,0.5932896449021706,-11.782634936304147,498,0.15261044176706828,0.5619048423807738,-13.009044605819653
low_fee_venue_reference,standard,atr1.5,R3,181.86165049545943,-0.09069174752270281,869,0.09838994055301997,-5.810574927517812,0.24856156501726123,0.6625444055205297,-0.0010928058693237398,-0.5535657561206411,10.354688613929135,9.332646754196524,-18.152073334806712,425,0.23294117647058823,0.5882606616783033,-10.535808269857423,444,0.2635135135135135,0.7299432271541937,-7.616265064949288,190.43666800680037,-0.047816659965998154,366,0.04891905051479206,-9.673395842237271,0.23497267759562843,0.5276474561512123,-0.0013375432266060788,-0.7856616438772697,4.503829419143843,4.103959275397741,-9.563331993199668,197,0.2233502538071066,0.5236702782530036,-5.273812340199813,169,0.2485207100591716,0.5324471556700439,-4.289519652999854,173.028031948761,-0.13485984025619502,1234,0.13683896008040342,-6.710583525119257,0.2439222042139384,0.626439942420913,-0.001172111414167456,-0.6242679500333804,14.43401159754832,13.056858206415157,-26.971968051238907,621,0.2286634460547504,0.5665607866378839,-15.458306800290444,613,0.25938009787928223,0.6848869559714535,-11.513661250948463
low_fee_venue_reference,standard,atr1.5,R5,178.54880699092558,-0.10725596504537205,758,0.11848975137958495,-6.037747466569093,0.16094986807387862,0.5947744913330673,-0.001494781295131775,-0.6125340042403481,9.283478475526273,8.967747828657226,-21.46466684214859,369,0.15176151761517614,0.5218540890870195,-11.898578828547569,389,0.16966580976863754,0.6593862428603466,-9.566088013601021,192.90243537656204,-0.03548782311718979,321,0.03615430675066145,-5.607870755805174,0.17757009345794392,0.6316321868691765,-0.0011236533387726472,-0.6961509073890422,4.083753156212454,3.89476184804537,-7.097564623437986,169,0.17159763313609466,0.6389124769154775,-3.7072700667737277,152,0.18421052631578946,0.6233276242682362,-3.3902945566642577,172.0756540522315,-0.13962172973884246,1078,0.14359483829017838,-5.949135857208631,0.16512059369202226,0.6020635074605323,-0.0013923314537647416,-0.6396206522257328,12.913768775456635,12.437506635448004,-27.92434594776847,537,0.1564245810055866,0.5497830164597224,-15.333997757623269,541,0.17375231053604437,0.6513696105540023,-12.590348190145196
low_fee_venue_reference,standard,atr2,A,185.8343843988183,-0.07082807800590851,642,0.08464631473510686,-3.1528370862499044,0.1853582554517134,0.6827667621963056,-0.0011406749213617,-0.390584831021736,8.615813054609156,7.009057348080003,-14.179639225965538,323,0.1826625386996904,0.5995438617811395,-8.997269954659881,319,0.18808777429467086,0.7668779322975695,-5.182369271305655,192.41955181449288,-0.03790224092753558,278,0.040720507841170206,-4.528753239400496,0.17266187050359713,0.569759554429472,-0.0013864467710236802,-0.5235032708653464,3.804849343066834,3.2255954882795512,-7.580448185507111,150,0.17333333333333334,0.6154725249074382,-3.672630768118461,128,0.171875,0.5156443306938165,-3.9078174173886495,178.73885118358712,-0.10630574408206439,919,0.11315361479816777,-3.53570313332406,0.18063112078346028,0.6513827521137242,-0.0012186097984557343,-0.4313275906569527,12.13711297619113,9.991398261856956,-21.261148816412877,472,0.17796610169491525,0.6017957646582782,-12.448801254269881,447,0.18344519015659955,0.7035348123136929,-8.812347562142996
low_fee_venue_reference,standard,atr2,B,183.4831125239539,-0.08258443738023047,674,0.09357903161634562,-3.766907785472277,0.17210682492581603,0.6359698162546136,-0.0012754447363308992,-0.4415541318271755,9.008086366206406,9.641861666529593,-16.530733666741725,334,0.16766467065868262,0.5934650505364578,-9.054560127425464,340,0.17647058823529413,0.676885028130758,-7.476173539316262,192.0859518172394,-0.03957024091380301,283,0.04292334236953477,-4.9441409261242795,0.17667844522968199,0.5497744811881453,-0.001423395675771981,-0.5472727504527881,3.871674826429718,4.148701073422209,-7.914048182760612,152,0.17763157894736842,0.6302149027648063,-3.5238805726556577,131,0.17557251908396945,0.45453104604408884,-4.390167610104955,176.18753436446974,-0.11906232817765128,956,0.12566890036872058,-4.088419959920908,0.17364016736401675,0.6124755059046235,-0.0013218740073489975,-0.4731995873519388,12.546454444183006,13.4426320488678,-23.81246563553018,485,0.1711340206185567,0.6019895504355203,-12.309486390989353,471,0.1762208067940552,0.6231014516882956,-11.502979244540825
low_fee_venue_reference,standard,atr2,R3,181.35458082611416,-0.09322709586942923,745,0.10780897329493888,-4.5795204061637795,0.2442953020134228,0.6769244664543701,-0.001311221583503704,-0.4232979092896216,8.855237273280384,8.011248534481213,-18.659104739140915,363,0.2396694214876033,0.6274527972760744,-10.109699144595481,382,0.2486910994764398,0.7207712464331625,-8.549405594545433,191.75283121114356,-0.04123584394428226,314,0.04258208718849543,-6.507866315201117,0.2356687898089172,0.6127682800201689,-0.0013389793090310183,-0.5902737906186192,3.8679652215959415,3.523235993887459,-8.247168788856413,172,0.23255813953488372,0.6076991235341009,-4.638565006523763,142,0.23943661971830985,0.6190949846329493,-3.608603782332651,173.7329686470218,-0.13133515676489094,1058,0.13557265821987552,-5.017144954895063,0.24102079395085066,0.6591899998755549,-0.0013277801075369704,-0.47449177470223974,12.346954049268323,11.198812382348297,-26.267031352978073,534,0.23595505617977527,0.6184903294453414,-14.448138451175133,524,0.24618320610687022,0.698508385385303,-11.81889290180294
low_fee_venue_reference,standard,atr2,R5,181.35379852386285,-0.0932310073806858,636,0.11200999599887629,-3.9660583402948144,0.16037735849056603,0.6605819561691649,-0.0015344765257497947,-0.46404826205737343,7.845389925775983,7.581829615539207,-18.6598869823573,315,0.14603174603174604,0.5339326634494777,-12.423905098243532,321,0.17445482866043613,0.7797969199616581,-6.235981884113768,192.9869737269736,-0.03506513136513201,267,0.03634668857155576,-4.484142964118028,0.16104868913857678,0.6529096659701703,-0.0013333962101852008,-0.5936644157284305,3.422418306536902,3.3039673517373203,-7.0130262730264015,146,0.1643835616438356,0.7334628959867768,-2.9299429951054465,121,0.15702479338842976,0.5567918325998876,-4.083083277920954,174.85037907770217,-0.1257481046114891,902,0.13045760284124397,-4.10124601298365,0.15964523281596452,0.6569128462830088,-0.0014849618952599045,-0.5043819053524785,10.933416482282254,10.570717573298538,-25.14962092229775,460,0.15,0.5847390512954674,-15.214277132233107,442,0.16968325791855204,0.7290312468043737,-9.935343790064643
low_fee_venue_reference,standard,atr2.5,A,188.50065859294767,-0.05749670703526166,607,0.07232119398729486,-2.4397852946724563,0.20593080724876442,0.7425234333053563,-0.0009712222737174094,-0.2758965446111954,8.201745481192022,6.116357728765956,-11.513566236952155,301,0.21262458471760798,0.6533595642334815,-7.63403791697423,306,0.19934640522875818,0.8290506221459399,-3.8795283199779247,193.69440650862768,-0.031527967456861594,268,0.03835917131593958,-3.252803443911263,0.19776119402985073,0.6564127000827591,-0.00118949403402698,-0.3459899517455446,3.669852196177886,2.933732353277728,-6.305593491372269,142,0.21830985915492956,0.835206537263546,-1.5533005221512837,126,0.1746031746031746,0.46761906922262547,-4.752292969220983,182.51925666428892,-0.0874037166785554,874,0.09828872906536257,-2.695093393392372,0.20251716247139587,0.717673992559056,-0.001040808443219099,-0.2975690017958541,11.646654911204784,8.866719433081595,-17.480743335710965,442,0.21266968325791855,0.7039046714553,-9.1231043886484,432,0.19212962962962962,0.7313131165293855,-8.357638947062568
low_fee_venue_reference,standard,atr2.5,B,186.9725612272565,-0.06513719386371752,640,0.07718525084987804,-2.840264363254636,0.1921875,0.709877745609442,-0.0010483119821200937,-0.3054744771239478,8.627605354998197,9.233828520544314,-13.04154828779371,315,0.1873015873015873,0.6476414321991607,-7.652584012685081,325,0.19692307692307692,0.7680543165422786,-5.38896427510863,192.59537777954228,-0.03702311110228862,276,0.0436709527420992,-4.188883197541285,0.19927536231884058,0.5953144937669237,-0.0013628227661195863,-0.41993164811994627,3.772649488904422,4.042974978709923,-7.404622220457732,147,0.21768707482993196,0.7583553271048684,-2.3023774811748607,129,0.17829457364341086,0.41816832507554696,-5.10224473928287,180.02891431971977,-0.09985542840140116,915,0.10964887001128665,-3.2283714075759096,0.19453551912568307,0.6776401626723089,-0.0011448010160511255,-0.34002137266499477,12.140999902625213,13.008376749572083,-19.97108568028023,461,0.19739696312364424,0.6785004842085417,-9.812787937272706,454,0.19162995594713655,0.6768047194167501,-10.158297743007521
low_fee_venue_reference,standard,atr2.5,R3,184.84990124526914,-0.07575049377365428,617,0.09216953616827062,-3.3594389778339964,0.24311183144246354,0.7420292771997822,-0.0012722729568661187,-0.33546667455535467,7.402608528413299,6.705873240065484,-15.16404808743787,301,0.2292358803986711,0.649003443236337,-9.776992015817592,316,0.2563291139240506,0.825814376406176,-5.38705607162028,194.41528492949837,-0.027923575352508112,262,0.03177629985458408,-3.7253856162030785,0.2595419847328244,0.7314350533455688,-0.0010775695116804805,-0.3766528629645143,3.2304068046072247,2.882902668441247,-5.584715070501567,140,0.2785714285714286,0.828808299041226,-1.8485332688991631,122,0.23770491803278687,0.6262556018348673,-3.736181801602405,179.94998785234063,-0.1002500607382969,878,0.10337356141355869,-3.391243296381521,0.24829157175398633,0.7427110598264112,-0.0011981717131794166,-0.34456161547046377,10.374200513514623,9.355796681134258,-20.050012147659306,440,0.24545454545454545,0.7031699186712619,-11.204761572164,438,0.2511415525114155,0.7798589973930378,-8.845250575495308
low_fee_venue_reference,standard,atr2.5,R5,183.39664759166146,-0.08301676204169273,504,0.091627613189734,-3.1760631257574428,0.1626984126984127,0.6892088168275078,-0.001713304111317361,-0.358898516034295,6.295549399172761,6.072852400026094,-16.61719207412896,249,0.1566265060240964,0.6592255153582796,-8.560595567089353,255,0.16862745098039217,0.7157804750205728,-8.056596507039604,196.61932422088034,-0.01690337889559823,198,0.030061416482596193,-1.8790706331174407,0.18181818181818182,0.8084119380072587,-0.0008551810178584944,-0.3501088299881402,2.547643698098506,2.420905741532547,-3.3806757791196156,104,0.21153846153846154,1.0406107520850278,0.36147655969551945,94,0.14893617021276595,0.5720583508713237,-3.7421523388151363,181.04395195445923,-0.09478024022770382,698,0.10320112455734787,-2.742181900959122,0.16905444126074498,0.7265570245970563,-0.0014193166631693188,-0.34516216276483613,8.584482346823453,8.24227616094146,-18.956048045540783,350,0.1742857142857143,0.7713769788453959,-7.5493584981454065,348,0.16379310344827586,0.6857886123638378,-11.406689547395379
low_fee_venue_reference,unicorn,struct,A,197.62965541398242,-0.011851722930087849,52,0.013206225667053761,-3.550364962207222,0.11538461538461539,0.2552026947524087,-0.0022913724071688016,-1.0271029221243784,0.723540118638269,0.6262029280769842,-2.370344586017595,27,0.14814814814814814,0.33922306775656097,-0.9406617443779528,25,0.08,0.18720323275682257,-1.4296828416396428,199.44478113278876,-0.0027760943360561896,22,0.004629827912987827,-2.658135528547963,0.18181818181818182,0.3913373546085844,-0.0012629711856072688,-0.9627544954675837,0.30742708521254264,0.22961386229812866,-0.5552188672112173,10,0.2,0.27466529235775544,-0.33998161057744974,12,0.16666666666666666,0.5146531275713302,-0.21523725663376753,197.08101684695094,-0.014594915765245298,74,0.01568322258703847,-3.3090051969449683,0.13513513513513514,0.2852496973325294,-0.001985631503461318,-1.0079723087939803,1.0273236632156684,0.8530954704982482,-2.918983153049069,37,0.16216216216216217,0.32337500880204967,-1.276613987105514,37,0.10810810810810811,0.2525111897971599,-1.6423691659435549
low_fee_venue_reference,unicorn,struct,B,197.50304559955197,-0.012484772002240185,52,0.01341411091738709,-4.463433787842199,0.11538461538461539,0.23159805308341047,-0.0024149350922254955,-1.1901434773311848,0.7229268652800774,0.7745780215154936,-2.496954400448033,27,0.1111111111111111,0.2363899043167374,-1.281733626937635,25,0.12,0.22647832677292717,-1.2152207735103984,199.2088424011547,-0.003955787994226467,22,0.005179389208480489,-3.7736887240279327,0.13636363636363635,0.2480743864605749,-0.001800975638398264,-1.355244897059818,0.3071103106655613,0.32897882759892866,-0.7911575988453112,10,0.1,0.06601773637121723,-0.48738987255559296,12,0.16666666666666666,0.42721511545617524,-0.3037677262897184,196.72176542294608,-0.01639117288526959,74,0.017526161311459454,-4.271665987357174,0.12162162162162163,0.2355899458001105,-0.002232406605952535,-1.239227683196454,1.026202973737442,1.0994496234582853,-3.2782345770539223,37,0.10810810810810811,0.19637013482851862,-1.7630385480581712,37,0.13513513513513514,0.27666533538031884,-1.5151960289957513
low_fee_venue_reference,unicorn,struct,R3,198.22621253666733,-0.008868937316663383,52,0.010162838060606805,-2.7875545539589437,0.23076923076923078,0.45893398286494885,-0.0017113505944024111,-0.9224687473709536,0.6526257898481236,0.5971682350001195,-1.7737874633326263,27,0.2222222222222222,0.31956701933032966,-1.096365518276854,25,0.24,0.5936387292478661,-0.6774219450557726,199.58618116886313,-0.002069094155684348,22,0.004010246664047812,-1.8609943239074407,0.2727272727272727,0.6313570513694267,-0.0009402976576713796,-0.6920168489891791,0.2715783244984874,0.2396692530736302,-0.4138188311368569,10,0.2,0.38981178349436335,-0.36437414171079724,12,0.3333333333333333,0.9058906312315882,-0.0494446894260597,197.8160638388043,-0.010919680805978493,74,0.01211451817298359,-2.5396712242906054,0.24324324324324326,0.5026233939647619,-0.0014821186402391323,-0.8539560208250209,0.9217955032100693,0.834711876491508,-2.183936161195675,37,0.21621621621621623,0.33843774224062195,-1.4575080485650043,37,0.2702702702702703,0.667961063893033,-0.7264281126306706
low_fee_venue_reference,unicorn,struct,R5,197.18203692063824,-0.014089815396808758,52,0.014123386091938861,-4.14111361638394,0.11538461538461539,0.25359724004433554,-0.0027271724212569876,-1.223121488115511,0.6870453774436502,0.6853024866463523,-2.8179630793617623,27,0.1111111111111111,0.18917528860152935,-1.4663088321110955,25,0.12,0.3128261024630206,-1.3516542472506665,199.09734782915217,-0.004513260854239198,22,0.007449266548050115,-2.768490847592882,0.09090909090909091,0.3496259203568667,-0.0020545779936024283,-1.4318361913550859,0.29508378335154295,0.2991145827607157,-0.9026521708478197,10,0.1,0.13184604954509535,-0.5971435263815505,12,0.08333333333333333,0.5635999306240499,-0.3055086444662692,196.2921029522452,-0.018539485238774023,74,0.020517826436380893,-3.697707686401404,0.10810810810810811,0.2791428946855279,-0.0025272119157380645,-1.2851718052948444,0.9779714847611779,0.9802026001534758,-3.7078970477548068,37,0.10810810810810811,0.1735403140546757,-2.0550387164405306,37,0.10810810810810811,0.37796459833675156,-1.6528583313142766
low_fee_venue_reference,unicorn,atr1.5,A,198.10576224588758,-0.009471188770562078,50,0.010892992458810813,-3.272565044805993,0.12,0.3003472047715497,-0.0019023235649009446,-0.8513718461857793,0.6962941452701765,0.5371925147133039,-1.8942377541124364,25,0.16,0.368483912918453,-0.8292555065186505,25,0.08,0.23617667226136352,-1.0649822475937858,199.41684450607556,-0.0029157774696222383,22,0.004742699849798582,-2.7884694556781913,0.18181818181818182,0.37968865023280896,-0.001326626074012098,-1.12549534381021,0.3074269260069945,0.23955006625696146,-0.5831554939244377,10,0.2,0.25830414123163375,-0.3696714630530649,12,0.16666666666666666,0.5166626899880018,-0.21348403087137263,197.52812992772868,-0.012359350361356602,72,0.013450126199312407,-3.1383444293453935,0.1388888888888889,0.3206524499899325,-0.0017264159982404636,-0.9351318037932442,1.0008093728278051,0.7744737570727449,-2.471870072271325,35,0.17142857142857143,0.33837839320630947,-1.19542574136205,37,0.10810810810810811,0.3031681441392257,-1.2764443309092752
low_fee_venue_reference,unicorn,atr1.5,B,197.8700907765034,-0.010649546117483033,51,0.011644601318285042,-3.9343868599979697,0.13725490196078433,0.2699936084057324,-0.0020984761207275327,-0.9990314859547864,0.7096549371669411,0.7603513074634026,-2.129909223496598,27,0.14814814814814814,0.2732956116711708,-1.1478087260941154,24,0.125,0.26609623134547145,-0.9821004974024823,199.18222218135662,-0.004088889093216919,22,0.00528578974597349,-3.9124187532028776,0.13636363636363635,0.24193230883950081,-0.001861701784569757,-1.3558071648728323,0.30710544073877805,0.32896998994174226,-0.8177778186433645,10,0.1,0.06338088882891327,-0.5091082603752626,12,0.16666666666666666,0.4232703486581927,-0.30866955826810183,197.06102192045353,-0.014694890397732419,73,0.015831836168079594,-3.928716399437611,0.136986301369863,0.262478004092404,-0.0020271194714745044,-1.1065529234369371,1.013489844351642,1.0858179163259924,-2.9389780795464655,37,0.13513513513513514,0.21997812772004763,-1.6514952145717208,36,0.1388888888888889,0.31065641654665094,-1.287482864974745
low_fee_venue_reference,unicorn,atr1.5,R3,199.28134701338467,-0.0035932649330766564,48,0.005796315845074007,-1.1837034884646895,0.2708333333333333,0.7369684007376046,-0.0007484200719424867,-0.4931533450229215,0.5920015065515277,0.5233386953138159,-0.7186529866153326,25,0.24,0.5054668200712878,-0.7542906042777491,23,0.30434782608695654,1.0295273769451925,0.03563761766241677,199.43436855251053,-0.0028281572374473374,21,0.004610805553175168,-2.4996574228310733,0.23809523809523808,0.49009393471843904,-0.001347701968475596,-0.7947586678037227,0.26355503610265946,0.2396354927850756,-0.5656314474894618,9,0.1111111111111111,0.2440897042583675,-0.4461740538706649,12,0.3333333333333333,0.7698485636088315,-0.11945739361879718,198.71774802954053,-0.006411259852297402,69,0.007354378523897309,-1.5397822089851578,0.2608695652173913,0.6658620010999704,-0.0009308102143656071,-0.5849462693475133,0.8546095195850238,0.7621131142859464,-1.2822519704594857,34,0.20588235294117646,0.4327290812867972,-1.1988614365665922,35,0.3142857142857143,0.9516326492149159,-0.08339053389289314
low_fee_venue_reference,unicorn,atr1.5,R5,197.87923827329803,-0.010603808633509848,48,0.010923189240537257,-3.1144129650731003,0.125,0.37049975186905987,-0.002219400631519039,-0.8782378296496542,0.6318282523336014,0.6260364214256525,-2.1207617267019625,25,0.12,0.262659906079599,-1.3129400561718731,23,0.13043478260869565,0.4913977442876449,-0.8078216705300889,199.8231184371623,-0.0008844078141885259,21,0.004257121556479504,-0.5793634941562906,0.23809523809523808,0.8406867576405515,-0.0004195079336281973,-0.31851104875610375,0.26374113033645175,0.2398450326706417,-0.17688156283772416,9,0.1111111111111111,0.4154470358456937,-0.34536510538979714,12,0.3333333333333333,1.3243460370921663,0.168483542552073,197.70423232870343,-0.01147883835648289,69,0.013185685081512744,-2.333017154872152,0.15942028985507245,0.4861137909941002,-0.0016716072017261736,-0.7078862006820521,0.8927727221951797,0.8633381832681565,-2.295767671296559,34,0.11764705882352941,0.30042095812387926,-1.6546429760754247,35,0.2,0.6950314642633028,-0.641124695221134
low_fee_venue_reference,unicorn,atr2,A,198.45435739763843,-0.007728213011807816,50,0.010756157646859998,-2.3164354677359857,0.18,0.4401130667388051,-0.0015503698933073216,-0.5815974874115319,0.6968138074925503,0.4878629567127859,-1.5456426023615484,25,0.28,0.7297422760968567,-0.32805190196459855,25,0.08,0.21282489723705325,-1.21759070039695,199.28334973821583,-0.0035832513089207874,22,0.005368396822017396,-3.20956130100182,0.18181818181818182,0.3323750799338935,-0.0016308966219090108,-0.9751597546773273,0.30732290985898375,0.22953201433304057,-0.716650261784163,10,0.2,0.22856539839259932,-0.4344524938515635,12,0.16666666666666666,0.44695050221773946,-0.28219776793259954,197.7432455617323,-0.011283772191338581,72,0.013562025660343369,-2.5285085595968524,0.18055555555555555,0.41011761939307056,-0.001574975282602282,-0.7018526246316361,1.0017616604407351,0.7156210987460314,-2.256754438267676,35,0.2571428571428571,0.5717496723021782,-0.7591468544001659,37,0.10810810810810811,0.2705625536541532,-1.4976075838675096
low_fee_venue_reference,unicorn,atr2,B,198.0597215673969,-0.009701392163015465,51,0.011282657010390995,-3.0643924456196014,0.17647058823529413,0.37072381100333773,-0.001910288331766753,-0.7181919049448379,0.7096385881024444,0.7604419384310261,-1.940278432603113,27,0.2222222222222222,0.49566889026687316,-0.8010446215370817,24,0.125,0.23798024816878346,-1.1392338110660316,199.02294794786113,-0.004885260260694357,22,0.00604067735535696,-4.309748978281191,0.13636363636363635,0.21068210600366902,-0.002225184513887184,-1.1712093996637185,0.30698753507349724,0.32884659383844783,-0.9770520521388701,10,0.1,0.0558876934030522,-0.5816755469636288,12,0.16666666666666666,0.36407563396935533,-0.3953765051752413,197.0921482803795,-0.014539258598102567,73,0.015676383952331507,-3.3854016923589323,0.1643835616438356,0.32519670680360707,-0.002005188551035924,-0.8547177252710759,1.013647916709036,1.086098262501175,-2.9078517196205045,37,0.1891891891891892,0.3736179885041788,-1.3770771059079794,36,0.1388888888888889,0.2747626163324096,-1.530774613712525
low_fee_venue_reference,unicorn,atr2,R3,198.42010774233506,-0.007899461288324638,48,0.009162090558603952,-2.1083683524518277,0.20833333333333334,0.5633703668431111,-0.0016500167924178623,-0.6171872950857576,0.6088799867629676,0.5671767501228524,-1.5798922576649241,25,0.24,0.5649808522620773,-0.8031707600347324,23,0.17391304347826086,0.5616924519166611,-0.7767214976301915,199.41349916147675,-0.0029325041926162587,21,0.005395909099780161,-2.0070516045152904,0.23809523809523808,0.5571990074689255,-0.0013969359579674677,-0.6079524056146962,0.2635114454761919,0.23960931432553012,-0.5865008385232718,9,0.1111111111111111,0.2744019792362654,-0.5149904053272577,12,0.3333333333333333,0.883680981931659,-0.07151043319601419,197.8382399444813,-0.010808800277593456,69,0.01324895338308718,-2.080742252314146,0.21739130434782608,0.5617262429020758,-0.0015729921906286115,-0.6143766765510867,0.8703098337765898,0.8048932799455459,-2.1617600555187115,34,0.20588235294117646,0.48475585163510454,-1.314093018591249,35,0.22857142857142856,0.6441385978735219,-0.8476670369274621
low_fee_venue_reference,unicorn,atr2,R5,197.97169258404952,-0.010141537079752405,47,0.012440955666193299,-2.1014358506242385,0.1276595744680851,0.48218802691703444,-0.0021659470874727796,-0.7142742496151491,0.6175378037725996,0.6106571980304369,-2.0283074159504526,25,0.16,0.5279786846628753,-0.9637461913663335,22,0.09090909090909091,0.43233400732470534,-1.0645612245841187,199.28663120232042,-0.0035668439883979053,21,0.007723420634409672,-1.7425348016408415,0.14285714285714285,0.518823266230049,-0.0016990693167671757,-0.7445055481055779,0.2755042735543593,0.2695411885955089,-0.7133687976795672,9,0.1111111111111111,0.4651118629746982,-0.37942003227030596,12,0.16666666666666666,0.568098496561077,-0.333948765409261,197.26555844248315,-0.013672207787584267,68,0.016939670376732274,-1.9974348921309675,0.1323529411764706,0.4921725911360909,-0.0020217642465195783,-0.7236103859136638,0.8902480405210773,0.8774648246672839,-2.734441557516813,34,0.14705882352941177,0.5118913310995193,-1.3393183213105695,34,0.11764705882352941,0.47168323706848037,-1.3951232362062442
low_fee_venue_reference,unicorn,atr2.5,A,198.20582919367513,-0.008970854031624342,50,0.01197602398151787,-2.5782532592842187,0.18,0.4035356410255824,-0.0018008437136075124,-0.5336274251461591,0.6963424043565614,0.45777684905818755,-1.794170806324867,25,0.28,0.6665626457687103,-0.4426521900186774,25,0.08,0.1957485740906443,-1.351518616306189,199.52860466074293,-0.002356976696285318,22,0.005134584128917319,-1.8940636073873112,0.2727272727272727,0.5337092759968076,-0.0010716840854811114,-0.5818810554394239,0.30725419849337415,0.19955635236663455,-0.4713953392570731,10,0.3,0.31832866133943427,-0.35348260604840565,12,0.25,0.7605319584054071,-0.11791273320866749,197.73866267319772,-0.011306686634011354,72,0.014552085682392413,-2.3929121507578666,0.20833333333333334,0.436059771325895,-0.0015780449383466675,-0.5483715899579901,1.0008402702846477,0.6555430105166575,-2.261337326802276,35,0.2857142857142857,0.5693792098004514,-0.7929637552055044,37,0.13513513513513514,0.3228449199103475,-1.4683735715967716
low_fee_venue_reference,unicorn,atr2.5,B,198.17032175232126,-0.009148391238393727,51,0.01109692334689183,-2.65235053915382,0.21568627450980393,0.4282655721414638,-0.0018005759210304503,-0.5022619775693035,0.7099642148251891,0.7608277580004856,-1.8296782476787385,27,0.25925925925925924,0.6018496713538061,-0.6595603916807115,24,0.16666666666666666,0.24198610399662193,-1.1701178559980265,199.28868934486948,-0.0035565532756526297,22,0.005649409556164664,-2.815076571209978,0.22727272727272727,0.3837560848677182,-0.0016185334655137431,-0.7267746088459769,0.3069334979342047,0.3287735199233297,-0.7113106551305334,10,0.2,0.11582597096375034,-0.484622800596103,12,0.25,0.6260264359675859,-0.22668785453443033,197.4655184453559,-0.012672407773220429,73,0.014750784141731699,-2.6926111192646203,0.2191780821917808,0.41654672670196896,-0.001745713811148703,-0.5699233185019996,1.0140897650361227,1.0865935291347328,-2.5344815546440995,37,0.24324324324324326,0.4818506742868195,-1.1397496732939152,36,0.19444444444444445,0.3495562633388739,-1.3947318813501839
low_fee_venue_reference,unicorn,atr2.5,R3,198.05269488209606,-0.009736525589519651,48,0.012232388007494377,-2.119717637581692,0.22916666666666666,0.5456010537263345,-0.002035522982171654,-0.43037065894927523,0.6020692287117626,0.5515123657775114,-1.9473051179039267,25,0.28,0.6594201425088053,-0.7187702357252004,23,0.17391304347826086,0.43516201031747603,-1.228534882178726,199.97652173554764,-0.00011739132226185056,21,0.005883307636980861,-0.06164659877347254,0.3333333333333333,0.98256975348779,-5.321819548622035e-05,-0.08229683162124726,0.25163311852425785,0.2097586776123213,-0.023478264452366115,9,0.2222222222222222,0.7073000573890321,-0.20841025243145544,12,0.4166666666666667,1.2912511508016045,0.18493198797908947,198.02944521436635,-0.009852773928168301,69,0.015198413561672619,-1.5370195636649062,0.2608695652173913,0.64932514950579,-0.0014322128297021746,-0.32443514628422326,0.8512523149383384,0.7592287226576366,-1.9705547856336547,34,0.2647058823529412,0.6714107493388944,-0.925151296400739,35,0.2571428571428571,0.6271471629757643,-1.0454034892329163
low_fee_venue_reference,unicorn,atr2.5,R5,197.7574761423551,-0.011212619288224479,46,0.014373533475327216,-1.9963984796545682,0.13043478260869565,0.5045379187907778,-0.0024470930430839123,-0.5979303952210198,0.6032316238540614,0.5953531591903751,-2.2425238576448936,25,0.16,0.5237573907300387,-1.1510206368407485,21,0.09523809523809523,0.48251530829008044,-1.091503220804145,199.33574437123417,-0.0033212781438290984,19,0.008617903520004466,-1.7871899122182178,0.15789473684210525,0.5607879844674899,-0.0017480728139100757,-0.8048639447732742,0.25307496220528225,0.24414338704995445,-0.664255628765834,8,0.125,0.5875824161008332,-0.3045483569935207,11,0.18181818181818182,0.5352221581696576,-0.35970727177231343,197.10066855906467,-0.014496657204676633,65,0.01975886294017848,-1.9342737383234225,0.13846153846153847,0.5185073516592007,-0.0022427640530177134,-0.6584186635516788,0.8534689528567541,0.8367590593896006,-2.8993314409353164,33,0.15151515151515152,0.5385658539027995,-1.4521542090524464,32,0.125,0.49654703004583056,-1.4471772318828697
zero_cost_diagnostic,standard,struct,A,199.2079226655594,-0.003960386672202998,724,0.027845916016147276,-0.2308220800992451,0.15607734806629833,0.9695495236959177,-5.219045294826832e-05,0.07568468013310448,0.0,0.0,-0.7920741539694455,359,0.15877437325905291,0.8795117650628419,-1.5042361184667286,365,0.15342465753424658,1.0526459861493012,0.7121619644972823,201.31772361973034,0.006588618098651633,309,0.009163163589485657,0.9306670845971976,0.16828478964401294,1.14477035717522,0.00021518381057162217,0.48845026726954244,0.0,0.0,1.3177236197303563,162,0.1728395061728395,1.3331062631434794,1.5882034481091272,147,0.16326530612244897,0.9375955903082517,-0.27047982837877077,200.4457951865501,0.00222897593275051,1032,0.027845916016147276,0.08209219659095307,0.15988372093023256,1.0127324050474156,2.420543458545611e-05,0.19794767543275435,0.0,0.0,0.4457951865501839,520,0.16346153846153846,1.000171323155944,0.0029415735804314558,512,0.15625,1.0248195867802539,0.4428536129697538
zero_cost_diagnostic,standard,struct,B,200.880374566434,0.004401872832169973,745,0.021341472755829316,0.2630183756917279,0.1704697986577181,1.0343163963241533,6.166903019074729e-05,0.12972024965781262,0.0,0.0,0.8803777736067704,367,0.1771117166212534,0.9378789889225637,-0.7637348779948172,378,0.164021164021164,1.1230584714825067,1.6441126516015876,201.35239943085608,0.006761997154280497,314,0.011165803559341048,0.9935442604061492,0.16560509554140126,1.148179377153205,0.00021722662465241104,0.475721688219408,0.0,0.0,1.3523994308561065,163,0.17791411042944785,1.445719042229188,2.0743873709919374,151,0.152317880794702,0.8385806696429544,-0.7219879401358315,202.19211697098802,0.010960584854940114,1058,0.021341472755829316,0.4503243936628257,0.16918714555765596,1.063069698230209,0.00010571314013800649,0.23164485887126024,0.0,0.0,2.192116970988058,529,0.1776937618147448,1.0753023048027837,1.2730032290404683,529,0.16068052930056712,1.0514857190690978,0.9191137419475905
zero_cost_diagnostic,standard,struct,R3,200.16370142529328,0.0008185071264663613,858,0.01707043923495921,0.036418393728001805,0.2505827505827506,1.0050462139772398,1.1124775561260091e-05,0.0023310023310022646,0.0,0.0,0.16370142529326015,416,0.2403846153846154,0.9053586293326679,-1.4607877493273187,442,0.26018099547511314,1.0955274844522334,1.6244891746205805,198.37213317116777,-0.008139334144161126,389,0.009750016497655944,-2.00893589486723,0.2442159383033419,0.8568921301937475,-0.0002094175347024434,-0.02313624678663239,0.0,0.0,-1.6278668288322662,208,0.2403846153846154,0.8908394472245986,-0.683643943454928,181,0.24861878453038674,0.8153060671585018,-0.9442228853773383,198.5345021758606,-0.007327489120696917,1247,0.021463552398828023,-0.42764883045850144,0.24859663191659984,0.9665601244182407,-5.767310630929374e-05,-0.005613472333600687,0.0,0.0,-1.4654978241393435,624,0.2403846153846154,0.9011654343685718,-2.14499126022193,623,0.2568218298555377,1.030715713503526,0.6794934360825857
zero_cost_diagnostic,standard,struct,R5,198.27703980244945,-0.008614800987752691,760,0.0259872070836058,-0.5447685367972214,0.1631578947368421,0.9464778186446073,-0.00011161184588245047,-0.024213703512002204,0.0,0.0,-1.722957031941641,367,0.16348773841961853,0.82641988200691,-2.6400266785878443,393,0.1628498727735369,1.05400185211911,0.9170696466462032,199.42421083345124,-0.00287894583274384,353,0.008886659961826804,-0.4848275801439788,0.16997167138810199,0.9487470778216707,-8.053472589504942e-05,0.019830028328611648,0.0,0.0,-0.5757891665487577,187,0.18181818181818182,1.085219772179483,0.5098199276761377,166,0.1566265060240964,0.7932904066249324,-1.0856090942248953,197.5689072516343,-0.01215546374182852,1112,0.0259872070836058,-0.5729211445678059,0.164568345323741,0.9438740651057899,-0.00010809703172999144,-0.012589928057553998,0.0,0.0,-2.4310927483657014,553,0.16817359855334538,0.8924431107047417,-2.272653049621669,559,0.16100178890876565,0.9928583108535094,-0.15843969874403163
zero_cost_diagnostic,standard,atr1.5,A,199.40940172052757,-0.002952991397362159,694,0.023920240417453886,-0.1543257623335863,0.17435158501440923,0.9798397874256715,-3.91022588588103e-05,0.03475181349137758,0.0,0.0,-0.5905950957846453,348,0.16954022988505746,0.9498591744607348,-0.6999431317960274,346,0.1791907514450867,1.007130368740362,0.10934803601138166,200.30801681772977,0.0015400840886488076,292,0.012781370440571371,0.24757430828280966,0.1815068493150685,1.0307629677854246,5.5517948299899297e-05,0.1763299186085953,0.0,0.0,0.3080168177297469,155,0.1935483870967742,1.2520096328253052,1.30405794474415,137,0.1678832116788321,0.7941191471882506,-0.9960411270144036,199.62840967431012,-0.0018579516284493724,985,0.023920240417453886,-0.06935537601413475,0.1766497461928934,0.9905267936264291,-1.5574618789833094e-05,0.07567547782698913,0.0,0.0,-0.37159032568990535,502,0.17729083665338646,1.0268362989319415,0.5117233865153389,483,0.17598343685300208,0.9561784719827507,-0.8833137122052444
zero_cost_diagnostic,standard,atr1.5,B,201.60730145898742,0.0080365072949371,715,0.02128804205471513,0.4117287379995298,0.1902097902097902,1.0558203078374802,0.00011562734160274545,0.08411871536866933,0.0,0.0,1.6073046777659838,356,0.19101123595505617,1.031164788072542,0.428601581932778,359,0.1894150417827298,1.0783633354407,1.1787030958332059,201.2592535931939,0.006296267965969493,295,0.011327892006725016,0.8990862435135542,0.18983050847457628,1.1295507703943921,0.00021562604775044345,0.26636254249572966,0.0,0.0,1.2592535931939124,156,0.1987179487179487,1.3641936007811861,1.8454047687042279,139,0.17985611510791366,0.8740287971804659,-0.5861511755103159,202.81593199814614,0.014079659990730686,1009,0.02128804205471513,0.5203882145726807,0.19028741328047571,1.0730637239877698,0.00014200770687982484,0.13685271315373979,0.0,0.0,2.81593199814617,511,0.19373776908023482,1.1184417403737763,2.227913776824265,498,0.18674698795180722,1.0298024099500718,0.5880182213219065
zero_cost_diagnostic,standard,atr1.5,R3,201.6610125220629,0.008305062610314495,869,0.016672719424087323,0.5244538252769355,0.24856156501726123,1.0441755040819352,9.696367097881067e-05,-0.0067614364180265205,0.0,0.0,1.6610157416989864,425,0.23294117647058823,0.9500546425715186,-0.8729793405321435,444,0.2635135135135135,1.1259335015567669,2.5339950822311303,199.01138370073028,-0.004943081496348589,366,0.008193450392489865,-1.0213406187455645,0.23497267759562843,0.9213991662100997,-0.00013446885247738572,-0.06010928961748614,0.0,0.0,-0.9886162992697372,197,0.2233502538071066,0.9118238504801575,-0.6074161978337589,169,0.2485207100591716,0.9329936472257686,-0.3812001014359786,200.50070595483007,0.0025035297741502482,1234,0.016672719424087323,0.11231266137674882,0.2439222042139384,1.0099563575171426,2.1793382779670194e-05,-0.0243683131607059,0.0,0.0,0.5007059548301365,621,0.2286634460547504,0.9325101196082265,-1.649236275615884,613,0.25938009787928223,1.0831593595684061,2.149942230446022
zero_cost_diagnostic,standard,atr1.5,R5,196.7595597217687,-0.016202201391156468,758,0.03556951372999362,-0.9334973081503375,0.16094986807387862,0.9132379001289395,-0.00021287342611271418,-0.03809457552409646,0.0,0.0,-3.240437136849831,369,0.15176151761517614,0.818595229368619,-3.1169663999520716,389,0.16966580976863754,0.993877326956284,-0.12347073689775878,200.8882174922426,0.004441087461213078,321,0.00893325890978014,0.8027349128929085,0.17757009345794392,1.0741979248941316,0.00013974769810774185,0.06542056074766354,0.0,0.0,0.8882174922426149,169,0.17159763313609466,1.0807091333169407,0.5170796507450348,152,0.18421052631578946,1.0667008400413314,0.37113784149758045,197.47237555942266,-0.012638122202886737,1078,0.03556951372999362,-0.5423260722481404,0.16512059369202226,0.948555834119716,-0.0001156325061452713,-0.00934183528785827,0.0,0.0,-2.5276244405773722,537,0.1564245810055866,0.8821590054068137,-2.7689808306033403,541,0.17375231053604437,1.0094148355110881,0.24135639002596698
zero_cost_diagnostic,standard,atr2,A,201.59581719480119,0.007979085974005873,642,0.020318822521597113,0.35656372010156384,0.2118380062305296,1.0488222836182277,0.00012836662849306785,0.07440381493134095,0.0,0.0,1.5958204133964142,323,0.2043343653250774,0.9369011359161661,-1.02486171088989,319,0.219435736677116,1.1593686145675643,2.620682124286306,199.46584728573728,-0.0026707635713135724,278,0.013032153185799755,-0.2856099383388623,0.2014388489208633,0.9545576708643342,-9.293665772295373e-05,0.07636769262291788,0.0,0.0,-0.5341527142627267,150,0.2,1.0265244302994778,0.16919054807797607,128,0.203125,0.8691661379670393,-0.7033432623407034,200.98494820530436,0.0049247410265218505,919,0.020318822521597113,0.16396675839880778,0.2089227421109902,1.022150966487962,5.763587155711185e-05,0.07448112718415224,0.0,0.0,0.9849482053044203,472,0.2033898305084746,0.958988596567586,-0.927034103571412,447,0.21476510067114093,1.0874610945108034,1.9119823088758316
zero_cost_diagnostic,standard,atr2,B,202.29359837915447,0.0114679918957723,674,0.02235792268316794,0.5512386915772215,0.22255192878338279,1.0719397395297747,0.00017362570860387868,0.0817516962779776,0.0,0.0,2.2936016088901443,334,0.2245508982035928,1.0094279870869718,0.14688299111070802,340,0.22058823529411764,1.1316779318996946,2.1467186177794373,200.1344624512569,0.0006723122562843908,283,0.014072652887283654,0.1436717126981195,0.21201413427561838,1.0119160654008101,2.6913401171407635e-05,0.12028286077180864,0.0,0.0,0.1344624512569157,152,0.20394736842105263,1.1341849899367875,0.8258001739818847,131,0.22137404580152673,0.865234730565775,-0.6913377227249686,202.3853433436043,0.01192671671802148,956,0.02235792268316794,0.42559792736868074,0.2196652719665272,1.0551805602055588,0.0001280862103753987,0.09300482209753369,0.0,0.0,2.385343343604298,485,0.21855670103092784,1.0431391100685232,0.9377378154265853,471,0.2208067940552017,1.067360464649267,1.447605528177713
zero_cost_diagnostic,standard,atr2,R3,198.22329247318856,-0.008883537634057137,745,0.029997816905925734,-0.4490083039781183,0.2442953020134228,0.9597408518298695,-0.0001167830652571193,-0.024641393747204206,0.0,0.0,-1.7767043620606027,363,0.2396694214876033,0.9024771544623359,-1.99418757607648,382,0.2486910994764398,1.0091829860439712,0.2174832140158791,199.1319158775163,-0.004340420612418572,314,0.010943567242638341,-0.6718478112832056,0.2356687898089172,0.9411609329021378,-0.0001367570729383447,-0.05732484076433141,0.0,0.0,-0.8680841224837186,172,0.23255813953488372,0.9287863057242147,-0.5865378341857519,142,0.23943661971830985,0.9567996757651112,-0.28154628829796713,197.19629317847725,-0.014018534107613778,1058,0.029997816905925734,-0.5374567409252688,0.24102079395085066,0.9522897228761098,-0.00013080687824085812,-0.03592055386243081,0.0,0.0,-2.803706821522737,534,0.23595505617977527,0.904206704783127,-2.7423804626690025,524,0.24618320610687022,0.9979650913116939,-0.061326358853734164
zero_cost_diagnostic,standard,atr2,R5,196.7572468018925,-0.016213765990537476,636,0.041071223478127195,-0.7026228926656666,0.16037735849056603,0.9226829308458976,-0.0002519662366718476,-0.04301546909067164,0.0,0.0,-3.2427500567629033,315,0.14603174603174604,0.7535879126822295,-4.953912982463173,321,0.17445482866043613,1.078361599522312,1.7111629257002703,199.7021442056776,-0.0014892789716119958,267,0.01327779679138208,-0.1469470491270286,0.16104868913857678,0.9787978459684624,-5.270431731384846e-05,-0.0337871105299324,0.0,0.0,-0.2978557943224095,146,0.1643835616438356,1.0967570429365172,0.7405489377744883,121,0.15702479338842976,0.8376142468985563,-1.038404732096898,196.29835228319044,-0.01850823858404782,902,0.041071223478127195,-0.6026867654224138,0.15964523281596452,0.9336302693768876,-0.00020262877151410922,-0.04215643514184447,0.0,0.0,-3.7016477168095543,460,0.15,0.8411575100133056,-4.392104837249405,442,0.16968325791855204,1.024551822046341,0.6904571204398517
zero_cost_diagnostic,standard,atr2.5,A,202.99544158112906,0.014977207905645384,607,0.016227423887197445,0.6419162007803297,0.23887973640856672,1.0878380607119713,0.0002503120061039588,0.08489163192027767,0.0,0.0,2.9954448220700858,301,0.24584717607973422,0.9778304504653551,-0.36897173049713494,306,0.23202614379084968,1.1927068987973812,3.3644165525672207,200.3485989336712,0.001742994668356035,268,0.014692856608905736,0.2496444569046042,0.22761194029850745,1.0267854392562914,7.067014215449763e-05,0.12756290268217282,0.0,0.0,0.3485989336712052,142,0.24647887323943662,1.3000303824849515,2.0033471566201793,126,0.20634920634920634,0.7388894069106074,-1.6547482229489754,203.29240572103706,0.016462028605185308,874,0.02032826536718957,0.5097628658504633,0.23569794050343248,1.069716443036488,0.0001923100929026143,0.09779934669581915,0.0,0.0,3.29240572103706,442,0.24660633484162897,1.0688643336375574,1.607051307642962,432,0.22453703703703703,1.0705488378589538,1.685354413394098
zero_cost_diagnostic,standard,atr2.5,B,205.12558810776792,0.025627940538839544,640,0.01437329721402203,1.15347404325405,0.2609375,1.157837304286964,0.00040063707555534087,0.112953804696774,0.0,0.0,5.125591382717962,315,0.273015873015873,1.075631847595107,1.18029430301927,325,0.24923076923076923,1.2338909284806943,3.945297079698695,200.4640049868641,0.002320024934320486,276,0.014949899642899611,0.3388630151836675,0.23550724637681159,1.0375364990535427,8.793025022340289e-05,0.11790674307462813,0.0,0.0,0.4640049868640743,147,0.24489795918367346,1.3012210360295124,1.9399438553633193,129,0.2248062015503876,0.7507351801019815,-1.4759388684992443,205.57314014503166,0.02786570072515837,915,0.015063550281231297,0.9134157874091651,0.253551912568306,1.1236619228060822,0.0003052397032616341,0.11459041499770876,0.0,0.0,5.573140145031657,461,0.2646420824295011,1.1419689222019456,3.141398518240213,454,0.2422907488986784,1.1060035773372878,2.4317416267914442
zero_cost_diagnostic,standard,atr2.5,R3,198.99519023294934,-0.005024048835253314,617,0.03321425285318025,-0.22997623701520217,0.24311183144246354,0.9788447524621533,-7.646123042205538e-05,-0.030280573556195033,0.0,0.0,-1.0048065899760295,301,0.2292358803986711,0.868074251417215,-2.933041768569349,316,0.2563291139240506,1.0763225799986111,1.9282351785933185,200.5082453148339,0.0025412265741695528,262,0.014746694053588527,0.4340163642473059,0.2595419847328244,1.0328852236556232,9.986565061691705e-05,0.03816793893129771,0.0,0.0,0.5082453148339309,140,0.2785714285714286,1.1702825444487988,1.367569585302657,122,0.23770491803278687,0.884249695732373,-0.8593242704687276,199.76667849844387,-0.001166607507780637,878,0.03321425285318025,-0.04008675131912336,0.24829157175398633,0.9962855353977829,-8.755703880910753e-06,-0.0068337129840546715,0.0,0.0,-0.2333215015561232,440,0.24545454545454545,0.9567078675727416,-1.3054105650852341,438,0.2511415525114155,1.0328249749937146,1.0720890635291134
zero_cost_diagnostic,standard,atr2.5,R5,195.61449455278984,-0.021927527236050848,504,0.03929331952743653,-0.8523487979331804,0.1626984126984127,0.8981617555307528,-0.00043271305626828847,-0.03111728945272288,0.0,0.0,-4.3855023241103215,249,0.1566265060240964,0.8734214622921824,-2.5223376974559724,255,0.16862745098039217,0.9194702637262239,-1.8631646266543502,201.59599477262645,0.007979973863132317,198,0.018204600470597576,1.0273176868019829,0.18181818181818182,1.1215336277918593,0.0004068377650642227,0.07559908841338729,0.0,0.0,1.5959947726264225,104,0.21153846153846154,1.4412112423032455,2.925283028685861,94,0.14893617021276595,0.7955572045150556,-1.3292882560594383,197.88218839389583,-0.010589058030520793,698,0.03929331952743653,-0.3046578218169518,0.16905444126074498,0.9619438985652429,-0.0001457370745771776,0.009983695567121321,0.0,0.0,-2.117811606104199,350,0.1742857142857143,1.0372733591669634,0.976732167736492,348,0.16379310344827586,0.8949048429919101,-3.0945437738406927
zero_cost_diagnostic,unicorn,struct,A,198.97692929274442,-0.0051153535362779,52,0.007074319395511952,-1.6940736837590455,0.17307692307692307,0.48471590992835234,-0.0009850981349720012,-0.10925928699554752,0.0,0.0,-1.0230707072555776,27,0.2222222222222222,0.7151284100339628,-0.23236993972961847,25,0.12,0.3240424698536922,-0.7907007675259593,199.98195370338237,-9.023148308817674e-05,22,0.002266464009307523,-0.09710565269718313,0.3181818181818182,0.9621648836317146,-4.049971660340898e-05,-0.07947502042357645,0.0,0.0,-0.01804629661763202,10,0.2,0.6474774332822942,-0.09087649987073057,12,0.4166666666666667,1.3322803843746234,0.07283020325309858,198.958975309314,-0.005205123453429938,74,0.007074319395511952,-1.3092906209890895,0.21621621621621623,0.5768161505445015,-0.0007042715781597172,-0.10040450504171824,0.0,0.0,-1.0410246906859901,37,0.21621621621621623,0.6989458451013946,-0.3227815741753705,37,0.21621621621621623,0.4824632906371847,-0.7182431165106196
zero_cost_diagnostic,unicorn,struct,B,198.99807650867132,-0.0050096174566434115,52,0.0066412530555318705,-2.0284177933987553,0.1346153846153846,0.4824027752498139,-0.0009649584968137876,-0.18921048568994758,0.0,0.0,-1.0019234913286637,27,0.14814814814814814,0.4925638890967644,-0.5053304592219262,25,0.12,0.47163644604669247,-0.4965930321067373,199.84511368354663,-0.0007744315822668657,22,0.0024414000335979402,-0.8799173292703196,0.22727272727272727,0.7154806821803629,-0.0003516321545414632,-0.31823436719291714,0.0,0.0,-0.15488631645335754,10,0.1,0.24223387465244287,-0.1987729131822048,12,0.3333333333333333,1.1555905973085592,0.04388659672884712,198.84396611341268,-0.005780169432936577,74,0.007351244385707223,-1.7227482970756518,0.16216216216216217,0.5333628473480417,-0.0007826182328949886,-0.2275689369475872,0.0,0.0,-1.1560338865873212,37,0.13513513513513514,0.4405798344442716,-0.7031075961483457,37,0.1891891891891892,0.6289075707510114,-0.45292629043897564
zero_cost_diagnostic,unicorn,struct,R3,199.47535181132753,-0.002623240943362415,52,0.004287624021823477,-0.9061330360210988,0.23076923076923078,0.7537401489892233,-0.0005036292691151468,-0.07692307692307693,0.0,0.0,-0.5246481886724739,27,0.2222222222222222,0.5600749650227314,-0.4439685192704754,25,0.24,0.9280464594982964,-0.08067966940199844,200.09773354869867,0.0004886677434934317,22,0.0019186410969386225,0.4926731978844308,0.2727272727272727,1.1480817113212132,0.00022301416890506195,0.09090909090909091,0.0,0.0,0.09773354869867046,10,0.2,0.6797482208868917,-0.11736429261924183,12,0.3333333333333333,1.7328158613477394,0.21509784131791226,199.5728289813797,-0.0021358550931015463,74,0.004287624021823477,-0.545973148312531,0.24324324324324326,0.8468224857646068,-0.00028760013889292244,-0.02702702702702703,0.0,0.0,-0.42717101862028983,37,0.21621621621621623,0.5918943123313258,-0.5610249370720297,37,0.2702702702702703,1.0946615098226558,0.13385391845173988
zero_cost_diagnostic,unicorn,struct,R5,198.54989529905723,-0.0072505235047138905,52,0.0076688642687196,-2.3896089306156107,0.11538461538461539,0.41030189750296847,-0.0013981337469163892,-0.3076923076923077,0.0,0.0,-1.4501047009427883,27,0.1111111111111111,0.3274455712092241,-0.7547832519453402,25,0.12,0.47986104431051674,-0.6953214489974481,199.69157733590626,-0.0015421133204687187,22,0.00473051525251178,-1.0672549930767705,0.09090909090909091,0.6195845975423431,-0.0007002724410448142,-0.45454545454545453,0.0,0.0,-0.30842266409375524,10,0.1,0.23009676197021028,-0.33031688319093233,12,0.08333333333333333,1.0573574388477784,0.021894219097177092,198.24370886073885,-0.008781455696305729,74,0.011099052091737005,-1.9640985012179262,0.10810810810810811,0.4619101851420675,-0.0011906614667924074,-0.35135135135135137,0.0,0.0,-1.7562911392611453,37,0.10810810810810811,0.3006637075735731,-1.082705164810693,37,0.10810810810810811,0.6074095440726128,-0.6735859744504524
zero_cost_diagnostic,unicorn,atr1.5,A,199.33819148614495,-0.0033090425692752223,50,0.005203358582396511,-1.2787773022382467,0.2,0.5946210963942178,-0.0006621742156626088,-0.22635744433461888,0.0,0.0,-0.6618085138550394,25,0.24,0.7378629851166751,-0.20752070830459543,25,0.16,0.45977154467958653,-0.4542878055504438,199.96388780639342,-0.00018056096803287236,22,0.002330018089584218,-0.19742319346110637,0.3181818181818182,0.9270489166948601,-8.156010011298546e-05,-0.2340954790129184,0.0,0.0,-0.03611219360658155,10,0.2,0.6012532170011056,-0.11069614497732329,12,0.4166666666666667,1.3430579906786009,0.07458395137074178,199.30219878932428,-0.0034890060533786516,72,0.005203358582396511,-0.9950257374159708,0.2361111111111111,0.671769539785323,-0.00048476434702244626,-0.22872184381965482,0.0,0.0,-0.6978012106757068,35,0.22857142857142856,0.7024821916184878,-0.31785055502593407,37,0.24324324324324326,0.6407451876967005,-0.37995065564977254
zero_cost_diagnostic,unicorn,atr1.5,B,199.33884597414118,-0.0033057701292941166,51,0.004829627447483165,-1.3789281877174195,0.17647058823529413,0.6061179472922359,-0.0006485945009090477,-0.26033338044838505,0.0,0.0,-0.661154025858842,27,0.18518518518518517,0.5997291099993907,-0.37010865651641495,24,0.16666666666666666,0.6139536123452218,-0.291045369342427,199.8183911112166,-0.0009080444439169,22,0.0025482169982474767,-1.0390028085990028,0.22727272727272727,0.6819845815488029,-0.00041240650613787817,-0.2777548119886429,0.0,0.0,-0.18160888878340642,10,0.1,0.22364163921518387,-0.22058369980531944,12,0.3333333333333333,1.1358275639863853,0.03897481102191305,199.1578374425975,-0.004210812787012519,73,0.005609442153683086,-1.286423576584304,0.1917808219178082,0.625329196638475,-0.0005774145572793802,-0.2655836748851751,0.0,0.0,-0.8421625574024939,37,0.16216216216216217,0.5115521051804512,-0.5899631573159088,36,0.2222222222222222,0.757479050502058,-0.25219940008658515
zero_cost_diagnostic,unicorn,atr1.5,R3,200.3992814589269,0.0019964072946345723,48,0.0032095082002483455,0.7358645895877584,0.2708333333333333,1.2314695887309384,0.0004167775500630222,0.08333333333333333,0.0,0.0,0.3992814589268928,25,0.24,0.839297432103272,-0.1573676207946023,23,0.30434782608695654,1.7464417252993087,0.5566490797214951,199.93753538276246,-0.00031232308618767135,21,0.0025826690662682505,-0.3187883940848467,0.23809523809523808,0.9034246467544239,-0.00014805065763466615,-0.047619047619047616,0.0,0.0,-0.06246461723756097,9,0.1111111111111111,0.4230349949093695,-0.20747701112830394,12,0.3333333333333333,1.504924858562118,0.14501239389074289,200.33669213687185,0.001683460684359206,69,0.0032095082002483455,0.45643847354197464,0.2608695652173913,1.1418802590965635,0.0002448733129376387,0.043478260869565216,0.0,0.0,0.3366921368718221,34,0.20588235294117646,0.7273305243120245,-0.3652588405413917,35,0.3142857142857143,1.6791937944792108,0.7019509774132138
zero_cost_diagnostic,unicorn,atr1.5,R5,199.13589094316822,-0.004320545284158928,48,0.005057451947350744,-1.429676615655554,0.125,0.600932629172836,-0.0009009083627434031,-0.25,0.0,0.0,-0.8641090568317831,25,0.12,0.42933067684939397,-0.6567561594275751,23,0.13043478260869565,0.7956044703965349,-0.20735289740420798,200.32721310323035,0.0016360655161518078,21,0.002533694951256882,1.1572643821779167,0.23809523809523808,1.5054404445019034,0.0007800543544678207,0.42857142857142855,0.0,0.0,0.3272131032303399,9,0.1111111111111111,0.704370329429283,-0.1064124692958694,12,0.3333333333333333,2.5086291951176065,0.4336255725262093,199.46169030736849,-0.002691548463157556,69,0.005057451947350744,-0.6040264669033476,0.15942028985507245,0.8084243273482674,-0.00038931101402694355,-0.043478260869565216,0.0,0.0,-0.5383096926315203,34,0.11764705882352941,0.4946434948429672,-0.7627088688310525,35,0.2,1.1725275342476706,0.22439917619953217
zero_cost_diagnostic,unicorn,atr2,A,199.6395341654688,-0.001802329172655992,50,0.0055670504804928855,-0.5867793699395659,0.26,0.7988499874033945,-0.0003596922120648788,-0.12612881952638536,0.0,0.0,-0.3604658345311931,25,0.36,1.342188793638276,0.2664353518505996,25,0.16,0.3813906537910461,-0.6269011863817926,199.82007611137163,-0.0008996194431418747,22,0.003006937198582693,-0.9343300076185673,0.3181818181818182,0.7182626824721815,-0.00040850444165473797,-0.3132938179982782,0.0,0.0,-0.17992388862834743,10,0.2,0.473328378696277,-0.1856911683033518,12,0.4166666666666667,1.0201619297958568,0.0057672796750044,199.45993455891377,-0.002700327205431119,72,0.0055670504804928855,-0.6647716358207575,0.2777777777777778,0.7777048109416581,-0.00037460705999511353,-0.1833181246150193,0.0,0.0,-0.540065441086208,35,0.3142857142857143,1.0717156434718238,0.08107886015698573,37,0.24324324324324326,0.5218054720192032,-0.6211443012431934
zero_cost_diagnostic,unicorn,atr2,B,199.530490780552,-0.002347546097240083,51,0.0048101369498335655,-0.8024486007520488,0.21568627450980393,0.7532339710423327,-0.0004597829179506513,-0.16400673438547705,0.0,0.0,-0.46950921944802837,27,0.25925925925925924,0.9791983006034881,-0.02062015210997599,24,0.16666666666666666,0.5074605341979167,-0.44888906733805245,199.65864856083778,-0.0017067571958111483,22,0.0033050371685537927,-1.818417085161804,0.22727272727272727,0.5327487849838813,-0.0007758500312604485,-0.36264761728635614,0.0,0.0,-0.34135143916222327,10,0.1,0.17790320299739887,-0.29347494296443055,12,0.3333333333333333,0.8718402300088909,-0.04787649619779272,199.18994067962856,-0.004050296601857184,73,0.005361947401736122,-1.042696048641784,0.2191780821917808,0.6921666559112625,-0.0005550360205919601,-0.2238711100542351,0.0,0.0,-0.8100593203714591,37,0.21621621621621623,0.7674024124507383,-0.3134061491174126,36,0.2222222222222222,0.6132191646756742,-0.4966531712540466
zero_cost_diagnostic,unicorn,atr2,R3,199.59652367208406,-0.0020173816395796518,48,0.0060019093936601875,-0.5938605680781452,0.20833333333333334,0.8404665752047747,-0.00041885254587532345,-0.16666666666666666,0.0,0.0,-0.4034763279159462,25,0.24,0.8406447729365168,-0.20759216888768,23,0.17391304347826086,0.8402772910869377,-0.19588415902826609,199.9165880272356,-0.0004170598638220113,21,0.003316625654501748,-0.31500140785260855,0.23809523809523808,0.9032742153551081,-0.00019740087684622264,-0.047619047619047616,0.0,0.0,-0.08341197276439577,9,0.1111111111111111,0.4230516142049565,-0.2766059165529804,12,0.3333333333333333,1.5045204840691953,0.19319394378858468,199.51327997310204,-0.0024336001344897884,69,0.0060019093936601875,-0.5160261698087819,0.21739130434782608,0.8564128070397038,-0.00035145421182298847,-0.13043478260869565,0.0,0.0,-0.48672002689796573,34,0.20588235294117646,0.7284694699990257,-0.4836400657432071,35,0.22857142857142856,0.9980852618946567,-0.0030799611547586148
zero_cost_diagnostic,unicorn,atr2,R5,199.20022745279476,-0.003998862736026232,47,0.007830706261116815,-0.8916844860990616,0.1276595744680851,0.7086034029821068,-0.0008501194680022701,-0.23404255319148937,0.0,0.0,-0.7997725472052346,25,0.16,0.7736447165348498,-0.32639467830146324,22,0.09090909090909091,0.6366070941343583,-0.4733778689037715,199.83156979457607,-0.0008421510271197086,21,0.005253859053571008,-0.44220912855644107,0.14285714285714285,0.825054228858915,-0.00039907744718662867,-0.14285714285714285,0.0,0.0,-0.16843020542392145,9,0.1111111111111111,0.7054005321889585,-0.1411766212598366,12,0.16666666666666666,0.9436375126092831,-0.0272535841640848,199.03247077664295,-0.004837646116785277,68,0.008193357144896551,-0.7591635828335658,0.1323529411764706,0.7387545339494818,-0.0007108270792209695,-0.20588235294117646,0.0,0.0,-0.9675292233570651,34,0.14705882352941177,0.7566730975155722,-0.4670067536313458,34,0.11764705882352941,0.7194803530859432,-0.5005224697257193
zero_cost_diagnostic,unicorn,atr2.5,A,199.35970979640865,-0.003201451017956769,50,0.006891905148508459,-1.0013444430703546,0.26,0.6907420555319576,-0.0006401010450776352,-0.17836808284023375,0.0,0.0,-0.6402902035913447,25,0.36,1.1435247921073504,0.13102547880441917,25,0.16,0.3336345131778577,-0.7713156823957638,200.03589696109253,0.00017948480546259304,22,0.0031361389286969077,0.16228781688709076,0.4090909090909091,1.055758290268391,8.238712989297616e-05,-0.07850967164957351,0.0,0.0,0.035896961092530766,10,0.3,0.6601926301202199,-0.11441899447168785,12,0.5,1.489503004549518,0.15031595556421867,199.39549183513856,-0.003022540824307196,72,0.006891905148508459,-0.6974454522312827,0.3055555555555556,0.7771105222151055,-0.00041934076939217034,-0.14785579053197648,0.0,0.0,-0.6045081648614452,35,0.34285714285714286,1.013593990431375,0.01697279113905633,37,0.2702702702702703,0.575372830979655,-0.6214809560005017
zero_cost_diagnostic,unicorn,atr2.5,B,199.64211133035892,-0.0017894433482054106,51,0.004621437548287921,-0.5524834101783309,0.2549019607843137,0.8277139439936214,-0.0003498588351658539,-0.058857020660240435,0.0,0.0,-0.35788866964109517,27,0.2962962962962963,1.1114500321120686,0.12134235158203231,24,0.20833333333333334,0.5152099728604822,-0.47923102122312755,199.925111134737,-0.00037444432631505986,22,0.0033258249336686196,-0.3338398802154809,0.3181818181818182,0.8936949198548158,-0.00016940175160189244,-0.08009593361980456,0.0,0.0,-0.07488886526303101,10,0.2,0.3828812600583471,-0.1960192051203906,12,0.4166666666666667,1.3131317552595723,0.12113033985735969,199.5673564744777,-0.0021632176276115134,73,0.004838144836831426,-0.49475810982436635,0.273972602739726,0.8444010344546744,-0.00029547450861233123,-0.06525778894942418,0.0,0.0,-0.4326435255223263,37,0.2702702702702703,0.9471300219819032,-0.07432608827563503,36,0.2777777777777778,0.7393440808577483,-0.3583174372466914
zero_cost_diagnostic,unicorn,atr2.5,R3,199.20633152289815,-0.003968342385509249,48,0.007029396554244838,-0.9343611911063185,0.22916666666666666,0.7541534944465469,-0.0008259940187193886,-0.08333333333333333,0.0,0.0,-0.7936684771018236,25,0.28,0.9096389504933043,-0.144329216018559,23,0.17391304347826086,0.6018909143559785,-0.6493392610832648,200.43894736051618,0.0021947368025809766,21,0.004091809646824762,1.2967346518936482,0.3333333333333333,1.4657257755699875,0.0010463865837826115,0.3333333333333333,0.0,0.0,0.43894736051618066,9,0.2222222222222222,1.0190495007406435,0.009725716519661823,12,0.4166666666666667,1.9936788596215995,0.42922164399651885,199.6435369899986,-0.0017823150500069218,69,0.007473175195837012,-0.29738243774112594,0.2608695652173913,0.9144571693647604,-0.0002561390527405189,0.043478260869565216,0.0,0.0,-0.35646301000138675,34,0.2647058823529412,0.9360605192307041,-0.13464209447199152,35,0.2571428571428571,0.892387675592161,-0.22182091552939515
zero_cost_diagnostic,unicorn,atr2.5,R5,198.95575370032395,-0.005221231498380274,46,0.009045025633241499,-0.9836942829510725,0.13043478260869565,0.691505258625392,-0.00113434873165927,-0.21739130434782608,0.0,0.0,-1.0442462996760409,25,0.16,0.7168263879575357,-0.515091258661823,21,0.09523809523809523,0.6620929743772648,-0.5291550410142181,199.833722274014,-0.00083138862992993,19,0.006602297416881786,-0.4846589255349686,0.15789473684210525,0.8418051887849163,-0.0004352474892578526,-0.21217792074470096,0.0,0.0,-0.1662777259859695,8,0.125,0.8240419924210393,-0.09457122050064964,11,0.18181818181818182,0.8603926773770804,-0.07170650548531984,198.79034414883836,-0.006048279255808198,65,0.01167060934073938,-0.8566594913300976,0.13846153846153847,0.7269757005397837,-0.0009299960608034711,-0.2158673922176818,0.0,0.0,-1.2096558511616138,33,0.15151515151515152,0.7411816059510898,-0.6091687009271545,32,0.125,0.710877021081191,-0.6004871502344594
